app_id,name,release_date,coming_soon,price_usd,is_free,discount_pct,developer,publisher,genres,categories,tags,platforms_win,platforms_mac,platforms_linux,recommendations,positive_reviews,negative_reviews,estimated_owners,avg_playtime_forever,avg_playtime_2weeks,median_playtime,peak_ccu,required_age,dlc_count,achievements,release_year,release_month,estimated_owners_mid,is_free_clean,price_log,recommendations_scaled,avg_playtime_forever_scaled,dlc_count_scaled,achievements_scaled,release_year_scaled,primary_genre,total_reviews,review_score
794260,Outward Definitive Edition,2022-05-17,False,4.79,False,88,Nine Dots Studio,"Prime Matter, Deep Silver",RPG,"Single-player, Multi-player, Co-op, Online Co-op, Shared/Split Screen Co-op, Shared/Split Screen, Steam Achievements, Full controller support, Steam Trading Cards, Stats, Remote Play Together, Family Sharing","RPG, Open World, Survival, Co-op, Online Co-Op, Local Co-Op, Souls-like, Split Screen, Fantasy, Adventure",True,False,False,23986,20738,7717,"1,000,000 .. 2,000,000",1332,824,465,469,0,1,72,2022,5,1500000.0,False,1.7561322915849038,0.0266968189878063,0.010072848747377327,-0.09984655995698968,0.2181383868890859,1.0400098198119392,RPG,28455,0.7287998594271657
253920,Gorky 17,2013-09-27,False,9.99,False,0,Metropolis Software,TopWare Interactive,"RPG, Strategy","Single-player, Steam Trading Cards, Family Sharing","RPG, Strategy, Turn-Based, Classic, Horror, Post-apocalyptic, Singleplayer, Turn-Based Strategy, Isometric, Tactical",True,True,True,909,1616,411,"200,000 .. 500,000",301,0,328,61,17,2,0,2013,9,350000.0,False,2.39698576841553,-0.1354618420711035,-0.3005347632225627,-0.05760269267919593,-0.3453586044247277,-1.0190989186448345,RPG,2027,0.7972372964972866
613010,Secret in Story,2017-06-19,False,0.89,False,10,Naivus Luo,Naivus Luo,"Adventure, Indie","Single-player, Steam Achievements, Steam Trading Cards, Family Sharing","Indie, Adventure, Visual Novel",True,True,False,0,79,35,"2,000,000 .. 5,000,000",251,0,243,0,0,0,32,2017,6,3500000.0,False,0.636576829071551,-0.14184925043885277,-0.31559817796407286,-0.14209042723478343,-0.09491549717414388,-0.10393947933071283,Adventure,114,0.6929824561403509
892420,懒人修仙传,2018-11-14,False,3.99,False,0,托更的修罗,托更的修罗,"Casual, Indie, RPG, Simulation","Single-player, Family Sharing","Simulation, Casual, RPG, Indie, Word Game, Idler",True,False,False,1169,769,509,"200,000 .. 500,000",5786,0,9223,41,0,0,0,2018,11,350000.0,False,1.6074359097634274,-0.1336348605797781,1.3519218339211043,-0.14209042723478343,-0.3453586044247277,0.12485038049781758,Casual,1278,0.6017214397496088
914010,Train Station Renovation,2020-10-01,False,18.99,False,0,Live Motion Games,"Live Motion Games, Frozen Way, PlayWay S.A., Frozen District","Casual, Indie, Simulation","Single-player, Steam Achievements, Steam Cloud, Family Sharing","Simulation, Casual, Indie, Trains, First-Person, Singleplayer, Building, Realistic, Relaxing, Family Friendly",True,False,False,1948,2154,466,"200,000 .. 500,000",448,0,201,16,0,1,73,2020,10,350000.0,False,2.995232148512309,-0.1281609429576916,-0.2562483238825227,-0.09984655995698968,0.22596473399066666,0.5824301001548784,Casual,2620,0.8221374045801527
352550,Urban Empire,2017-01-20,False,2.99,False,90,Reborn Games,Kalypso Media Digital,"Simulation, Strategy","Single-player, Steam Achievements, Steam Trading Cards, Steam Cloud, Family Sharing","Strategy, Simulation, City Builder, Politics, Political Sim, Management, Economy, Historical, RPG, Political",True,False,False,1903,834,1620,"200,000 .. 500,000",114,0,104,3,0,0,74,2017,1,350000.0,False,1.3837912309017721,-0.1284771512927287,-0.35687193435581077,-0.14209042723478343,0.23379108109224742,-0.10393947933071283,Simulation,2454,0.33985330073349634
247020,"Cook, Serve, Delicious!",2013-10-08,False,12.99,False,0,Vertigo Gaming Inc.,Vertigo Gaming Inc.,"Action, Indie, Simulation, Strategy","Single-player, Multi-player, Co-op, Shared/Split Screen Co-op, Shared/Split Screen, Steam Achievements, Full controller support, Steam Trading Cards, Adjustable Difficulty, Mouse Only Option, Steam Cloud, Steam Leaderboards, Remote Play on TV, Remote Play Together, Family Sharing","Indie, Time Management, Typing, Difficult, Management, Cooking, Arcade, Strategy, 2D, Funny",True,True,True,3710,5311,309,"500,000 .. 1,000,000",491,0,233,7,0,1,52,2013,10,750000.0,False,2.63834278867739,-0.11577962992801706,-0.24329378720482397,-0.09984655995698968,0.06161144485747102,-1.0190989186448345,Action,5620,0.945017793594306
253940,Septerra Core,2013-09-27,False,7.99,False,0,Unknown,Topware Interactive,RPG,"Single-player, Steam Trading Cards, Steam Cloud, Family Sharing","RPG, Turn-Based, JRPG, Singleplayer, Isometric, Female Protagonist, Classic, Sci-fi, Story Rich, Adventure",True,True,True,576,893,289,"200,000 .. 500,000",348,0,300,4,0,2,0,2013,9,350000.0,False,2.196112848483529,-0.137801783750378,-0.2863751533655431,-0.05760269267919593,-0.3453586044247277,-1.0190989186448345,RPG,1182,0.7554991539763113
1846170,Iron Lung,2022-03-09,False,7.99,False,0,David Szymanski,David Szymanski,"Adventure, Indie, Simulation","Single-player, Steam Achievements, Steam Trading Cards, Camera Comfort, Playable without Timed Input, Stereo Sound, Partial Controller Support, Steam Cloud, Family Sharing","Horror, Atmospheric, Psychological Horror, Submarine, Underwater, Short, Indie, Pixel Graphics, Minimalist, Adventure",True,False,False,9597,7529,641,"200,000 .. 500,000",84,0,83,3,0,1,7,2022,3,350000.0,False,2.196112848483529,-0.07441255285327587,-0.3659099832007169,-0.09984655995698968,-0.2905741747136625,1.0400098198119392,Adventure,8170,0.9215422276621787
260210,Assassin’s Creed® Liberation HD,2014-01-15,False,19.99,False,0,Ubisoft Sofia,Ubisoft,"Action, Adventure","Single-player, Steam Achievements","Action, Female Protagonist, Open World, Stealth, Adventure, Assassin, Third Person, Parkour, Singleplayer, Historical",True,False,False,2955,1596,1374,"200,000 .. 500,000",265,0,113,6,17,0,30,2014,1,350000.0,False,3.0440461338325417,-0.12108490310475047,-0.31138042183645,-0.14209042723478343,-0.11056819137730538,-0.7903090588163041,Action,2970,0.5373737373737374
251530,Anomaly Korea,2013-11-06,False,4.99,False,0,11 bit studios,11 bit studios,"Action, Strategy","Single-player, Family Sharing","Strategy, Action, Tower Defense, Sci-fi, Indie, Singleplayer, Top-Down, RTS",True,True,True,222,615,169,"200,000 .. 500,000",201,0,193,0,0,0,35,2013,11,350000.0,False,1.7900914121273581,-0.14028928931933643,-0.33066159270558304,-0.14209042723478343,-0.07143645586940164,-1.0190989186448345,Action,784,0.7844387755102041
34330,Total War: SHOGUN 2,2011-03-15,False,5.99,False,80,"CREATIVE ASSEMBLY, Feral Interactive (Mac), Feral Interactive (Linux)","SEGA, Feral Interactive (Mac), Feral Interactive (Linux)",Strategy,"Single-player, Multi-player, PvP, Online PvP, LAN PvP, Co-op, Online Co-op, LAN Co-op, Steam Achievements, Steam Trading Cards, Camera Comfort, Custom Volume Controls, Adjustable Difficulty, Playable without Timed Input, Save Anytime, Stereo Sound, Steam Cloud, Valve Anti-Cheat enabled, Stats, Family Sharing","Strategy, Historical, Turn-Based Strategy, RTS, Grand Strategy, Tactical, Singleplayer, Real Time Tactics, Multiplayer, Diplomacy",True,True,True,37113,22620,2332,"2,000,000 .. 5,000,000",2536,828,402,1807,0,8,106,2011,3,3500000.0,False,1.944480556245719,0.11893830374407051,0.37279987572294254,0.19586051098756663,0.4842341883428313,-1.4766786383018953,Strategy,24952,0.9065405578711125
444090,Paladins®,2018-05-08,False,0.0,True,0,Evil Mojo Games,Hi-Rez Studios,"Action, Adventure, Massively Multiplayer, Strategy, Free To Play","Multi-player, PvP, Online PvP, Cross-Platform Multiplayer, Steam Achievements, Full controller support, Steam Trading Cards, In-App Purchases, Remote Play on Phone, Remote Play on Tablet",Unknown,True,False,False,8741,0,0,,0,0,0,0,0,8,58,2018,5,750000.0,True,0.0,-0.08042753807087032,-0.39121651996645396,0.19586051098756663,0.10856952746695549,0.12485038049781758,Action,0,0.8471660663060372
736260,Baba Is You,2019-03-13,False,14.99,False,0,Hempuli Oy,Hempuli Oy,Indie,"Single-player, Steam Achievements, Partial Controller Support, Steam Cloud, Remote Play on Phone, Remote Play on Tablet, Remote Play on TV, Family Sharing","Puzzle, Indie, Difficult, Singleplayer, Logic, Pixel Graphics, Cute, Programming, 2D, Sokoban",True,True,True,20245,21441,480,"1,000,000 .. 2,000,000",813,120,317,269,0,1,18,2019,3,1500000.0,False,2.771963526845863,0.0004093660683894932,-0.14628539626949838,-0.09984655995698968,-0.2044843565962743,0.353640240326348,Indie,21921,0.9781031887231422
867210,Songs of Conquest,2024-05-20,False,29.99,False,0,Lavapotion,Coffee Stain Publishing,"Adventure, RPG, Strategy","Single-player, Multi-player, PvP, Online PvP, Shared/Split Screen PvP, Co-op, Online Co-op, Shared/Split Screen Co-op, Shared/Split Screen, Cross-Platform Multiplayer, Steam Achievements, Full controller support, Captions available, Steam Cloud, Includes level editor, Remote Play Together, Family Sharing","Local Multiplayer, Turn-Based Tactics, 4X, Tactical, Turn-Based Strategy, Turn-Based Combat, Fantasy, Strategy RPG, Strategy, Pixel Graphics",True,True,False,11821,10044,1632,"1,000,000 .. 2,000,000",771,20,194,121,0,7,69,2024,5,1500000.0,False,3.433664571799657,-0.058784834250553884,-0.15893866465236695,0.15361664370977285,0.1946593455843437,1.497589539469,Adventure,11676,0.8602261048304214
350640,Sherlock Holmes: The Devil's Daughter,2016-06-10,False,2.99,False,90,Frogwares,Frogwares,"Action, Adventure","Single-player, Steam Achievements, Full controller support, Steam Trading Cards, Steam Cloud, Remote Play on TV, Family Sharing","Adventure, Detective, Mystery, Story Rich, Puzzle, Crime, Thriller, Singleplayer, Third Person, Atmospheric",True,False,False,11848,10985,2803,"1,000,000 .. 2,000,000",322,0,200,21,0,1,25,2016,6,1500000.0,False,1.3837912309017721,-0.05859510924953163,-0.29420812903112836,-0.09984655995698968,-0.14969992688520908,-0.33272933915924324,Action,13788,0.7967072816942269
1409250,Harmless Demons,2020-09-25,False,4.99,False,0,Percepied,Percepied,Indie,"Single-player, Family Sharing","Experimental, Puzzle, Investigation, 2D, Rogue-lite, Science, Demons, Mining, Detective, Lovecraftian",True,False,False,0,2,1,"200,000 .. 500,000",0,0,0,0,0,0,0,2020,9,350000.0,False,1.7900914121273581,-0.14184925043885277,-0.39121651996645396,-0.14209042723478343,-0.3453586044247277,0.5824301001548784,Indie,3,0.6666666666666666
378100,Nyctophobia,2015-08-25,False,1.99,False,0,Lightning Man Media,Lightning Man Media ,"Adventure, Indie","Single-player, Steam Achievements, Steam Trading Cards, Family Sharing","Indie, Adventure, Horror",True,True,False,0,273,336,"200,000 .. 500,000",233,0,216,0,0,0,11,2015,8,350000.0,False,1.095273387402595,-0.14184925043885277,-0.3210210072710165,-0.14209042723478343,-0.2592687863073395,-0.5615191989877737,Adventure,609,0.4482758620689655
253250,Stonehearth,2018-07-25,False,19.99,False,0,Radiant Entertainment,(none),"Indie, Simulation, Strategy","Single-player, Multi-player, PvP, Online PvP, Shared/Split Screen PvP, Co-op, Online Co-op, Shared/Split Screen Co-op, Steam Trading Cards, Steam Workshop, Remote Play Together, Family Sharing","Colony Sim, City Builder, Building, Sandbox, Strategy, Survival, Simulation, Crafting, Voxel, Early Access",True,True,False,10570,9621,3108,"500,000 .. 1,000,000",1933,0,511,68,0,1,0,2018,7,750000.0,False,3.0440461338325417,-0.067575425964585,0.19113509394032974,-0.09984655995698968,-0.3453586044247277,0.12485038049781758,Indie,12729,0.7558331369314164
880940,Pummel Party,2018-09-20,False,14.99,False,0,Rebuilt Games,Rebuilt Games,"Action, Casual, Indie","Single-player, Multi-player, PvP, Online PvP, Shared/Split Screen PvP, Shared/Split Screen, Steam Achievements, Full controller support, Steam Workshop, Includes level editor, Remote Play on Phone, Remote Play on Tablet, Remote Play on TV, Remote Play Together, Family Sharing","Multiplayer, Funny, Online Co-Op, 4 Player Local, Board Game, Party Game, Minigames, Local Multiplayer, Casual, Co-op",True,False,False,45276,47800,6014,"2,000,000 .. 5,000,000",730,111,456,1096,0,0,31,2018,9,3500000.0,False,2.771963526845863,0.17629849571979878,-0.17129066474040527,-0.14209042723478343,-0.10274184427572462,0.12485038049781758,Action,53814,0.8882446946891144
478980,Mansions of Madness,2016-08-01,False,0.0,True,0,Fantasy Flight Games,Fantasy Flight Games,"Adventure, Strategy","Single-player, Multi-player, Co-op, Shared/Split Screen, Remote Play Together","Adventure, Strategy, Board Game, Lovecraftian, Free to Play, Card Game, Horror, Co-op, Tabletop, Multiplayer",True,True,False,0,1102,86,"200,000 .. 500,000",665,0,424,19,0,4,0,2016,8,350000.0,True,0.0,-0.14184925043885277,-0.1908731039043685,0.026885041876391583,-0.3453586044247277,-0.33272933915924324,Adventure,1188,0.9276094276094277
349440,The Undying Plague,2015-04-10,False,0.49,False,90,Pixel Theory Games,SA Industry,"Action, Indie","Single-player, Steam Trading Cards, Stats, Family Sharing","Indie, Action, Zombies",True,False,False,119,75,95,"200,000 .. 500,000",337,0,344,0,0,0,0,2015,4,350000.0,False,0.3987761199573678,-0.1410130550639769,-0.2896891046086753,-0.14209042723478343,-0.3453586044247277,-0.5615191989877737,Action,170,0.4411764705882353
1372280,MELTY BLOOD: TYPE LUMINA,2021-09-29,False,49.99,False,0,"FRENCH-BREAD, TYPE-MOON, Lasengle Inc., TAMSOFT CORPORATION, GameLoop Inc.",Lasengle Inc.,Action,"Single-player, Multi-player, PvP, Online PvP, Shared/Split Screen PvP, Shared/Split Screen, Steam Achievements, Steam Trading Cards, Partial Controller Support, Family Sharing","Fighting, 2D Fighter, Anime, Pixel Graphics, Vampire, Arcade, Multiplayer, Competitive, PvP, Story Rich",True,False,False,8825,8484,1118,"500,000 .. 1,000,000",393,0,343,42,0,22,40,2021,9,750000.0,False,3.9316295350670645,-0.07983728251213441,-0.2728180800981839,0.7872746528766792,-0.032304720361497924,0.8112199599834088,Action,9602,0.883565923765882
1265920,Life is Strange Remastered,2022-02-01,False,39.99,False,0,Deck Nine,Square Enix,"Action, Adventure","Single-player, Steam Achievements, Full controller support, Custom Volume Controls, Stereo Sound, Subtitle Options, Family Sharing","Choices Matter, Story Rich, Female Protagonist, LGBTQ+, Multiple Endings, Romance, Emotional, Third Person, Drama, Adventure",True,False,False,7689,5345,655,"200,000 .. 500,000",548,5,417,103,17,1,60,2022,2,350000.0,False,3.7133281345162463,-0.08781978625884852,-0.22612149439950235,-0.09984655995698968,0.12422222167011698,1.0400098198119392,Action,6000,0.8908333333333334
3910,Sid Meier's Civilization® III Complete,2006-10-25,False,4.99,False,0,Firaxis Games,2K,Strategy,"Single-player, Multi-player, Includes level editor, Family Sharing","Strategy, Turn-Based Strategy, Turn-Based, Classic, 4X, Historical, Singleplayer, Multiplayer, Replay Value, Grand Strategy",True,False,False,5546,6485,746,"1,000,000 .. 2,000,000",857,0,22,1383,0,0,0,2006,10,1500000.0,False,1.7900914121273581,-0.10287832985850376,-0.13302959129696942,-0.14209042723478343,-0.3453586044247277,-2.620627937444547,Strategy,7231,0.8968330797953257
34010,Alpha Protocol™,2010-06-01,False,19.99,False,0,Obsidian Entertainment,SEGA,"Action, RPG","Single-player, Family Sharing","RPG, Stealth, Choices Matter, Action, Multiple Endings, Third Person, Character Customization, Story Rich, Singleplayer, Third-Person Shooter",True,False,False,3372,3988,923,"500,000 .. 1,000,000",366,0,78,10,17,0,0,2010,6,750000.0,False,3.0440461338325417,-0.1181547058667401,-0.28095232405859943,-0.14209042723478343,-0.3453586044247277,-1.7054684981304258,Action,4911,0.8120545713703929
289650,Assassin's Creed® Unity,2014-11-11,False,29.99,False,0,Ubisoft,Ubisoft,"Action, Adventure","Single-player, Multi-player, Co-op, Steam Achievements, In-App Purchases, Custom Volume Controls, Adjustable Difficulty, Mouse Only Option, Playable without Timed Input, Save Anytime, Stereo Sound, Surround Sound, Partial Controller Support","Open World, Parkour, Assassin, Co-op, Stealth, Historical, Action, Adventure, Multiplayer, Third Person",True,False,False,75877,58065,16229,"2,000,000 .. 5,000,000",990,48,512,373,17,2,57,2014,11,3500000.0,False,3.433664571799657,0.39132719039691016,-0.09296090808455233,-0.05760269267919593,0.10074318036537475,-0.7903090588163041,Action,74294,0.7815570570974776
401190,Dinosaur Hunt,2015-09-17,False,0.99,False,0,Racing Bros,ANPA.US,"Action, Adventure, Indie, Simulation","Single-player, Multi-player, Co-op, Steam Achievements, Full controller support, Steam Trading Cards, Steam Leaderboards, Family Sharing","Dinosaurs, Action, Indie, Adventure, Multiplayer, Simulation, Shooter, Open World, FPS, Hunting",True,True,True,3351,2576,1273,"200,000 .. 500,000",163,0,174,0,0,10,1079,2015,9,350000.0,False,0.688134638736401,-0.11830226975642406,-0.34210978790913077,0.28034824554315413,8.099269918180896,-0.5615191989877737,Action,3849,0.6692647440893739
619820,Heroes of Hammerwatch II,2025-01-14,False,19.99,False,0,Crackshell,Team17,"Action, Indie, RPG","Single-player, Multi-player, Co-op, Online Co-op, Steam Achievements, Full controller support, Steam Trading Cards, Steam Cloud, Family Sharing","RPG, Action RPG, Action Roguelike, Action, Rogue-like, Dungeon Crawler, Adventure, Rogue-lite, Procedural Generation, Hack and Slash",True,False,False,5396,3684,612,"1,000,000 .. 2,000,000",1565,0,1155,144,0,0,37,2025,1,1500000.0,False,3.0440461338325417,-0.10393235764196072,0.08026836144281478,-0.14209042723478343,-0.055783761666240154,1.7263793992975305,Action,4296,0.8575418994413407
3358510,再刷一把2：金色传说,2024-12-31,False,9.99,False,0,滑稽工作室,滑稽工作室,"Adventure, Indie, RPG, Strategy","Single-player, Steam Achievements, Full controller support, Captions available, Family Sharing","Adventure, Loot, RPG, Action RPG, Linear, Turn-Based Strategy, Strategy, Pixel Graphics, Character Customization, Strategy RPG",True,False,False,2733,1184,1520,"200,000 .. 500,000",26016,0,33638,172,0,1,100,2024,12,350000.0,False,2.39698576841553,-0.12264486422426678,7.446579438336125,-0.09984655995698968,0.4372761057333468,1.497589539469,Adventure,2704,0.4378698224852071
256370,MXGP - The Official Motocross Videogame,2014-03-28,False,9.99,False,0,Milestone S.r.l.,Milestone S.r.l.,"Racing, Simulation, Sports","Single-player, Multi-player, Steam Achievements, Partial Controller Support, Steam Cloud, Family Sharing","Racing, Sports, Simulation, Motocross, Offroad, Motorbike, Multiplayer, Action, Bikes, Realistic",True,False,False,1271,1272,309,"200,000 .. 500,000",28,0,37,4,0,0,48,2014,3,350000.0,False,2.39698576841553,-0.13291812168702738,-0.38278100771120827,-0.14209042723478343,0.030306056451148037,-0.7903090588163041,Racing,1581,0.8045540796963947
407130,Tank Mechanic Simulator,2020-02-20,False,2.39,False,88,DeGenerals S.A.,PlayWay S.A.,"Action, Adventure, Casual, Indie, Simulation","Single-player, Steam Achievements, Steam Trading Cards, Steam Workshop, Partial Controller Support, Steam Cloud, Family Sharing","Tanks, Simulation, World War II, Realistic, Singleplayer, First-Person, Building, Relaxing, Action, Indie",True,True,False,8378,7346,960,"500,000 .. 1,000,000",763,0,580,41,0,3,76,2020,2,750000.0,False,1.220829921392359,-0.08297828530683618,-0.16134881101100856,-0.015358825401402173,0.2494437752954089,0.5824301001548784,Action,8306,0.8844209005538165
755540,LIV,2019-08-12,False,0.0,True,0,LIV Inc,LIV Inc,"Utilities, Video Production, Web Publishing","VR Only, Partial Controller Support, Steam Cloud, Remote Play Together","Utilities, Video Production, Web Publishing, VR",True,False,False,0,793,125,"200,000 .. 500,000",277,0,230,23,0,0,0,2019,8,350000.0,True,0.0,-0.14184925043885277,-0.30776520229848753,-0.14209042723478343,-0.3453586044247277,0.353640240326348,Other,918,0.8638344226579521
960990,Beyond: Two Souls,2020-06-18,False,19.99,False,0,Quantic Dream,Quantic Dream,"Action, Adventure","Single-player, Multi-player, Co-op, Shared/Split Screen Co-op, Shared/Split Screen, Steam Achievements, Full controller support, Steam Cloud, Remote Play on Phone, Remote Play on Tablet, Remote Play Together, Family Sharing","Adventure, Choices Matter, Story Rich, Female Protagonist, Cinematic, Singleplayer, Emotional, Co-op, Sci-fi, Quick-Time Events",True,False,False,33834,24755,3272,"1,000,000 .. 2,000,000",513,331,450,210,17,0,45,2020,6,1500000.0,False,3.0440461338325417,0.09589725639770118,-0.23666588471855948,-0.14209042723478343,0.006827015146405804,0.5824301001548784,Action,28027,0.8832554322617476
951440,Volcanoids,2019-01-29,False,19.99,False,0,Volcanoid,Volcanoid,"Action, Adventure, Indie, Simulation, Early Access","Single-player, Multi-player, Co-op, Online Co-op, Steam Achievements, Full controller support, Steam Workshop, Steam Cloud, Family Sharing","Open World Survival Craft, Survival, Open World, Multiplayer, Crafting, Exploration, Online Co-Op, Shooter, Action, Steampunk",True,False,True,7572,7404,1511,"200,000 .. 500,000",689,0,525,65,0,0,40,2019,1,350000.0,False,3.0440461338325417,-0.08864192792994496,-0.18364266482844363,-0.14209042723478343,-0.032304720361497924,0.353640240326348,Action,8915,0.8305103757711721
588650,Dead Cells,2018-08-06,False,12.49,False,50,Motion Twin,Motion Twin,"Action, Adventure, Indie","Single-player, Steam Achievements, Full controller support, Steam Trading Cards, Steam Workshop, Steam Cloud, Remote Play on Phone, Remote Play on Tablet, Remote Play on TV, Family Sharing","Adventure, Action Roguelike, Metroidvania, Pixel Graphics, Rogue-like, 2D, Souls-like, Rogue-lite, Difficult, Hack and Slash",True,True,True,152675,163549,4915,"5,000,000 .. 10,000,000",2431,36,922,2559,0,8,121,2018,8,7500000.0,False,2.6019486702196644,0.9309753618230988,0.34116670476577116,0.19586051098756663,0.6016293948665424,0.12485038049781758,Action,168464,0.9708246272200589
981430,Gordian Quest,2022-06-23,False,19.99,False,0,"Mixed Realms Pte Ltd, Swag Soft Holdings Pte Ltd","Mixed Realms Pte Ltd, Spiral Up Games","Adventure, Indie, RPG, Strategy","Single-player, Multi-player, PvP, Online PvP, Full controller support, Steam Cloud, Family Sharing","RPG, Card Game, Card Battler, Strategy, Adventure, Replay Value, Indie, Turn-Based, Tactical, Roguelike Deckbuilder",True,False,False,5171,5157,627,"200,000 .. 500,000",861,0,745,48,0,1,56,2022,6,350000.0,False,3.0440461338325417,-0.10551339931714618,-0.13182451811764861,-0.09984655995698968,0.092916833263794,1.0400098198119392,Adventure,5784,0.891597510373444
491540,The Bus,2026-03-26,False,39.99,False,0,TML-Studios,Aerosoft GmbH,Simulation,"Single-player, Multi-player, Co-op, Online Co-op, Full controller support, Steam Workshop, Camera Comfort, Color Alternatives, Custom Volume Controls, Adjustable Difficulty, Keyboard Only Option, Mouse Only Option, Playable without Timed Input, Save Anytime, Subtitle Options, Surround Sound, Steam Cloud, Includes level editor, Family Sharing","Simulation, Driving, Automobile Sim, Multiplayer, Realistic, Relaxing, First-Person, Early Access, Moddable, Atmospheric",True,False,False,7232,4839,1682,"200,000 .. 500,000",419,0,209,164,0,1,49,2026,3,350000.0,False,3.7133281345162463,-0.09103105757244742,-0.26498510443259865,-0.09984655995698968,0.03813240355272878,1.9551692591260608,Simulation,6521,0.7420641005980678
464350,Screeps: World,2016-11-16,False,19.99,False,0,"Screeps, LLC","Screeps, LLC","Indie, Massively Multiplayer, Simulation, Strategy","Single-player, Multi-player, MMO, PvP, Online PvP, LAN PvP, Cross-Platform Multiplayer, Steam Trading Cards, Steam Workshop, Stats, Steam Leaderboards","Programming, Strategy, Massively Multiplayer, Open World, Sandbox, Logic, Base-Building, RTS, Minimalist, Difficult",True,True,True,1903,1729,253,"200,000 .. 500,000",595,0,104,43,0,1,0,2016,11,350000.0,False,3.0440461338325417,-0.1284771512927287,-0.21196188454248277,-0.09984655995698968,-0.3453586044247277,-0.33272933915924324,Indie,1982,0.872351160443996
233700,Sword of the Stars: The Pit,2013-02-21,False,9.99,False,0,Kerberos Productions,Kerberos Productions,"Casual, Indie, RPG, Strategy","Single-player, Steam Achievements, Full controller support, Steam Trading Cards, Family Sharing","Rogue-like, Dungeon Crawler, Perma Death, Procedural Generation, Crafting, Turn-Based, Sci-fi, Aliens, Lore-Rich, RPG",True,True,True,1130,1279,248,"200,000 .. 500,000",508,0,203,2,0,5,187,2013,2,350000.0,False,2.39698576841553,-0.13390890780347692,-0.2381722261927105,0.06912890915418535,1.1181683035708716,-1.0190989186448345,Casual,1527,0.8375900458415193
343740,InMind VR,2015-01-19,False,0.0,True,0,Luden.io,Luden.io,"Action, Casual, Indie, Free To Play","Single-player, Full controller support, VR Supported, VR Support","VR, Free to Play, Indie, Action, Education, Casual, Science, Singleplayer, Sci-fi, Exploration",True,True,True,0,339,93,"200,000 .. 500,000",17,0,20,1,0,0,0,2015,1,350000.0,True,0.0,-0.14184925043885277,-0.3860949589543405,-0.14209042723478343,-0.3453586044247277,-0.5615191989877737,Action,432,0.7847222222222222
457730,Mushroom Wars 2,2017-10-06,False,14.99,False,0,Zillion Whales,Azur Games,"Action, Indie, Strategy","Single-player, Multi-player, PvP, Online PvP, Shared/Split Screen PvP, Shared/Split Screen, Steam Achievements, Full controller support, Steam Trading Cards, Remote Play on TV, Remote Play Together, Family Sharing","Strategy, Multiplayer, RTS, Action, Indie, Tower Defense, Tactical, 2D, Replay Value, Classic",True,True,True,859,599,365,"200,000 .. 500,000",1395,0,1959,5,0,2,17,2017,10,350000.0,False,2.771963526845863,-0.13581318466558917,0.02905275132168016,-0.05760269267919593,-0.21231070369785507,-0.10393947933071283,Action,964,0.6213692946058091
1408680,Nine to Five,2022-05-16,False,0.0,False,0,Redhill Games,Redhill Games,"Action, Free To Play","Multi-player, PvP, Online PvP, Steam Achievements, In-App Purchases, Partial Controller Support, Family Sharing","Team-Based, Difficult, Tactical, Multiplayer, FPS, Competitive, Combat, Gun Customization, Strategy, Shooter",True,False,False,0,1541,1759,"500,000 .. 1,000,000",129,0,46,0,0,0,10,2022,5,750000.0,True,0.0,-0.14184925043885277,-0.3523529099333577,-0.14209042723478343,-0.26709513340892027,1.0400098198119392,Action,3300,0.466969696969697
1304930,The Outlast Trials,2024-03-05,False,39.99,False,0,Red Barrels,Red Barrels,"Action, Adventure, Indie","Single-player, Multi-player, Co-op, Online Co-op, Full controller support, Family Sharing","Horror, Multiplayer, Co-op, Survival Horror, Psychological Horror, First-Person, PvE, Stealth, Character Customization, Action",True,False,False,82273,62533,4423,"2,000,000 .. 5,000,000",1374,336,647,3743,0,8,27,2024,3,3500000.0,False,3.7133281345162463,0.43627093508351533,0.02272611713024588,0.19586051098756663,-0.1340472326820476,1.497589539469,Action,66956,0.9339416930521537
259130,Wasteland 1 - The Original Classic,2013-11-13,False,1.07,False,82,inXile Entertainment,inXile Entertainment,"Adventure, Indie, RPG, Strategy","Single-player, Steam Cloud, Family Sharing","RPG, Post-apocalyptic, Classic, Turn-Based, Adventure, Strategy, Sci-fi, Retro, Indie, CRPG",True,True,True,281,359,96,"200,000 .. 500,000",12,0,2,1,0,0,0,2013,11,350000.0,False,0.7275486072772778,-0.13987470505784336,-0.3876013004284915,-0.14209042723478343,-0.3453586044247277,-1.0190989186448345,Adventure,455,0.789010989010989
346900,AdVenture Capitalist,2015-03-30,False,0.0,True,0,Hyper Hippo Games,Hyper Hippo Games,"Casual, Indie, Free To Play","Single-player, Steam Achievements, Steam Trading Cards, Steam Cloud","Clicker, Idler, Management, Capitalism, Automation, Real-Time, Point & Click, Strategy, Character Customization, Relaxing",True,True,True,504,51968,7198,"5,000,000 .. 10,000,000",3983,14,391,1109,0,1,31,2015,3,7500000.0,True,0.0,-0.13830771708643735,0.8087350983422472,-0.09984655995698968,-0.10274184427572462,-0.5615191989877737,Casual,59166,0.8783422911807457
267490,Batman™: Arkham Origins Blackgate - Deluxe Edition,2014-04-01,False,19.99,False,0,"Armature Studio, LLC",WB Games,"Action, Adventure","Single-player, Steam Achievements, Full controller support, Steam Trading Cards, Steam Cloud, Family Sharing","Action, Adventure, 2.5D, Superhero, Platformer, Metroidvania, Singleplayer, Beat 'em up, Stealth, Comic Book",True,False,False,1634,1178,1606,"200,000 .. 500,000",259,0,192,8,0,0,30,2014,4,350000.0,False,3.0440461338325417,-0.1303673744510615,-0.31318803160543124,-0.14209042723478343,-0.11056819137730538,-0.7903090588163041,Action,2784,0.42313218390804597
1543030,Sword and Fairy 7,2021-10-21,False,29.99,False,0,软星科技(SoftStarlight),"方块游戏(CubeGame), 软星科技(SoftStarlight)","Action, Adventure, RPG","Single-player, Steam Achievements, Full controller support, Steam Trading Cards, Steam Cloud, Family Sharing","RPG, Singleplayer, Martial Arts, Mythology, Action RPG, Story Rich, Female Protagonist, Open World, 3D, Action",True,False,False,15416,13296,5058,"500,000 .. 1,000,000",1080,0,903,68,0,2,54,2021,10,750000.0,False,3.433664571799657,-0.03352330170703519,-0.065846761549834,-0.05760269267919593,0.07726413906063251,0.8112199599834088,Action,18354,0.7244197450147107
939620,Pleasure Puzzle:Portrait 趣拼拼：肖像画,2018-09-24,False,0.49,False,51,冷笑黑妖,冷笑黑妖,"Casual, Indie, Simulation","Single-player, Steam Achievements, Steam Cloud, Steam Leaderboards, Family Sharing","Colorful, Tabletop, Time Management, Board Game, Point & Click, Music, Singleplayer, Casual, Spelling, Indie",True,False,False,189,1681,173,"200,000 .. 500,000",40,0,17,0,0,3,100,2018,9,350000.0,False,0.3987761199573678,-0.14052117543169698,-0.3791657881732458,-0.015358825401402173,0.4372761057333468,0.12485038049781758,Casual,1854,0.906688241639698
511800,ONRAID,2017-04-18,False,0.0,True,0,Pragmatix Ltd,Pragmatix Ltd,"Action, Free To Play, Indie, Massively Multiplayer, Strategy","Single-player, Multi-player, MMO, PvP, Online PvP, Co-op, Online Co-op, Cross-Platform Multiplayer, Steam Trading Cards, In-App Purchases, Partial Controller Support","Free to Play, Action, 2D, Multiplayer, Massively Multiplayer, Shooter, Indie, Strategy, Co-op, Survival",True,True,True,0,1335,441,"500,000 .. 1,000,000",102,0,71,0,0,0,0,2017,4,750000.0,True,0.0,-0.14184925043885277,-0.36048715389377317,-0.14209042723478343,-0.3453586044247277,-0.10393947933071283,Action,1776,0.7516891891891891
264380,Narcissu 1st & 2nd,2015-04-24,False,0.0,True,0,stage-nana,Sekai Project,Indie,"Single-player, Steam Achievements","Visual Novel, Anime, Free to Play, Indie, Story Rich, Great Soundtrack, Drama, Emotional, Casual, Singleplayer",True,True,True,0,4675,206,"200,000 .. 500,000",1278,0,55,14,0,1,5,2015,4,350000.0,True,0.0,-0.14184925043885277,-0.00619563917345367,-0.09984655995698968,-0.306226868916824,-0.5615191989877737,Indie,4881,0.9577955337021102
557780,Atom Fishing II,2016-11-29,False,0.0,False,0,Woolf,R-Age,"Free To Play, Indie, Massively Multiplayer, Simulation","Multi-player, MMO, PvP, Online PvP, Steam Achievements, Steam Trading Cards, In-App Purchases, Commentary available, Family Sharing","Free to Play, Fishing, Simulation, Massively Multiplayer, Survival, Multiplayer, Post-apocalyptic, Indie, Open World",True,False,False,0,1200,387,"200,000 .. 500,000",86,0,51,0,0,0,12,2016,11,350000.0,True,0.0,-0.14184925043885277,-0.36530744661105646,-0.14209042723478343,-0.25144243920575876,-0.33272933915924324,Indie,1587,0.7561436672967864
350810,Pixel Puzzles 2: Anime,2015-03-27,False,4.99,False,0,Pixel Puzzles,Pixel Puzzles,"Action, Casual, Indie, Simulation, Strategy","Single-player, Steam Achievements, Steam Trading Cards, Family Sharing","Anime, Puzzle, Casual, Indie, Simulation, Strategy, Action, Singleplayer, Sexual Content",True,False,False,177,741,255,"200,000 .. 500,000",192,0,199,2,0,0,27,2015,3,350000.0,False,1.7900914121273581,-0.14060549765437352,-0.33337300735905484,-0.14209042723478343,-0.1340472326820476,-0.5615191989877737,Action,996,0.7439759036144579
365670,Blender,2015-04-24,False,0.0,True,0,Blender Foundation,Blender Foundation,"Animation & Modeling, Design & Illustration, Video Production",Unknown,"Animation & Modeling, Software, Design & Illustration, Free to Play, Game Development, Video Production, 3D, Difficult, GameMaker, Utilities",True,True,True,126,70186,2695,"5,000,000 .. 10,000,000",7762,1083,396,9640,0,0,0,2015,4,7500000.0,True,0.0,-0.1409638671007489,1.9472279845055869,-0.14209042723478343,-0.3453586044247277,-0.5615191989877737,Other,72881,0.9630219124325956
2656540,Ballads of Hongye: REBORN,2024-10-23,False,1.99,False,0,珠海金山数字网络科技有限公司,"海南西山居互动娱乐科技有限公司, Gamirror Games","Casual, Indie, Simulation","Single-player, Family Sharing","City Builder, Casual, Simulation, Relaxing, Atmospheric, Nature, Family Friendly, Immersive Sim, Design & Illustration, Stylized",True,False,False,3894,3089,498,"200,000 .. 500,000",221,0,60,59,0,5,97,2024,10,350000.0,False,1.095273387402595,-0.11448668918030984,-0.32463622680897897,0.06912890915418535,0.41379706442860453,1.497589539469,Casual,3587,0.861165319208252
3990,Civilization IV®: Warlords,2007-04-06,False,4.99,False,0,Firaxis Games,2K,Strategy,"Single-player, Family Sharing","Strategy, Turn-Based, 4X, Turn-Based Strategy, Historical, Singleplayer, Multiplayer, Grand Strategy, Local Multiplayer",True,True,False,392,442,44,"500,000 .. 1,000,000",57,0,9,144,0,0,0,2007,4,750000.0,False,1.7900914121273581,-0.13909472449808521,-0.37404422716113234,-0.14209042723478343,-0.3453586044247277,-2.391838077616017,Strategy,486,0.9094650205761317
356570,Party Hard,2015-08-25,False,9.99,False,0,"Pinokl Games, Kverta",tinyBuild,"Action, Indie, Strategy","Single-player, Multi-player, Co-op, Shared/Split Screen Co-op, Shared/Split Screen, Steam Achievements, Full controller support, Steam Trading Cards, Remote Play on Tablet, Remote Play on TV, Remote Play Together, Family Sharing","Pixel Graphics, Stealth, Strategy, Violent, Indie, Action, Villain Protagonist, Gore, Great Soundtrack, Singleplayer",True,True,True,9508,10405,1137,"500,000 .. 1,000,000",306,0,322,39,17,3,27,2015,8,750000.0,False,2.39698576841553,-0.07503794267146034,-0.29902842174841165,-0.015358825401402173,-0.1340472326820476,-0.5615191989877737,Action,11542,0.9014902096690348
1259970,eFootball PES 2021 SEASON UPDATE,2020-09-15,False,0.0,False,0,Konami Digital Entertainment,Konami Digital Entertainment,Sports,"Single-player, Multi-player, PvP, Online PvP, Shared/Split Screen PvP, Co-op, Online Co-op, Shared/Split Screen Co-op, Shared/Split Screen, In-App Purchases, Partial Controller Support, Remote Play on Tablet, Family Sharing","Sports, Football (Soccer), Multiplayer, e-sports, Realistic, Local Multiplayer, Co-op, Singleplayer, Football (American), Local Co-Op",True,False,False,20936,29393,8549,"1,000,000 .. 2,000,000",4290,768,720,989,0,0,0,2020,9,1500000.0,True,0.0,0.005264920724181264,0.9012244648551198,-0.14209042723478343,-0.3453586044247277,0.5824301001548784,Sports,37942,0.7746824099942017
249230,Risen 3 - Titan Lords,2014-08-12,False,14.99,False,0,Piranha Bytes,THQ Nordic,RPG,"Single-player, Steam Achievements, Steam Trading Cards, Captions available, Partial Controller Support, Steam Cloud, Family Sharing","RPG, Open World, Gothic, Adventure, Atmospheric, Singleplayer, Fantasy, Third Person, Dark Fantasy, Action RPG",True,False,False,4309,4553,1560,"500,000 .. 1,000,000",762,0,228,46,17,3,50,2014,8,750000.0,False,2.771963526845863,-0.11157054564607889,-0.16165007930583877,-0.015358825401402173,0.04595875065430953,-0.7903090588163041,RPG,6113,0.7448061508261083
513780,Turbo Pug DX,2016-09-26,False,1.99,False,0,"SnowFlame, Back To Basics Gaming",Back To Basics Gaming,"Casual, Indie","Single-player, Steam Achievements, Steam Trading Cards, Includes level editor, Family Sharing","Indie, Casual, Runner, Cute, Pixel Graphics, Funny, Difficult, Dog, Adventure, Platformer",True,False,False,422,1407,405,"1,000,000 .. 2,000,000",219,0,215,0,0,1,27,2016,9,1500000.0,False,1.095273387402595,-0.13888391894139382,-0.3252387633986394,-0.09984655995698968,-0.1340472326820476,-0.33272933915924324,Casual,1812,0.7764900662251656
514970,Drive Megapolis,2016-08-24,False,0.0,False,0,npp_trainer,Back To Basics Gaming,"Casual, Indie, Racing, Simulation","Single-player, Steam Trading Cards, Partial Controller Support, Family Sharing","Simulation, Racing, Indie, Casual",True,False,False,0,112,183,"200,000 .. 500,000",244,0,216,0,0,0,0,2016,8,350000.0,True,0.0,-0.14184925043885277,-0.3177070560278843,-0.14209042723478343,-0.3453586044247277,-0.33272933915924324,Casual,295,0.37966101694915255
1072420,DRAGON QUEST BUILDERS™ 2,2019-12-10,False,49.99,False,0,"Square Enix, KOEI TECMO GAMES CO., LTD.",Square Enix,"Action, Adventure, RPG","Single-player, Multi-player, Co-op, Online Co-op, Steam Achievements, Full controller support, Steam Trading Cards, Custom Volume Controls, Playable without Timed Input, Save Anytime, Stereo Sound, Surround Sound, Steam Cloud, Stats, Remote Play on Tablet, Family Sharing","RPG, Open World Survival Craft, Adventure, Action, Building, Sandbox, Crafting, JRPG, Anime, Cute",True,False,False,6717,6679,554,"500,000 .. 1,000,000",2705,0,1363,425,0,0,31,2019,12,750000.0,False,3.9316295350670645,-0.09464988629564969,0.423714217549247,-0.14209042723478343,-0.10274184427572462,0.353640240326348,Action,7233,0.9234066085994747
7200,Trackmania United Forever,2008-04-16,False,29.99,False,0,Nadeo,Ubisoft,Racing,"Single-player, Multi-player, Includes level editor, Family Sharing","Racing, Multiplayer, Level Editor, Time Attack, Singleplayer, Arcade, Competitive, Classic, Driving, Difficult",True,False,False,2433,2482,136,"200,000 .. 500,000",1213,0,118,75,0,0,0,2008,4,350000.0,False,3.433664571799657,-0.12475291979118072,-0.02577807833741691,-0.14209042723478343,-0.3453586044247277,-2.1630482177874866,Racing,2618,0.948051948051948
39680,The Guild II Renaissance,2010-07-28,False,9.99,False,0,Runeforge Game Studio,THQ Nordic,"Simulation, Strategy","Single-player, Steam Cloud, Family Sharing","Simulation, Strategy, Colony Sim, Economy, Medieval, RPG, Trading, City Builder, Multiplayer, Politics",True,False,False,3365,3230,674,"500,000 .. 1,000,000",1483,0,827,32,0,0,0,2010,7,750000.0,False,2.39698576841553,-0.11820389382996808,0.05556436126673808,-0.14209042723478343,-0.3453586044247277,-1.7054684981304258,Simulation,3904,0.8273565573770492
2698940,The Crew Motorfest,2024-04-18,False,69.99,False,0,Ubisoft Ivory Tower,Ubisoft,Racing,"Single-player, Multi-player, PvP, Online PvP, Co-op, Online Co-op, Steam Achievements, Full controller support, Captions available, In-App Purchases, HDR available","Racing, Open World, Arcade, Multiplayer, Driving, Sandbox, Singleplayer, Sports, PvP, Online Co-Op",True,False,False,20897,6295,1732,"200,000 .. 500,000",2476,478,543,222,0,13,50,2024,4,350000.0,False,4.262539022051294,0.004990873500482452,0.3547237780331303,0.4070798473765354,0.04595875065430953,1.497589539469,Racing,8027,0.7842282297246792
264120,Victory: The Age of Racing,2016-02-12,False,0.0,False,0,Vae Victis Games,Vae Victis Games,"Indie, Racing, Simulation, Sports, Free To Play","Single-player, Multi-player, Steam Trading Cards, Partial Controller Support, Stats, Family Sharing","Racing, Automobile Sim, Free to Play, Multiplayer, Sports, Simulation, Indie, Arcade, Controller, Massively Multiplayer",True,False,False,130,677,656,"200,000 .. 500,000",253,1,83,0,0,0,0,2016,2,350000.0,True,0.0,-0.14093575969319005,-0.31499564137441244,-0.14209042723478343,-0.3453586044247277,-0.33272933915924324,Indie,1333,0.5078769692423106
354200,Aberoth,2015-07-17,False,0.0,True,0,"Jarbit, Castle art by Yuriy Gusev",Jarbit,"Action, Adventure, Free To Play, Indie, Massively Multiplayer, RPG","Multi-player, MMO, PvP, Online PvP, Steam Achievements","Free to Play, Pixel Graphics, RPG, Massively Multiplayer, Adventure, Open World, Indie, Action, MMORPG, Multiplayer",True,True,True,0,922,514,"200,000 .. 500,000",6702,17,10013,4,0,0,30,2015,7,350000.0,True,0.0,-0.14184925043885277,1.627883591985571,-0.14209042723478343,-0.11056819137730538,-0.5615191989877737,Action,1436,0.6420612813370473
336510,Anno Online,2015-07-01,False,0.0,False,0,Blue Byte,Ubisoft,"Free To Play, Simulation, Strategy","Single-player, Multi-player, Steam Trading Cards, Steam Cloud, Family Sharing","Free to Play, Strategy, City Builder, Simulation, Multiplayer, Medieval, Base-Building, Building, Singleplayer, Massively Multiplayer",True,True,False,0,495,532,"200,000 .. 500,000",434,0,88,0,0,0,0,2015,7,350000.0,True,0.0,-0.14184925043885277,-0.2604660800101456,-0.14209042723478343,-0.3453586044247277,-0.5615191989877737,Simulation,1027,0.4819863680623174
332200,Axiom Verge,2015-05-14,False,19.99,False,0,Thomas Happ Games LLC,Thomas Happ Games LLC,"Action, Adventure, Indie","Single-player, Steam Achievements, Full controller support, Steam Trading Cards, Steam Cloud, Steam Leaderboards, Remote Play on TV, Family Sharing","Metroidvania, Indie, Pixel Graphics, Platformer, Action, Great Soundtrack, 2D, Sci-fi, Adventure, Retro",True,False,True,5700,5515,549,"200,000 .. 500,000",470,54,300,17,0,1,29,2015,5,350000.0,False,3.0440461338325417,-0.10179619466748793,-0.24962042139625823,-0.09984655995698968,-0.11839453847888612,-0.5615191989877737,Action,6064,0.9094656992084432
433550,DARQ: Complete Edition,2019-08-15,False,19.99,False,0,Unfold Games,Unfold Games,"Action, Adventure, Indie","Single-player, Steam Achievements, Steam Trading Cards, Partial Controller Support, Steam Cloud, Family Sharing","Horror, Dark, Adventure, Puzzle, Singleplayer, Atmospheric, Psychological Horror, Puzzle-Platformer, Side Scroller, 2.5D",True,False,False,3542,3770,241,"200,000 .. 500,000",75,0,52,2,0,2,17,2019,8,350000.0,False,3.0440461338325417,-0.11696014104548887,-0.3686213978541887,-0.05760269267919593,-0.21231070369785507,0.353640240326348,Action,4011,0.9399152331089504
220820,Zombie Driver HD,2012-10-17,False,9.99,False,0,Exor Studios,Exor Studios,"Action, Indie, Racing","Single-player, Steam Achievements, Full controller support, Steam Trading Cards, Camera Comfort, Custom Volume Controls, Keyboard Only Option, Playable without Timed Input, Stereo Sound, Surround Sound, Steam Cloud, Stats, Steam Leaderboards, Remote Play on TV, Family Sharing","Zombies, Racing, Top-Down, Gore, Violent, Open World, Top-Down Shooter, Controller, Singleplayer, Score Attack",True,False,False,2751,3280,653,"200,000 .. 500,000",128,0,49,5,18,5,103,2012,10,350000.0,False,2.39698576841553,-0.12251838089025195,-0.3526541782281879,0.06912890915418535,0.460755147038089,-1.247888778473365,Action,3933,0.8339689804220697
273110,Counter-Strike Nexon,2014-10-07,False,0.0,True,0,"Valve, NEXON",NEXON,"Action, Casual, Indie, Massively Multiplayer, Free To Play","Single-player, Multi-player, MMO, Co-op, Steam Achievements, Steam Trading Cards, Captions available, In-App Purchases","Free to Play, FPS, Zombies, Sandbox, PvE, Multiplayer, PvP, Shooter, Horror, Action",True,False,False,583,28373,14329,"5,000,000 .. 10,000,000",1188,52,104,369,0,1,196,2014,10,7500000.0,True,0.0,-0.13775259578715002,-0.033309785708172,-0.09984655995698968,1.1886054274850983,-0.7903090588163041,Action,42702,0.6644419465130439
1106840,Hydroneer,2020-05-08,False,14.99,False,0,Foulball Hangover,Foulball Hangover,"Adventure, Casual, Indie, Simulation, Strategy","Single-player, Multi-player, Co-op, Shared/Split Screen Co-op, Shared/Split Screen, Steam Achievements, Steam Trading Cards, Steam Workshop, Partial Controller Support, Steam Cloud, Remote Play Together, Family Sharing","Base-Building, Mining, Automation, Sandbox, Co-op, Open World, Multiplayer, Building, Funny, Resource Management",True,False,False,25866,21755,3368,"1,000,000 .. 2,000,000",1877,3,643,374,0,1,78,2020,5,1500000.0,False,2.771963526845863,0.039907300540466976,0.17426406942983833,-0.09984655995698968,0.2650964694985704,0.5824301001548784,Adventure,25123,0.8659395772797834
2677660,Indiana Jones and the Great Circle,2024-12-08,False,69.99,False,0,MachineGames,Bethesda Softworks,"Action, Adventure","Single-player, Steam Achievements, Full controller support, Steam Trading Cards, Captions available, Color Alternatives, Custom Volume Controls, Adjustable Difficulty, Playable without Timed Input, Surround Sound, Steam Cloud, HDR available, Family Sharing","Action-Adventure, First-Person, Story Rich, Puzzle, Singleplayer, Adventure, Exploration, Stealth, Historical, Action",True,False,False,11980,12787,1322,"200,000 .. 500,000",1411,0,1331,274,0,1,55,2024,12,350000.0,False,4.262539022051294,-0.0576675648000895,0.03387304403896342,-0.09984655995698968,0.08509048616221325,1.497589539469,Action,14109,0.906300942660713
554620,Life is Strange: Before the Storm,2017-08-31,False,16.99,False,0,"Deck Nine, Feral Interactive (Mac), Feral Interactive (Linux)","Square Enix, Feral Interactive (Mac), Feral Interactive (Linux)","Action, Adventure","Single-player, Steam Achievements, Full controller support, Steam Trading Cards, Custom Volume Controls, Stereo Sound, Subtitle Options, Steam Cloud, Family Sharing","Story Rich, Choices Matter, Great Soundtrack, Female Protagonist, Atmospheric, Singleplayer, Episodic, Adventure, Choose Your Own Adventure, Multiple Endings",True,True,True,33318,34787,2506,"2,000,000 .. 5,000,000",657,102,610,35,17,5,34,2017,8,3500000.0,False,2.8898160479624417,0.09227140082260919,-0.19328325026301016,0.06912890915418535,-0.07926280297098239,-0.10393947933071283,Action,37293,0.9328024025956614
436520,Line of Sight,2017-01-31,False,0.0,True,0,BlackSpot Entertainment,BlackSpot Entertainment,"Action, Free To Play, Indie, Massively Multiplayer","Single-player, Multi-player, MMO, PvP, Online PvP, Co-op, Online Co-op, Steam Achievements, Steam Trading Cards, In-App Purchases, Valve Anti-Cheat enabled, Stats","Free to Play, FPS, Action, Multiplayer, Shooter, Gun Customization, First-Person, Military, Character Customization, Open World",True,False,False,2628,5402,3653,"2,000,000 .. 5,000,000",225,0,46,9,0,2,408,2017,1,3500000.0,True,0.0,-0.12338268367268666,-0.32343115362965813,-0.05760269267919593,2.8477910130202164,-0.10393947933071283,Action,9055,0.5965764770844837
702050,The Song of Saya,2019-08-12,False,14.99,False,0,Nitroplus,"JAST, Kagura Games (Chinese Localization)","Adventure, Simulation","Single-player, Steam Trading Cards, Family Sharing","Visual Novel, Psychological Horror, Gore, Sexual Content, Lovecraftian, Horror, Nudity, Romance, Anime, Story Rich",True,False,False,8486,6487,649,"200,000 .. 500,000",173,0,219,21,0,0,0,2019,8,350000.0,False,2.771963526845863,-0.08221938530274717,-0.33909710496082873,-0.14209042723478343,-0.3453586044247277,0.353640240326348,Adventure,7136,0.9090526905829597
778700,Amorous,2018-04-13,False,0.0,True,0,Team Amorous,Snaggletooth Studios,"Free To Play, Indie, Simulation","Single-player, Steam Achievements","Sexual Content, Nudity, Free to Play, NSFW, Dating Sim, Character Customization, Mature, Singleplayer, Visual Novel, LGBTQ+",True,True,True,0,5608,1265,"200,000 .. 500,000",274,0,134,24,0,0,45,2018,4,350000.0,True,0.0,-0.14184925043885277,-0.3086690071829782,-0.14209042723478343,0.006827015146405804,0.12485038049781758,Indie,6873,0.8159464571511712
242980,Daikatana,2013-10-01,False,6.99,False,0,Unknown,Square Enix,Action,"Single-player, Family Sharing","Action, FPS, First-Person, Shooter, Classic, Time Travel, Singleplayer, Fantasy, Sci-fi, Multiplayer",True,False,False,779,568,514,"200,000 .. 500,000",281,0,269,2,17,0,0,2013,10,350000.0,False,2.0781907597781832,-0.13637533281676623,-0.30656012911916675,-0.14209042723478343,-0.3453586044247277,-1.0190989186448345,Action,1082,0.5249537892791127
451340,Gold Mining Simulator,2017-10-13,False,4.99,False,75,Code Horizon,"Code Horizon, PlayWay S.A.","Indie, Simulation","Single-player, Steam Achievements, Full controller support, Steam Trading Cards, Steam Workshop, Camera Comfort, Custom Volume Controls, Adjustable Difficulty, Playable without Timed Input, Save Anytime, Stereo Sound, Steam Cloud, Steam Leaderboards, Family Sharing","Simulation, Mining, Singleplayer, Realistic, Open World, Indie, Driving, Sandbox, Economy, Building",True,False,False,14822,10873,4198,"500,000 .. 1,000,000",1587,0,413,166,0,5,42,2017,10,750000.0,False,1.7900914121273581,-0.037697251729524796,0.08689626392907926,0.06912890915418535,-0.01665202615833643,-0.10393947933071283,Indie,15071,0.7214517948377679
274500,Brigador: Up-Armored Edition,2016-06-02,False,24.99,False,0,"Stellar Jockeys, Gausswerks",Stellar Jockeys,"Action, Indie","Single-player, Steam Achievements, Full controller support, Steam Trading Cards, Color Alternatives, Custom Volume Controls, Adjustable Difficulty, Playable without Timed Input, Stereo Sound, Steam Cloud, Includes level editor, Family Sharing","Twin Stick Shooter, Action, Top-Down Shooter, Mechs, Difficult, Sci-fi, Destruction, Cyberpunk, Rogue-lite, Isometric",True,True,True,4445,5127,335,"200,000 .. 500,000",336,0,155,8,0,6,65,2016,6,350000.0,False,3.2577118486533987,-0.1106148937890779,-0.28999037290350554,0.1113727764319791,0.1633539571780207,-0.33272933915924324,Action,5462,0.9386671548883193
560130,Pillars of Eternity II: Deadfire,2018-05-08,False,9.99,False,75,Obsidian Entertainment,"Versus Evil, Obsidian Entertainment, Xbox Game Studios",RPG,"Single-player, Steam Achievements, Steam Trading Cards, Steam Workshop, Steam Cloud, Remote Play on Tablet, Family Sharing","RPG, Party-Based RPG, Isometric, CRPG, Story Rich, Character Customization, Singleplayer, Fantasy, Choices Matter, Open World",True,True,True,14389,16666,2265,"1,000,000 .. 2,000,000",2119,0,1189,233,17,10,55,2018,5,1500000.0,False,2.39698576841553,-0.040739878597770576,0.24717099677874763,0.28034824554315413,0.08509048616221325,0.12485038049781758,RPG,18931,0.8803549733241772
35140,Batman: Arkham Asylum Game of the Year Edition,2010-03-26,False,2.99,False,85,Rocksteady Studios,WB Games,"Action, Adventure","Single-player, Steam Achievements, Steam Trading Cards, Partial Controller Support, Steam Cloud, Family Sharing","Action, Stealth, Third Person, Superhero, Adventure, Singleplayer, Open World, Beat 'em up, Detective, Comic Book",True,False,False,58765,70940,2711,"2,000,000 .. 5,000,000",572,43,279,601,0,0,47,2010,3,3500000.0,False,1.3837912309017721,0.2710837008601391,-0.21889105532357747,-0.14209042723478343,0.022479709349567292,-1.7054684981304258,Action,73651,0.9631912669210194
237990,The Banner Saga,2014-01-14,False,24.99,False,0,Stoic,Stoic Studio,"Indie, RPG, Strategy","Single-player, Steam Achievements, Full controller support, Steam Trading Cards, Captions available, Steam Cloud, Includes level editor, Remote Play on Tablet, Remote Play on TV, Family Sharing","RPG, Turn-Based, Strategy, Indie, Tactical, Turn-Based Strategy, Story Rich, Fantasy, Great Soundtrack, Kickstarter",True,True,False,13372,13812,1711,"500,000 .. 1,000,000",559,0,504,24,0,2,39,2014,1,750000.0,False,3.2577118486533987,-0.04788618696960883,-0.2228075431563701,-0.05760269267919593,-0.040131067463078665,-0.7903090588163041,Indie,15523,0.8897764607356825
8000,Tomb Raider: Anniversary,2007-06-05,False,8.99,False,0,Crystal Dynamics,Crystal Dynamics,"Action, Adventure","Single-player, Full controller support, Family Sharing","Adventure, Action, Female Protagonist, Puzzle, Third Person, Platformer, Remake, Classic, Singleplayer, Action-Adventure",True,False,False,6454,5488,1196,"500,000 .. 1,000,000",445,0,100,29,13,0,0,2007,6,750000.0,False,2.301584592660462,-0.09649794834264423,-0.2571521287670133,-0.14209042723478343,-0.3453586044247277,-2.391838077616017,Action,6684,0.8210652304009575
964350,At Home Alone,2018-11-01,False,0.0,True,0,阿正不经, Peanut Bear Studio,"Adventure, Casual, Indie, RPG, Simulation, Strategy, Free To Play","Single-player, Steam Achievements, Partial Controller Support","Free to Play, Horror, Psychological Horror, Anime, Indie, RPG, Adventure, Cute, RPGMaker, Simulation",True,False,False,0,1598,286,"200,000 .. 500,000",0,0,0,0,0,3,4,2018,11,350000.0,True,0.0,-0.14184925043885277,-0.39121651996645396,-0.015358825401402173,-0.31405321601840475,0.12485038049781758,Adventure,1884,0.8481953290870489
286690,Metro 2033 Redux,2014-08-25,False,1.99,False,90,4A Games,Deep Silver,Action,"Single-player, Steam Achievements, Full controller support, Steam Trading Cards, Steam Cloud, Family Sharing","Post-apocalyptic, FPS, Atmospheric, Story Rich, Horror, Action, Singleplayer, First-Person, Shooter, Stealth",True,True,True,88354,101543,9424,"5,000,000 .. 10,000,000",502,41,341,1208,0,0,49,2014,8,7500000.0,False,1.095273387402595,0.4790012214248608,-0.23997983596169173,-0.14209042723478343,0.03813240355272878,-0.7903090588163041,Action,110967,0.9150738507844675
945490,Little Square Things,2019-09-28,False,0.0,True,0,G.Reed,Unknown,"Indie, Strategy","Single-player, Steam Achievements, Full controller support, Steam Cloud","Early Access, Indie, Strategy, Puzzle, Sokoban, Retro, Free to Play, Turn-Based, Family Friendly",True,False,False,0,69,10,"200,000 .. 500,000",0,0,0,0,0,2,28,2019,9,350000.0,True,0.0,-0.14184925043885277,-0.39121651996645396,-0.05760269267919593,-0.12622088558046687,0.353640240326348,Indie,79,0.8734177215189873
578650,The Outer Worlds,2020-10-23,False,7.49,False,75,Obsidian Entertainment,"Private Division, Xbox Game Studios",RPG,"Single-player, Steam Achievements, Full controller support, Steam Trading Cards, Steam Cloud, Remote Play on Tablet, Remote Play on TV, Family Sharing","Open World, Action RPG, RPG, Exploration, FPS, Adventure, Singleplayer, Story Rich, Choices Matter, Sci-fi",True,False,False,24110,21727,4325,"1,000,000 .. 2,000,000",1234,0,930,150,17,5,68,2020,10,1500000.0,False,2.138889000323256,0.02756814862213073,-0.01945144414598263,0.06912890915418535,0.18683299848276294,0.5824301001548784,RPG,26052,0.8339858744050361
22180,Penumbra Overture,2009-03-06,False,9.99,False,0,Frictional Games,Frictional Games,"Action, Adventure, Indie","Single-player, Captions available, Family Sharing","Horror, Adventure, First-Person, Indie, Survival Horror, Atmospheric, Psychological Horror, Singleplayer, Story Rich, Stealth",True,True,True,3698,3418,365,"200,000 .. 500,000",389,0,85,5,17,0,0,2009,3,350000.0,False,2.39698576841553,-0.11586395215069362,-0.27402315327750476,-0.14209042723478343,-0.3453586044247277,-1.934258357958956,Action,3783,0.9035157282579963
207490,Rayman® Origins,2012-03-29,False,5.99,False,70,Ubisoft Montpellier,Ubisoft,"Action, Adventure","Single-player, Multi-player, Shared/Split Screen, Full controller support, Remote Play on TV, Remote Play Together, Family Sharing","Platformer, 2D, Local Co-Op, Adventure, Cartoony, Great Soundtrack, Action, Colorful, Funny, Singleplayer",True,True,False,5475,4839,309,"200,000 .. 500,000",547,0,97,37,0,0,0,2012,3,350000.0,False,1.944480556245719,-0.10337723634267339,-0.22642276269433256,-0.14209042723478343,-0.3453586044247277,-1.247888778473365,Action,5148,0.9399766899766899
1651880,Welcome To Lakewood,2021-06-17,False,0.99,False,0,Space Slug Studios,Space Slug Studios,"Adventure, Indie","Single-player, Family Sharing","Horror, First-Person, Investigation, Mystery, Adventure, Psychological Horror, Thriller, Story Rich, Exploration, 3D",True,False,False,0,7,2,"200,000 .. 500,000",0,0,0,0,0,0,0,2021,6,350000.0,False,0.688134638736401,-0.14184925043885277,-0.39121651996645396,-0.14209042723478343,-0.3453586044247277,0.8112199599834088,Adventure,9,0.7777777777777778
382120,Journey To The Center Of The Earth,2015-09-25,False,0.0,False,0,InSayn,InSayn,"Adventure, Casual, Free To Play, Indie","Single-player, Full controller support, Steam Trading Cards, Family Sharing","Indie, Adventure, Casual, Platformer, Free to Play",True,True,True,0,480,216,"500,000 .. 1,000,000",255,0,241,0,0,0,0,2015,9,750000.0,True,0.0,-0.14184925043885277,-0.314393104784752,-0.14209042723478343,-0.3453586044247277,-0.5615191989877737,Adventure,696,0.6896551724137931
419480,Starpoint Gemini Warlords,2017-05-23,False,34.99,False,0,Little Green Men Games,Little Green Men Games,"Action, RPG, Simulation, Strategy","Single-player, Steam Achievements, Full controller support, Steam Trading Cards, Steam Workshop, Steam Cloud, Family Sharing","Space, RPG, Open World, Strategy, Simulation, Sci-fi, Space Sim, 4X, Singleplayer, Sandbox",True,False,False,3058,2593,939,"200,000 .. 500,000",421,0,156,13,0,6,54,2017,5,350000.0,False,3.5832411220909393,-0.12036113736011002,-0.26438256784293823,0.1113727764319791,0.07726413906063251,-0.10393947933071283,Action,3532,0.734144960362401
1283970,YoloMouse - Cursor Changer,2020-05-01,False,3.99,False,0,Dragonrise Games,Dragonrise Games,"Action, Indie, Animation & Modeling, Design & Illustration, Education, Photo Editing, Software Training, Utilities, Game Development","Steam Workshop, Adjustable Text Size, Camera Comfort, Color Alternatives, Adjustable Difficulty, Keyboard Only Option, Mouse Only Option, Playable without Timed Input, Save Anytime, Includes level editor","Utilities, Design & Illustration, Animation & Modeling, Software Training, Education, Software, Funny, Gaming, Memes, First-Person",True,False,False,2745,2159,177,"500,000 .. 1,000,000",58347,1238,32479,8493,0,0,0,2020,5,750000.0,False,1.6074359097634274,-0.12256054200159022,17.18688467849144,-0.14209042723478343,-0.3453586044247277,0.5824301001548784,Action,2336,0.9242294520547946
1016920,Unrailed!,2020-09-23,False,19.99,False,0,Indoor Astronaut,Daedalic Entertainment,"Action, Casual, Indie","Single-player, Multi-player, PvP, Online PvP, Shared/Split Screen PvP, Co-op, Online Co-op, Shared/Split Screen Co-op, Shared/Split Screen, Cross-Platform Multiplayer, Steam Achievements, Full controller support, Steam Trading Cards, Steam Leaderboards, Remote Play on Phone, Remote Play on Tablet, Remote Play on TV, Remote Play Together, Family Sharing","Multiplayer, Co-op, Online Co-Op, Local Co-Op, Casual, Trains, Local Multiplayer, Action, Procedural Generation, Indie",True,True,True,13570,17426,1243,"1,000,000 .. 2,000,000",365,0,202,182,0,2,53,2020,9,1500000.0,False,3.0440461338325417,-0.04649487029544563,-0.2812535923534296,-0.05760269267919593,0.06943779195905177,0.5824301001548784,Action,18669,0.9334190369061011
48800,Ship Simulator Extremes,2010-08-27,False,4.99,False,75,VStep,Paradox Interactive,Simulation,"Single-player, Multi-player, Family Sharing","Simulation, Realistic, Naval, Open World, Multiplayer, Singleplayer, Adventure, Driving",True,False,False,1713,1150,1112,"200,000 .. 500,000",1219,0,157,5,0,6,0,2010,8,350000.0,False,1.7900914121273581,-0.12981225315177417,-0.023970468568435686,0.1113727764319791,-0.3453586044247277,-1.7054684981304258,Simulation,2262,0.5083996463306808
235900,RPG Maker XP,2013-12-13,False,24.99,False,0,"Gotcha Gotcha Games, KADOKAWA, Yoji Ojima",Gotcha Gotcha Games,"RPG, Design & Illustration, Education, Web Publishing, Game Development",Single-player,"Game Development, RPG, RPGMaker, Web Publishing, Design & Illustration, Software, Anime, JRPG, Education, GameMaker",True,False,False,1150,1653,102,"200,000 .. 500,000",1447,0,15,217,0,0,0,2013,12,350000.0,False,3.2577118486533987,-0.13376837076568265,0.04471870265285075,-0.14209042723478343,-0.3453586044247277,-1.0190989186448345,RPG,1755,0.9418803418803419
431240,Golf With Your Friends,2020-05-19,False,1.49,False,90,"Blacklight Interactive, Team17",Team17,"Casual, Indie, Sports","Single-player, Multi-player, PvP, Online PvP, Shared/Split Screen PvP, Shared/Split Screen, Steam Achievements, Steam Workshop, Partial Controller Support, Stats, Includes level editor, Remote Play on Phone, Remote Play on Tablet, Remote Play Together, Family Sharing","Multiplayer, Casual, Mini Golf, Sports, Golf, Indie, Funny, Family Friendly, Co-op, Singleplayer",True,True,True,48513,59105,7975,"2,000,000 .. 5,000,000",751,150,347,979,0,18,83,2020,5,3500000.0,False,0.9122827104766162,0.19904441528680017,-0.16496403054897102,0.6182991837655042,0.30422820500647413,0.5824301001548784,Casual,67080,0.8811121049493142
848480,Creeper World 4,2020-12-03,False,24.99,False,0,Knuckle Cracker,Knuckle Cracker,"Action, Casual, Indie, Simulation, Strategy","Single-player, Multi-player, Co-op, Online Co-op, LAN Co-op, Steam Achievements, Steam Cloud, Stats, Includes level editor, Family Sharing","Tower Defense, Wargame, Real Time Tactics, Building, RTS, Space, Strategy, 3D, Physics, War",True,False,False,4456,4155,210,"200,000 .. 500,000",1884,0,1632,203,0,1,29,2020,12,350000.0,False,3.2577118486533987,-0.11053759841829107,0.17637294749364976,-0.09984655995698968,-0.11839453847888612,0.5824301001548784,Action,4365,0.9518900343642611
1206240,Talvisota - Winter War,2020-04-02,False,0.0,True,0,Talvisota Team,Tripwire Interactive,"Action, Massively Multiplayer, Simulation","Multi-player, PvP, Online PvP, LAN PvP","Action, Massively Multiplayer, Simulation, FPS, War, Military, Gore, Violent, Free to Play, Strategy",True,False,False,0,956,126,"200,000 .. 500,000",115,0,62,0,0,0,0,2020,4,350000.0,True,0.0,-0.14184925043885277,-0.35657066606098053,-0.14209042723478343,-0.3453586044247277,0.5824301001548784,Action,1082,0.8835489833641405
200390,Oil Rush,2012-01-25,False,0.0,True,0,Unigine Corp.,Unigine Corp.,"Indie, Strategy","Single-player, Multi-player, PvP, Online PvP, LAN PvP, Cross-Platform Multiplayer, Steam Achievements, Steam Cloud, Stats, Steam Leaderboards","Strategy, Indie, RTS, Tower Defense, Dystopian , Naval, Singleplayer, Post-apocalyptic, Multiplayer",True,True,True,126,293,217,"200,000 .. 500,000",128,0,29,0,0,2,40,2012,1,350000.0,True,0.0,-0.1409638671007489,-0.3526541782281879,-0.05760269267919593,-0.032304720361497924,-1.247888778473365,Indie,510,0.5745098039215686
375910,Anno 2205™,2015-11-02,False,39.99,False,0,Blue Byte,Ubisoft,"Simulation, Strategy","Single-player, Steam Achievements, Steam Trading Cards","City Builder, Strategy, Simulation, Futuristic, 4X, Sci-fi, Economy, Singleplayer, Space, Resource Management",True,False,False,6046,4174,1819,"1,000,000 .. 2,000,000",1450,0,706,63,0,4,198,2015,11,1500000.0,False,3.7133281345162463,-0.09936490391364719,0.04562250753734136,0.026885041876391583,1.2042581216882597,-0.5615191989877737,Simulation,5993,0.6964792257633906
569610,Distant Space,2016-12-20,False,0.49,False,51,PixelMouse,PixelMouse,"Action, Adventure, Casual, Indie","Single-player, Steam Achievements, Full controller support, Steam Trading Cards, Family Sharing","Shoot 'Em Up, Indie, Arcade, Space, Pixel Graphics, Casual, Action, Adventure, Difficult, 2D",True,False,False,485,317,82,"500,000 .. 1,000,000",357,0,424,1,0,0,44,2016,12,750000.0,False,0.3987761199573678,-0.1384412272723419,-0.28366373871207123,-0.14209042723478343,-0.0009993319551749415,-0.33272933915924324,Action,399,0.7944862155388471
884660,CRSED: Cuisine Royale,2018-06-15,False,0.0,True,0,"Darkflow Software, Matter Team",Gaijin Network Ltd,"Action, Massively Multiplayer, Free To Play","Single-player, Multi-player, MMO, PvP, Online PvP, Steam Achievements, Full controller support, In-App Purchases","Battle Royale, Free to Play, Multiplayer, Open World, Survival, World War II, Hero Shooter, Shooter, Memes, FPS",True,False,False,0,30411,8179,"2,000,000 .. 5,000,000",1422,25,63,96,0,0,13,2018,6,3500000.0,True,0.0,-0.14184925043885277,0.03718699528209566,-0.14209042723478343,-0.24361609210417803,0.12485038049781758,Action,38590,0.7880538999740866
336670,HIT,2015-02-09,False,0.0,True,0,Shifty Chair Games,Shifty Chair Games,Free To Play,"Multi-player, Co-op, Partial Controller Support","Free to Play, Multiplayer, Funny, Action, Shooter, FPS, Comedy, Third-Person Shooter, Co-op, Open World",True,False,False,0,182,290,"200,000 .. 500,000",23,0,32,1,0,0,0,2015,2,350000.0,True,0.0,-0.14184925043885277,-0.3842873491853593,-0.14209042723478343,-0.3453586044247277,-0.5615191989877737,Other,472,0.3855932203389831
412290,The Dreamlord,2016-12-13,False,1.99,False,0,mesetts,New Reality Games,"Adventure, Casual, Indie","Steam Trading Cards, Family Sharing","Adventure, Casual, Indie",True,False,False,133,91,118,"200,000 .. 500,000",237,0,244,0,0,0,0,2016,12,350000.0,False,1.095273387402595,-0.1409146791375209,-0.3198159340916957,-0.14209042723478343,-0.3453586044247277,-0.33272933915924324,Adventure,209,0.4354066985645933
232790,Broken Age,2014-01-28,False,2.99,False,80,Double Fine Productions,Double Fine Productions,"Adventure, Casual, Indie","Single-player, Full controller support, Steam Trading Cards, Steam Cloud, Family Sharing","Point & Click, Adventure, Story Rich, Comedy, Indie, Funny, Kickstarter, Great Soundtrack, Singleplayer, Puzzle",True,True,True,4563,6679,1309,"200,000 .. 500,000",336,0,273,8,0,1,45,2014,1,350000.0,False,1.3837912309017721,-0.10978572526609176,-0.28999037290350554,-0.09984655995698968,0.006827015146405804,-0.7903090588163041,Adventure,7988,0.8361291937906861
582660,Black Desert,2017-05-24,False,9.99,False,0,Pearl Abyss,Pearl Abyss,"Action, Adventure, Massively Multiplayer, RPG, Strategy","Multi-player, MMO, PvP, Online PvP, Co-op, Online Co-op, Steam Trading Cards, In-App Purchases, Partial Controller Support","MMORPG, Massively Multiplayer, Open World, Character Customization, RPG, Adventure, Fantasy, Action, 3D, Strategy",True,False,False,61834,64416,22503,"5,000,000 .. 10,000,000",11882,4204,300,14345,0,3,0,2017,5,7500000.0,False,2.39698576841553,0.2926491093096687,3.1884533592060262,-0.015358825401402173,-0.3453586044247277,-0.10393947933071283,Action,86919,0.7411037862837815
783140,Removed,2018-04-13,False,0.0,False,0,Unknown,Unknown,"Action, Indie, Simulation",Family Sharing,"Simulation, Action, Indie",True,False,False,0,25,15,"200,000 .. 500,000",90,0,31,0,0,0,0,2018,4,350000.0,True,0.0,-0.14184925043885277,-0.3641023734317356,-0.14209042723478343,-0.3453586044247277,0.12485038049781758,Action,40,0.625
307880,Savage Lands,2021-12-16,False,3.99,False,0,Last Bastion Studios LLC,Last Bastion Studios LLC,"Action, Adventure, Indie, RPG, Simulation","Single-player, Multi-player, Co-op, Online Co-op, Steam Achievements, Steam Trading Cards, Steam Cloud, Family Sharing","Open World Survival Craft, Survival, Open World, Online Co-Op, Multiplayer, Crafting, Fantasy, Dragons, RPG, Action",True,False,False,4171,3651,3035,"200,000 .. 500,000",386,0,115,2,0,0,20,2021,12,350000.0,False,1.6074359097634274,-0.1125402512068593,-0.27492695816199536,-0.14209042723478343,-0.18883166239311283,0.8112199599834088,Action,6686,0.5460664074184864
1036700,My Beautiful Paper Smile,2021-10-14,False,14.99,False,0,Two Star Games,"V Publishing, Surefire.Games","Action, Adventure, Indie","Single-player, Steam Achievements, Steam Cloud, Family Sharing","Psychological Horror, Horror, Hand-drawn, Story Rich, Puzzle, Dystopian , Point & Click, Hidden Object, 2D, Surreal",True,False,False,351,340,58,"1,000,000 .. 2,000,000",0,0,0,0,0,0,26,2021,10,1500000.0,False,2.771963526845863,-0.13938282542556346,-0.39121651996645396,-0.14209042723478343,-0.14187357978362836,0.8112199599834088,Action,398,0.8542713567839196
533540,MONMUSU,2018-05-11,False,0.0,True,0,Tentacle Games,NEKO WORKs,"Casual, Free To Play, Indie","Single-player, Steam Achievements, Steam Trading Cards, In-App Purchases, Steam Cloud","Sexual Content, Nudity, Free to Play, Anime, Mature, Clicker, Casual, Indie, Hentai, Visual Novel",True,False,False,0,4025,1012,"500,000 .. 1,000,000",720,0,214,9,0,0,12,2018,5,750000.0,True,0.0,-0.14184925043885277,-0.1743033476887073,-0.14209042723478343,-0.25144243920575876,0.12485038049781758,Casual,5037,0.7990867579908676
617290,Remnant: From the Ashes,2019-08-19,False,39.99,False,0,Gunfire Games,"Arc Games, THQ Nordic","Action, Adventure, RPG","Single-player, Multi-player, Co-op, Online Co-op, Steam Achievements, Full controller support, Steam Trading Cards, Steam Cloud, Remote Play on Tablet, Remote Play on TV, Family Sharing","Souls-like, Action, Co-op, RPG, Adventure, Third-Person Shooter, Multiplayer, Online Co-Op, Shooter, Post-apocalyptic",True,False,False,46404,44761,8081,"2,000,000 .. 5,000,000",1710,1,836,429,17,2,50,2019,8,3500000.0,False,3.7133281345162463,0.18422478465139516,0.12395226419319431,-0.05760269267919593,0.04595875065430953,0.353640240326348,Action,52842,0.8470724045267023
570770,古剑奇谭二(GuJian2),2017-09-07,False,15.99,False,0,"上海烛龙信息科技有限公司, Aurogon Shanghai",北京网元圣唐娱乐科技有限公司,RPG,"Single-player, Steam Achievements, Steam Trading Cards, Steam Cloud, Family Sharing","RPG, Story Rich, Singleplayer, Martial Arts, Great Soundtrack",True,False,False,2698,2194,642,"200,000 .. 500,000",320,0,188,11,0,0,294,2017,9,350000.0,False,2.8326249356838407,-0.12289080404040674,-0.2948106656207888,-0.14209042723478343,1.9555874434400113,-0.10393947933071283,RPG,2836,0.7736248236953456
341000,Mad Games Tycoon,2016-09-13,False,14.99,False,0,Eggcode,Eggcode,"Casual, Indie, Simulation, Strategy","Single-player, Steam Achievements, Family Sharing","Management, Simulation, Strategy, Economy, Casual, Building, GameMaker, Base-Building, Sandbox, Resource Management",True,True,False,3695,3991,406,"500,000 .. 1,000,000",1674,0,1137,5,0,0,39,2016,9,750000.0,False,2.771963526845863,-0.11588503270636276,0.11310660557930699,-0.14209042723478343,-0.040131067463078665,-0.33272933915924324,Casual,4397,0.907664316579486
1903340,Clair Obscur: Expedition 33,2025-04-24,False,49.99,False,0,Sandfall Interactive,Kepler Interactive,"Action, RPG","Single-player, Steam Achievements, Full controller support, Adjustable Text Size, Custom Volume Controls, Adjustable Difficulty, Stereo Sound, Subtitle Options, Surround Sound, Steam Cloud, Family Sharing","Turn-Based Combat, Story Rich, Fantasy, RPG, Exploration, JRPG, Adventure, Lore-Rich, Singleplayer, Action RPG",True,False,False,171484,106216,4816,"2,000,000 .. 5,000,000",2208,889,1819,27880,17,4,55,2025,4,3500000.0,False,3.9316295350670645,1.063143419016713,0.27398387501863575,0.026885041876391583,0.08509048616221325,1.7263793992975305,Action,111032,0.9566251170833634
330580,Shark Attack Deathmatch 2,2019-07-26,False,4.99,False,0,Lighthouse Games Studio,Lighthouse Games Studio,"Action, Indie","Single-player, Multi-player, PvP, Online PvP, Co-op, Online Co-op, Steam Achievements, Steam Trading Cards, Partial Controller Support, Stats, Steam Leaderboards, Family Sharing","Horror, Arena Shooter, FPS, Survival Horror, Shoot 'Em Up, Open World, PvP, Exploration, Hunting, Shooter",True,False,False,1418,1434,457,"200,000 .. 500,000",169,0,153,0,0,0,22,2019,7,350000.0,False,1.7900914121273581,-0.13188517445923956,-0.34030217814014957,-0.14209042723478343,-0.17317896818995132,0.353640240326348,Action,1891,0.7583289264939186
1311070,Greak: Memories of Azur,2021-08-17,False,19.99,False,0,Navegante,Team17,"Action, Adventure, Indie","Single-player, Steam Achievements, Full controller support, Steam Trading Cards, Steam Cloud, Family Sharing","Atmospheric, Fantasy, Cinematic, Metroidvania, Action-Adventure, Singleplayer, Stylized, Puzzle-Platformer, Puzzle, Action",True,False,False,946,1071,298,"200,000 .. 500,000",299,0,371,0,0,2,24,2021,8,350000.0,False,3.0440461338325417,-0.13520184855118414,-0.3011372998122231,-0.05760269267919593,-0.15752627398678984,0.8112199599834088,Action,1369,0.7823228634039445
1135810,Vault of the Void,2022-10-04,False,17.99,False,0,Spider Nest Games,Spider Nest Games,"Indie, Strategy","Single-player, Steam Achievements, Full controller support, Steam Trading Cards, Steam Cloud, Steam Leaderboards, Family Sharing","Indie, Roguelike Deckbuilder, Deckbuilding, Choices Matter, Strategy, Card Battler, Card Game, Rogue-lite, Rogue-like, Procedural Generation",True,True,False,2477,2538,196,"200,000 .. 500,000",3301,0,2009,28,0,3,251,2022,10,350000.0,False,2.9439125248241944,-0.12444373830803335,0.6032701212680484,-0.015358825401402173,1.6190545180720393,1.0400098198119392,Indie,2734,0.9283101682516459
432350,Epic Battle Fantasy 5,2018-11-30,False,24.99,False,0,Matt Roszak,Matt Roszak,"Adventure, RPG, Strategy","Single-player, Steam Achievements, Steam Trading Cards, Steam Cloud, Family Sharing","JRPG, Funny, Turn-Based, Indie, Adventure, Creature Collector, Comedy, RPG, Turn-Based Combat, Strategy",True,False,False,5505,5528,75,"200,000 .. 500,000",1341,0,565,69,0,1,133,2018,11,350000.0,False,3.2577118486533987,-0.10316643078598199,0.012784263400849162,-0.09984655995698968,0.6955455600855114,0.12485038049781758,Adventure,5603,0.9866143137604855
380,Half-Life 2: Episode One,2006-06-01,False,0.0,False,0,Valve,Valve,Action,"Single-player, Steam Achievements, Full controller support, Captions available, Camera Comfort, Custom Volume Controls, Adjustable Difficulty, Playable without Timed Input, Save Anytime, Stereo Sound, Surround Sound, Steam Cloud, Stats, Includes Source SDK, Commentary available, Family Sharing","FPS, Action, Sci-fi, Singleplayer, Story Rich, First-Person, Shooter, Classic, Dystopian , Aliens",True,False,True,25910,30478,1344,"5,000,000 .. 10,000,000",0,0,0,18,0,1,13,2006,6,7500000.0,True,0.0,0.04021648202361436,-0.39121651996645396,-0.09984655995698968,-0.24361609210417803,-2.620627937444547,Action,31822,0.957765068191817
1194810,Meet Your Maker,2023-04-04,False,5.99,False,70,Behaviour Interactive Inc.,Behaviour Interactive Inc.,"Action, Strategy","Single-player, Multi-player, Co-op, Online Co-op, Full controller support, Family Sharing","Action, Base-Building, Strategy, Co-op, First-Person, Building, Asynchronous Multiplayer, FPS, Post-apocalyptic, Shooter",True,False,False,2995,2432,952,"200,000 .. 500,000",1529,0,1696,8,17,7,43,2023,4,350000.0,False,1.944480556245719,-0.12080382902916194,0.06942270282892746,0.15361664370977285,-0.008825679056755686,1.2687996796404697,Action,3384,0.7186761229314421
794800,Clue/Cluedo: Classic Edition,2018-05-17,False,16.99,False,0,Marmalade Game Studio Ltd,Marmalade Game Studio Ltd,"Casual, Strategy","Single-player, Multi-player, PvP, Online PvP, Shared/Split Screen PvP, Shared/Split Screen, Cross-Platform Multiplayer, Steam Achievements, Steam Trading Cards, In-App Purchases, Remote Play Together, Family Sharing","Board Game, Local Multiplayer, Strategy, Mystery, Casual, Family Friendly, Tabletop, Detective, Investigation, Crime",True,False,False,3022,2847,393,"200,000 .. 500,000",806,0,292,62,0,1,19,2018,5,350000.0,False,2.8898160479624417,-0.12061410402813968,-0.14839427433330982,-0.09984655995698968,-0.19665800949469356,0.12485038049781758,Casual,3240,0.8787037037037037
1458560,I'm on Observation Duty 3,2020-11-13,False,2.99,False,0,Notovia,Notovia,"Adventure, Indie","Single-player, Steam Achievements, Tracked Controller Support, VR Supported, Family Sharing","VR, Psychological Horror, Survival Horror, Psychological, Horror, Adventure, Puzzle, Mystery, Hidden Object, First-Person",True,True,True,338,242,67,"500,000 .. 1,000,000",66,0,66,2,0,0,10,2020,11,750000.0,False,1.3837912309017721,-0.13947417450012972,-0.37133281250766054,-0.14209042723478343,-0.26709513340892027,0.5824301001548784,Adventure,309,0.7831715210355987
221100,DayZ,2018-12-13,False,49.99,False,0,Bohemia Interactive,Bohemia Interactive,"Action, Adventure, Massively Multiplayer","Multi-player, MMO, PvP, Online PvP, Co-op, Online Co-op, Steam Achievements, Steam Trading Cards, Steam Workshop, Steam Cloud, Valve Anti-Cheat enabled","Survival, Open World, Online Co-Op, Zombies, Multiplayer, Post-apocalyptic, Shooter, PvP, Massively Multiplayer, Action",True,False,False,379100,330349,99903,"10,000,000 .. 20,000,000",15689,1277,2312,37066,17,3,13,2018,12,15000000.0,False,3.9316295350670645,2.5220303009513936,4.335381757624612,-0.015358825401402173,-0.24361609210417803,0.12485038049781758,Action,430252,0.7678035197977
2532550,LIZARDS MUST DIE,2023-09-27,False,3.99,False,0,the Bratans,"Smola Game Studio, Agafonoff","Action, Adventure, Indie, Massively Multiplayer","Single-player, Multi-player, Co-op, Online Co-op, Steam Achievements, Steam Trading Cards, Partial Controller Support, Family Sharing","Historical, Souls-like, Spectacle fighter, Hack and Slash, Third Person, Atmospheric, Singleplayer, Difficult, Action RPG, Realistic",True,True,False,23332,25241,891,"500,000 .. 1,000,000",78,0,40,5,0,1,28,2023,9,750000.0,False,1.6074359097634274,0.022101257851933915,-0.3677175929696981,-0.09984655995698968,-0.12622088558046687,1.2687996796404697,Action,26132,0.9659038726465636
268870,Satellite Reign,2015-08-27,False,29.99,False,0,5 Lives Studios,5 Lives Studios,"Action, Indie, Strategy","Single-player, Multi-player, PvP, Online PvP, LAN PvP, Co-op, Online Co-op, LAN Co-op, Cross-Platform Multiplayer, Steam Achievements, Steam Trading Cards, Steam Cloud, Steam Leaderboards, Family Sharing","Cyberpunk, Strategy, Action, Sci-fi, Indie, Tactical, Real-Time, Open World, Stealth, Co-op",True,True,True,2586,3737,1492,"1,000,000 .. 2,000,000",304,0,130,5,0,3,40,2015,8,1500000.0,False,3.433664571799657,-0.12367781145205461,-0.2996309583380721,-0.015358825401402173,-0.032304720361497924,-0.5615191989877737,Action,5229,0.7146681965959074
200940,Sonic CD,2012-01-19,False,0.0,False,0,Blit Software,SEGA,Unknown,"Single-player, Full controller support, Remote Play on TV, Family Sharing","Platformer, Classic, Great Soundtrack, Retro, 2D, Time Travel, Singleplayer, 1990's, Fast-Paced, Action",True,False,False,3957,4871,561,"500,000 .. 1,000,000",138,0,60,3,0,0,12,2012,1,750000.0,True,0.0,-0.11404399751125792,-0.34964149527988586,-0.14209042723478343,-0.25144243920575876,-1.247888778473365,Unknown,5432,0.8967231222385862
552520,Far Cry® 5,2018-03-26,False,59.99,False,0,"Ubisoft Montreal, Red Storm, Ubisoft Shanghai, Ubisoft Toronto, Ubisoft Kiev",Ubisoft,"Action, Adventure","Single-player, Multi-player, Co-op, Online Co-op, Steam Achievements, Steam Trading Cards, Captions available, In-App Purchases, Partial Controller Support, Includes level editor, HDR available","Open World, Action-Adventure, Multiplayer, Co-op, FPS, Shooter, Exploration, Story Rich, Realistic, First-Person",True,False,False,168924,140377,33100,"2,000,000 .. 5,000,000",2268,465,1510,1297,17,5,72,2018,3,3500000.0,False,4.110709916308365,1.0451546781790475,0.29205997270844797,0.06912890915418535,0.2181383868890859,0.12485038049781758,Action,173477,0.8091966081958991
1056640,Phantasy Star Online 2 New Genesis,2020-08-05,False,0.0,True,0,SEGA,SEGA,"Action, Massively Multiplayer, RPG, Free To Play","Multi-player, Co-op, Online Co-op, Cross-Platform Multiplayer, Steam Achievements, In-App Purchases, Partial Controller Support, Remote Play on Tablet","Free to Play, Character Customization, Anime, MMORPG, Multiplayer, RPG, Action, Online Co-Op, JRPG, Massively Multiplayer",True,False,False,0,16848,7196,"2,000,000 .. 5,000,000",3355,0,258,1400,17,14,45,2020,8,3500000.0,True,0.0,-0.14184925043885277,0.6195386091888793,0.4493237146543292,0.006827015146405804,0.5824301001548784,Action,24044,0.700715355182166
2161440,Sailing Era,2023-01-11,False,11.24,False,55,GY Games,bilibili,"Adventure, RPG, Simulation, Strategy","Single-player, Steam Achievements, Full controller support, Steam Cloud, Family Sharing","Strategy, Historical, Adventure, Grand Strategy, Management, RTS, Simulation, RPG, Naval Combat, Transportation",True,False,False,4406,3652,964,"200,000 .. 500,000",2132,0,2270,94,0,2,39,2023,1,350000.0,False,2.50470927708418,-0.11088894101277672,0.2510874846115403,-0.05760269267919593,-0.040131067463078665,1.2687996796404697,Adventure,4616,0.791161178509532
204060,Superbrothers: Sword & Sworcery EP,2012-04-16,False,7.99,False,0,"Capybara, Superbrothers, Jim Guthrie",Capybara Games,"Adventure, Indie","Single-player, Steam Achievements, Steam Cloud, Family Sharing","Adventure, Indie, Pixel Graphics, Point & Click, Great Soundtrack, Atmospheric, Female Protagonist, Singleplayer, Fantasy, Puzzle",True,True,True,1388,2022,590,"500,000 .. 1,000,000",81,0,22,2,0,0,14,2012,4,750000.0,False,2.196112848483529,-0.13209598001593092,-0.3668137880852075,-0.14209042723478343,-0.23578974500259728,-1.247888778473365,Adventure,2612,0.7741194486983155
1160220,Paradise Killer,2020-09-04,False,19.99,False,0,Kaizen Game Works,Fellow Traveller,"Adventure, Indie, RPG","Single-player, Steam Achievements, Steam Trading Cards, Camera Comfort, Custom Volume Controls, Playable without Timed Input, Stereo Sound, Partial Controller Support, Steam Cloud, Family Sharing","Story Rich, Investigation, Female Protagonist, Open World, Exploration, Detective, First-Person, Surreal, Point & Click, Choices Matter",True,False,False,3195,3761,288,"500,000 .. 1,000,000",365,0,279,8,0,3,39,2020,9,750000.0,False,3.0440461338325417,-0.11939845865121931,-0.2812535923534296,-0.015358825401402173,-0.040131067463078665,0.5824301001548784,Adventure,4049,0.9288713262533959
251230,Livelock,2016-08-30,False,9.99,False,0,Tuque Games,Arc Games,"Action, Adventure, Indie","Single-player, Multi-player, Co-op, Steam Achievements, Full controller support, Steam Trading Cards, Steam Cloud, Remote Play on TV, Family Sharing","Action, Top-Down Shooter, Co-op, Indie, Adventure, Twin Stick Shooter, Top-Down, Robots, Online Co-Op, Sci-fi",True,False,False,619,668,173,"200,000 .. 500,000",189,0,136,1,0,1,50,2016,8,350000.0,False,2.39698576841553,-0.13749962911912034,-0.3342768122435455,-0.09984655995698968,0.04595875065430953,-0.33272933915924324,Action,841,0.7942925089179548
22340,Call of Cthulhu®: Dark Corners of the Earth,2009-06-16,False,4.99,False,0,Headfirst Productions,Bethesda Softworks,Unknown,"Single-player, Family Sharing","Lovecraftian, Horror, First-Person, Survival Horror, Atmospheric, FPS, Based On A Novel, Stealth, Singleplayer, Adventure",True,False,False,2803,2147,1023,"200,000 .. 500,000",244,0,185,2,17,0,0,2009,6,350000.0,False,1.7900914121273581,-0.12215298459198687,-0.3177070560278843,-0.14209042723478343,-0.3453586044247277,-1.934258357958956,Unknown,3170,0.6772870662460568
1478220,Puzzle Together Multiplayer Jigsaw Puzzles,2020-12-09,False,0.0,True,0,IronZog,IronZog,"Casual, Free To Play, Indie","Single-player, Multi-player, PvP, Online PvP, Co-op, Online Co-op, Cross-Platform Multiplayer, Steam Achievements, In-App Purchases","Puzzle, Casual, Multiplayer, Free to Play, Online Co-Op, Co-op, Singleplayer, Family Friendly, Board Game, Conversation",True,True,False,0,3801,637,"200,000 .. 500,000",339,0,82,206,0,4,34,2020,12,350000.0,True,0.0,-0.14184925043885277,-0.28908656801901494,0.026885041876391583,-0.07926280297098239,0.5824301001548784,Casual,4438,0.8564668769716088
1570070,Beholder 3,2022-03-03,False,2.69,False,85,Paintbucket Games,Alawar,"Adventure, Indie, Simulation, Strategy","Single-player, Steam Achievements, Steam Trading Cards, Partial Controller Support, Steam Cloud, Family Sharing","Political Sim, Simulation, Dystopian , Strategy, Point & Click, Choose Your Own Adventure, 2D, Atmospheric, Dark, Isometric",True,False,False,2163,1548,790,"200,000 .. 500,000",367,0,380,18,0,0,37,2022,3,350000.0,False,1.3056264580524357,-0.12665016980140326,-0.2806510557637692,-0.14209042723478343,-0.055783761666240154,1.0400098198119392,Adventure,2338,0.6621043627031651
248570,Toribash,2014-05-16,False,0.0,True,0,Nabi Studios,"Nicalis, Inc.","Action, Indie, Strategy, Free To Play","Single-player, Multi-player, PvP, Online PvP, Cross-Platform Multiplayer, Steam Achievements, Steam Trading Cards, In-App Purchases, Steam Cloud, Includes level editor","Free to Play, 3D Fighter, Fighting, Physics, Multiplayer, Gore, Action, Strategy, Turn-Based, Martial Arts",True,True,True,146,14775,1928,"2,000,000 .. 5,000,000",227,0,60,85,0,0,106,2014,5,3500000.0,True,0.0,-0.14082333006295464,-0.3228286170399977,-0.14209042723478343,0.4842341883428313,-0.7903090588163041,Action,16703,0.8845716338382327
1059990,Trombone Champ,2022-09-15,False,14.99,False,0,Holy Wow Studios LLC,Holy Wow Studios LLC,"Casual, Indie","Single-player, Steam Achievements, Steam Trading Cards, Steam Workshop, Steam Cloud, Steam Leaderboards, Includes level editor, Family Sharing, Steam Timeline","Rhythm, Comedy, Funny, Music, Cute, Cartoon, Casual, Singleplayer, Colorful, Moddable",True,True,False,10023,9577,200,"200,000 .. 500,000",205,0,124,33,0,5,25,2022,9,350000.0,False,2.771963526845863,-0.07141911394825809,-0.3294565195262622,0.06912890915418535,-0.14969992688520908,1.0400098198119392,Casual,9777,0.9795438273499029
633080,Relic Hunters Legend,2025-08-14,False,19.99,False,0,Rogue Snail,Rogue Snail,"Action, Adventure, Indie, RPG","Single-player, Multi-player, Co-op, Online Co-op, Steam Achievements, Full controller support, Family Sharing","Action RPG, Looter Shooter, Loot, Shooter, Character Customization, Dungeon Crawler, Twin Stick Shooter, Top-Down Shooter, Action, RPG",True,False,False,1092,768,373,"200,000 .. 500,000",503,0,734,1,0,2,18,2025,8,350000.0,False,3.0440461338325417,-0.13417592817528604,-0.23967856766686152,-0.05760269267919593,-0.2044843565962743,1.7263793992975305,Action,1141,0.6730937773882559
378540,The Surge,2017-05-15,False,1.94,False,87,Deck13,Focus Entertainment,"Action, RPG","Single-player, Steam Achievements, Full controller support, Steam Trading Cards, Steam Cloud, Remote Play on TV, Family Sharing","Souls-like, Action, RPG, Sci-fi, Third Person, Difficult, Singleplayer, Mechs, Hack and Slash, Violent",True,False,False,8677,8236,2715,"1,000,000 .. 2,000,000",1228,33,467,92,17,5,67,2017,5,1500000.0,False,1.0784095813505903,-0.08087725659181196,-0.021259053914963855,0.06912890915418535,0.17900665138118219,-0.10393947933071283,Action,10951,0.7520774358506073
9160,Master Levels for Doom II,2007-08-03,False,0.0,False,0,id Software,id Software,Action,"Single-player, Steam Cloud, Family Sharing","Action, FPS, Classic, Shooter, First-Person, 1990's, Singleplayer, Retro, Sci-fi, Gore",True,False,False,592,593,206,"200,000 .. 500,000",40,0,9,1,0,0,0,2007,8,350000.0,True,0.0,-0.13768935412014258,-0.3791657881732458,-0.14209042723478343,-0.3453586044247277,-2.391838077616017,Action,799,0.7421777221526908
111900,Guardians of Middle-earth,2013-08-29,False,0.0,False,0,Zombie Studios,Warner Bros. Interactive Entertainment,"Action, Strategy","Single-player, Multi-player, Steam Achievements, Full controller support, Steam Trading Cards, Steam Cloud, Stats, Steam Leaderboards, Remote Play on TV, Family Sharing","MOBA, Strategy, Action, Multiplayer, Co-op, Fantasy",True,False,False,394,341,1068,"200,000 .. 500,000",157,0,123,1,0,0,29,2013,8,350000.0,True,0.0,-0.13908067079430578,-0.34391739767811197,-0.14209042723478343,-0.11839453847888612,-1.0190989186448345,Action,1409,0.24201561391057488
257510,The Talos Principle,2014-12-11,False,29.99,False,0,Croteam,"Devolver Digital, Croteam","Action, Adventure, Indie","Single-player, Steam Achievements, Full controller support, Steam Trading Cards, Steam Workshop, Steam Cloud, Includes level editor, Remote Play on TV, Family Sharing","Puzzle, Philosophical, First-Person, Sci-fi, Atmospheric, Story Rich, Singleplayer, Great Soundtrack, Robots, Exploration",True,True,True,28922,30399,1462,"1,000,000 .. 2,000,000",677,66,275,117,0,4,40,2014,12,1500000.0,False,3.433664571799657,0.06138135991543029,-0.18725788436640609,0.026885041876391583,-0.032304720361497924,-0.7903090588163041,Action,31861,0.9541131791218104
780290,Gloomhaven,2021-10-20,False,9.79,False,72,"Flaming Fowl Studios, Saber Interactive",Twin Sails Interactive,"Adventure, RPG, Strategy","Single-player, Multi-player, Co-op, Online Co-op, Full controller support, Steam Trading Cards, Steam Workshop, Steam Cloud, Includes level editor, Family Sharing","Online Co-Op, Dark Fantasy, Turn-Based Combat, Card Game, Turn-Based Strategy, Unforgiving, Tactical RPG, Class-Based, Co-op Campaign, Strategy",True,True,False,13397,12466,2517,"500,000 .. 1,000,000",1589,0,589,430,0,3,61,2021,10,750000.0,False,2.378619779270043,-0.047710515672366,0.08749880051873968,-0.015358825401402173,0.1320485687716977,0.8112199599834088,Adventure,14983,0.8320096108923447
32370,STAR WARS™ Knights of the Old Republic™,2009-09-05,False,9.99,False,0,"BioWare, Aspyr (Mac)","LucasArts, Aspyr (Mac), Disney, Lucasfilm","Adventure, RPG","Single-player, Steam Cloud, Family Sharing","RPG, Sci-fi, Story Rich, Singleplayer, Classic, Adventure, Party-Based RPG, Real-Time with Pause, Choices Matter, Third Person",True,True,False,27929,28928,2810,"2,000,000 .. 5,000,000",979,0,125,424,0,0,0,2009,9,3500000.0,False,2.39698576841553,0.05440369598894516,-0.09627485932768456,-0.14209042723478343,-0.3453586044247277,-1.934258357958956,Adventure,31738,0.9114626000378095
1440440,Sam & Max Save the World,2020-12-02,False,19.99,False,0,Skunkape Games,Skunkape Games,"Adventure, Indie","Single-player, Steam Achievements, Full controller support, Steam Cloud, Remote Play on TV, Remote Play Together, Family Sharing","Adventure, Point & Click, Puzzle, Comedy, Funny, Comic Book, Story Rich, Episodic, Cartoony, Detective",True,False,False,1643,1595,117,"200,000 .. 500,000",475,0,560,19,0,2,12,2020,12,350000.0,False,3.0440461338325417,-0.1303041327840541,-0.2481140799221072,-0.05760269267919593,-0.25144243920575876,0.5824301001548784,Adventure,1712,0.9316588785046729
214870,Painkiller Hell & Damnation,2012-10-31,False,19.99,False,0,The Farm 51,Prime Matter,Action,"Single-player, Multi-player, Co-op, Shared/Split Screen, Steam Achievements, Steam Trading Cards, Steam Workshop, Partial Controller Support, Steam Cloud, Steam Leaderboards, Includes level editor, Remote Play Together, Family Sharing","Action, FPS, Gore, Co-op, Horror, Shooter, Singleplayer, Multiplayer, Fast-Paced, First-Person",True,True,True,2898,3258,919,"200,000 .. 500,000",311,0,168,4,0,10,107,2012,10,350000.0,False,3.0440461338325417,-0.12148543366246412,-0.29752208027426064,0.28034824554315413,0.492060535444412,-1.247888778473365,Action,4177,0.7799856356236533
17300,Crysis,2008-09-17,False,29.99,False,0,Crytek,Electronic Arts,Action,"Single-player, Family Sharing","FPS, Action, Sci-fi, Singleplayer, Shooter, Stealth, Open World, Aliens, First-Person, Benchmark",True,False,False,11896,10565,2649,"1,000,000 .. 2,000,000",406,21,147,10,17,0,0,2008,9,1500000.0,False,3.433664571799657,-0.0582578203588254,-0.2689015922653913,-0.14209042723478343,-0.3453586044247277,-2.1630482177874866,Action,13214,0.7995308006659604
2190290,To Be or Not to Be,2022-12-09,False,12.99,False,0,Team K,DSGame,"Adventure, RPG","Single-player, Family Sharing","Sexual Content, Nudity, Mature, NSFW, Hentai, FPS, RPG, Visual Novel, Multiple Endings, Choose Your Own Adventure",True,False,False,7826,6741,791,"200,000 .. 500,000",302,0,322,61,0,1,46,2022,12,350000.0,False,2.63834278867739,-0.08685710754995783,-0.30023349492773244,-0.09984655995698968,0.014653362247986548,1.0400098198119392,Adventure,7532,0.8949814126394052
1153640,Chorus,2021-12-03,False,24.99,False,0,Deep Silver Fishlabs,Deep Silver,"Action, Adventure","Single-player, Full controller support, Family Sharing","Action, Adventure, Indie, Space, Female Protagonist, Shooter, Sci-fi, Spaceships, Singleplayer, Flight",True,False,False,3686,3352,690,"200,000 .. 500,000",274,0,152,18,0,2,42,2021,12,350000.0,False,3.2577118486533987,-0.11594827437337017,-0.3086690071829782,-0.05760269267919593,-0.01665202615833643,0.8112199599834088,Action,4042,0.8292924294903513
1846380,Need for Speed™ Unbound,2022-12-01,False,69.99,False,0,Criterion Games,Electronic Arts,"Action, Racing","Single-player, Multi-player, PvP, Cross-Platform Multiplayer, Steam Achievements, Chat Speech-to-text, Adjustable Difficulty, Keyboard Only Option, Playable without Timed Input, Stereo Sound, Surround Sound, Partial Controller Support, HDR available","Racing, Multiplayer, Open World, Action, Driving, Singleplayer, Character Customization, Combat Racing, Controller, Arcade",True,False,False,46850,29906,19702,"1,000,000 .. 2,000,000",1194,278,398,618,0,19,41,2022,12,1500000.0,False,4.262539022051294,0.18735876059420722,-0.03150217593919078,0.6605430510432979,-0.024478373259917176,1.0400098198119392,Action,49608,0.602846315110466
1602010,Persona 4 Arena Ultimax,2022-03-16,False,29.99,False,0,"Arc System Works, ATLUS",SEGA,Action,"Single-player, Multi-player, PvP, Online PvP, Steam Achievements, Full controller support, Steam Trading Cards, Steam Cloud, Remote Play Together, Family Sharing","2D Fighter, Action, Fighting, Anime, Story Rich, Multiplayer, 2D, Great Soundtrack, Visual Novel, Singleplayer",True,False,False,3728,3461,526,"200,000 .. 500,000",551,1,251,59,13,0,51,2022,3,350000.0,False,3.433664571799657,-0.11565314659400222,-0.22521768951501175,-0.14209042723478343,0.05378509775589027,1.0400098198119392,Action,3987,0.8680712315023827
2072450,Like a Dragon: Infinite Wealth,2024-01-25,False,69.99,False,0,Ryu Ga Gotoku Studio,SEGA,"Action, Adventure, RPG","Single-player, Steam Achievements, Full controller support, Steam Trading Cards, Steam Cloud, Family Sharing","Action, JRPG, Adventure, Turn-Based Combat, Sexual Content, Comedy, Story Rich, Singleplayer, Emotional, Funny",True,False,False,15574,18253,1666,"500,000 .. 1,000,000",3635,63,2029,655,17,19,74,2024,1,750000.0,False,4.262539022051294,-0.03241305910846052,0.7038937317413363,0.6605430510432979,0.23379108109224742,1.497589539469,Action,19919,0.9163612631156183
2381590,not available,2023-05-24,False,0.0,False,0,Indiesolodev,Indiesolodev,"Adventure, Casual, Indie, Simulation","Single-player, Steam Achievements, Family Sharing","Parkour, 3D Platformer, Difficult, Psychological Horror, Casual, Adventure, Third Person, Bullet Time, Physics, Open World",True,False,False,13394,11002,4035,"500,000 .. 1,000,000",213,0,90,22,0,0,1,2023,5,750000.0,True,0.0,-0.04773159622803514,-0.3270463731676206,-0.14209042723478343,-0.33753225732314696,1.2687996796404697,Adventure,15037,0.7316619006450755
332790,Darkness Assault,2015-02-06,False,0.49,False,51,Black Lime Studio,Black Lime Studio,"Violent, Gore, Action, Indie","Single-player, Steam Achievements, Steam Trading Cards, Family Sharing","Indie, Action, Violent, Gore, Horror, Female Protagonist, Survival Horror, Singleplayer, Psychological Horror, Survival",True,False,False,574,345,310,"200,000 .. 500,000",236,0,238,0,0,3,15,2015,2,350000.0,False,0.3987761199573678,-0.13781583745415743,-0.3201172023865259,-0.015358825401402173,-0.22796339790101655,-0.5615191989877737,Action,655,0.5267175572519084
641990,The Escapists 2,2017-08-21,False,5.39,False,80,"Team17, Mouldy Toof Studios",Team17,"Indie, Simulation, Strategy","Single-player, Multi-player, PvP, Online PvP, Shared/Split Screen PvP, Co-op, Online Co-op, Shared/Split Screen Co-op, Shared/Split Screen, Steam Achievements, Full controller support, Steam Trading Cards, Steam Cloud, Steam Leaderboards, Remote Play on Phone, Remote Play on Tablet, Remote Play on TV, Remote Play Together, Family Sharing","Multiplayer, Strategy, Pixel Graphics, Online Co-Op, Co-op, 2D, Crafting, Local Co-Op, Simulation, Singleplayer",True,True,True,26138,28948,3000,"2,000,000 .. 5,000,000",610,182,275,214,0,5,58,2017,8,3500000.0,False,1.8547342683894434,0.04181860425446895,-0.20744286012002972,0.06912890915418535,0.10856952746695549,-0.10393947933071283,Indie,31948,0.9060974082884687
2916430,Fast Food Simulator,2024-12-10,False,14.99,False,0,No Ceiling Games,No Ceiling Games,"Indie, Simulation, Early Access","Single-player, Multi-player, Co-op, Online Co-op, Steam Achievements, Partial Controller Support, Steam Cloud, Family Sharing","Simulation, Online Co-Op, Multiplayer, Cooking, Management, Co-op, Indie, First-Person, 3D, Early Access",True,False,False,7886,5420,353,"200,000 .. 500,000",548,60,356,545,0,0,11,2024,12,350000.0,False,2.771963526845863,-0.08643549643657504,-0.22612149439950235,-0.14209042723478343,-0.2592687863073395,1.497589539469,Indie,5773,0.9388532825220856
213670,South Park™: The Stick of Truth™,2014-03-03,False,7.49,False,75,Obsidian Entertainment,Ubisoft,"Action, Adventure, RPG","Single-player, Steam Achievements, Full controller support, Remote Play on Phone, Remote Play on Tablet, Remote Play on TV, Family Sharing","RPG, Comedy, Adventure, Funny, Turn-Based, Dark Humor, Singleplayer, Action, Mature, 2D",True,False,False,59641,66636,1669,"2,000,000 .. 5,000,000",1001,0,736,274,0,2,50,2014,3,3500000.0,False,2.138889000323256,0.27723922311552784,-0.08964695684142009,-0.05760269267919593,0.04595875065430953,-0.7903090588163041,Action,68305,0.9755654783690798
1501750,Lords of the Fallen,2023-10-13,False,29.99,False,0,CI Games,CI Games,"Action, Adventure, RPG","Single-player, Multi-player, PvP, Online PvP, Co-op, Online Co-op, Cross-Platform Multiplayer, Steam Achievements, Full controller support, Steam Cloud, Family Sharing","Souls-like, Exploration, Combat, Action, Dark Fantasy, RPG, Dragons, Story Rich, Online Co-Op, Action RPG",True,False,False,34380,27969,14164,"1,000,000 .. 2,000,000",1687,462,695,827,17,2,77,2023,10,1500000.0,False,3.433664571799657,0.09973391752948454,0.11702309341209963,-0.05760269267919593,0.25727012239698965,1.2687996796404697,Action,42133,0.6638264543232146
1668690,Alina of the Arena,2022-10-13,False,14.99,False,0,PINIX,"PINIX, IndieArk","Indie, Strategy","Single-player, Steam Achievements, Full controller support, Steam Trading Cards, Steam Workshop, Steam Cloud, Family Sharing","Roguelike Deckbuilder, Rogue-like, Turn-Based Tactics, Hex Grid, Card Game, Rogue-lite, Strategy, Difficult, Female Protagonist, Turn-Based Strategy",True,True,False,3508,3404,318,"200,000 .. 500,000",508,0,202,64,0,1,42,2022,10,350000.0,False,2.771963526845863,-0.11719905400973911,-0.2381722261927105,-0.09984655995698968,-0.01665202615833643,1.0400098198119392,Indie,3722,0.9145620634067706
1063730,New World: Aeternum,2021-09-28,False,0.0,False,0,Amazon Game Studios,Amazon Game Studios,"Action, Adventure, Massively Multiplayer, RPG","Multi-player, MMO, PvP, Online PvP, Co-op, Online Co-op, Steam Achievements, In-App Purchases, Adjustable Text Size, Camera Comfort, Chat Speech-to-text, Chat Text-to-speech, Color Alternatives, Custom Volume Controls, Keyboard Only Option, Playable without Timed Input, Save Anytime, Stereo Sound, Subtitle Options, Surround Sound, Partial Controller Support","Open World, Massively Multiplayer, MMORPG, RPG, Adventure, Action, PvP, PvE, Multiplayer, Fantasy",True,False,False,253778,196798,90080,"50,000,000 .. 100,000,000",10412,1286,3911,5583,0,0,133,2021,9,75000000.0,True,0.0,1.641411168428765,2.7455889658056267,-0.14209042723478343,0.6955455600855114,0.8112199599834088,Action,286878,0.6859989263728833
776960,Mouse (Sneaking),2018-01-16,False,0.99,False,0,Easy game,Game for people,"Action, Adventure, Casual, Indie","Single-player, Steam Achievements, Steam Trading Cards, Family Sharing","Action, Casual, Indie, Adventure, Psychological Horror, Horror",True,False,False,1272,932,213,"500,000 .. 1,000,000",214,0,161,3,0,0,2975,2018,1,750000.0,False,0.688134638736401,-0.13291109483513766,-0.3267451048727904,-0.14209042723478343,22.938024022777988,0.12485038049781758,Action,1145,0.8139737991266376
299740,Miscreated,2018-12-18,False,29.99,False,0,Entrada Interactive LLC,Entrada Interactive LLC,"Action, Adventure, Indie, Massively Multiplayer, RPG, Simulation, Strategy","Multi-player, MMO, PvP, Online PvP, Steam Achievements, Steam Trading Cards, Partial Controller Support, Steam Cloud, Valve Anti-Cheat enabled","Open World Survival Craft, Survival, Open World, Multiplayer, Zombies, Post-apocalyptic, Crafting, Massively Multiplayer, PvP, Action",True,False,False,23015,20860,10748,"200,000 .. 500,000",1441,0,247,37,0,2,29,2018,12,350000.0,False,3.433664571799657,0.019873745802894853,0.04291109288386953,-0.05760269267919593,-0.11839453847888612,0.12485038049781758,Action,31608,0.6599595039230575
1361210,"Warhammer 40,000: Darktide",2022-11-30,False,39.99,False,0,Fatshark,Fatshark,"Action, Adventure, RPG","Multi-player, Co-op, Online Co-op, Cross-Platform Multiplayer, Steam Achievements, Captions available, In-App Purchases, Partial Controller Support, Family Sharing","Horror, Team-Based, Combat, Class-Based, Hack and Slash, Zombies, PvE, Warhammer 40K, Shooter, FPS",True,False,False,102941,80268,32692,"2,000,000 .. 5,000,000",5081,721,1141,7267,0,7,36,2022,11,3500000.0,False,3.7133281345162463,0.5815019099401062,1.1395276860658108,0.15361664370977285,-0.0636101087678209,1.0400098198119392,Action,112960,0.7105878186968838
567680,The Pasture,2017-01-17,False,0.99,False,0,Mikhail Maksimov,Sometimes You,"Nudity, Casual, Indie, Simulation","Single-player, Steam Trading Cards, Family Sharing","Casual, Indie, Simulation, Nudity",True,True,False,0,94,114,"500,000 .. 1,000,000",191,0,212,0,0,0,5,2017,1,750000.0,False,0.688134638736401,-0.14184925043885277,-0.3336742756538851,-0.14209042723478343,-0.306226868916824,-0.10393947933071283,Casual,208,0.4519230769230769
1971650,OCTOPATH TRAVELER II,2023-02-24,False,59.99,False,0,"Square Enix, ACQUIRE Corp.",Square Enix,RPG,"Single-player, Steam Achievements, Full controller support, Steam Trading Cards, Camera Comfort, Color Alternatives, Custom Volume Controls, Keyboard Only Option, Playable without Timed Input, Stereo Sound, Steam Cloud, Family Sharing","RPG, Turn-Based, JRPG, 2.5D, Party-Based RPG, Story Rich, Open World, Pixel Graphics, Turn-Based Combat, Choices Matter",True,False,False,12715,12882,692,"200,000 .. 500,000",2547,5,1943,398,0,0,33,2023,2,350000.0,False,4.110709916308365,-0.05250282866115035,0.3761138269660748,-0.14209042723478343,-0.08708915007256314,1.2687996796404697,RPG,13574,0.9490201856490349
24880,The Saboteur™,2024-03-07,False,9.99,False,0,Pandemic Studios,Electronic Arts,"Action, Adventure","Single-player, Family Sharing","Action, Adventure, Singleplayer, World War II, Third Person, Open World, Stealth, Nudity, Parkour, Noir",True,False,False,2271,1756,161,"200,000 .. 500,000",300,0,67,37,17,0,0,2024,3,350000.0,False,2.39698576841553,-0.12589126979731424,-0.30083603151739285,-0.14209042723478343,-0.3453586044247277,1.497589539469,Action,1917,0.9160146061554513
717720,Cyberia 2: Resurrection,2017-10-23,False,9.99,False,0,Xatrix Entertainment,Interplay,"Action, Adventure, Strategy","Single-player, Family Sharing","Action, Adventure, Strategy, First-Person, Sci-fi, On-Rails Shooter, Cyberpunk, 1990's, Simulation, Puzzle",True,True,True,0,12,4,"200,000 .. 500,000",0,0,0,0,0,0,0,2017,10,350000.0,False,2.39698576841553,-0.14184925043885277,-0.39121651996645396,-0.14209042723478343,-0.3453586044247277,-0.10393947933071283,Action,16,0.75
222750,Wargame: Airland Battle,2013-05-29,False,19.99,False,0,Eugen Systems,Eugen Systems,"Indie, Simulation, Strategy","Single-player, Multi-player, PvP, Online PvP, Co-op, Online Co-op, Cross-Platform Multiplayer, Steam Trading Cards, Steam Cloud, Family Sharing","Strategy, RTS, Military, Cold War, Wargame, Real Time Tactics, Tactical, Real-Time, Simulation, Multiplayer",True,False,True,3578,3847,559,"500,000 .. 1,000,000",948,0,301,13,0,2,0,2013,5,750000.0,False,3.0440461338325417,-0.11670717437745919,-0.10561417646742088,-0.05760269267919593,-0.3453586044247277,-1.0190989186448345,Indie,4406,0.8731275533363595
1515950,Capcom Arcade Stadium,2021-05-24,False,59.99,True,0,"CAPCOM Co., Ltd.","CAPCOM Co., Ltd.","Action, Free To Play","Single-player, Multi-player, Co-op, Shared/Split Screen Co-op, Shared/Split Screen, Steam Achievements, Full controller support, Steam Trading Cards, In-App Purchases, Steam Cloud, Steam Leaderboards, Remote Play Together, Family Sharing","Arcade, Action, Free to Play, 1990's, 2D Platformer, Beat 'em up, 2D Fighter, 1980s, 2D, Retro",True,False,False,384,2397,2010,"1,000,000 .. 2,000,000",290,0,182,32,0,43,20,2021,5,1500000.0,False,4.110709916308365,-0.1391509393132029,-0.3038487144656949,1.674395865710348,-0.18883166239311283,0.8112199599834088,Action,4407,0.5439074200136147
10220,Postal III,2012-02-17,False,5.99,False,0,"Trashmasters, Zoom Platform",Akella,Action,"Single-player, Steam Achievements, Family Sharing","Action, Gore, Dark Humor, Violent, Third-Person Shooter, Funny, Open World, Third Person, Singleplayer, Shooter",True,False,False,4633,2389,2907,"200,000 .. 500,000",214,0,91,7,0,1,35,2012,2,350000.0,False,1.944480556245719,-0.10929384563381184,-0.3267451048727904,-0.09984655995698968,-0.07143645586940164,-1.247888778473365,Action,5296,0.451095166163142
530390,Slayaway Camp,2016-10-25,False,8.99,False,0,Blue Wizard Digital,Blue Wizard Digital,"Casual, Indie, Strategy","Single-player, Steam Achievements, Steam Trading Cards, Partial Controller Support, Steam Cloud, Family Sharing","Sokoban, Turn-Based Tactics, Puzzle, Difficult, Turn-Based Strategy, Villain Protagonist, Strategy, Cute, Isometric, Voxel",True,True,True,708,826,44,"200,000 .. 500,000",80,0,60,2,17,4,50,2016,10,350000.0,False,2.301584592660462,-0.13687423930093587,-0.36711505638003766,0.026885041876391583,0.04595875065430953,-0.33272933915924324,Casual,870,0.9494252873563218
645630,Car Mechanic Simulator 2018,2017-07-28,False,1.99,False,90,Red Dot Games,PlayWay S.A.,"Racing, Simulation","Single-player, Steam Achievements, Steam Trading Cards, Steam Workshop, Partial Controller Support, Steam Cloud, Stats, Includes level editor, Family Sharing","Simulation, Automobile Sim, Driving, Building, Realistic, Racing, Multiplayer, Singleplayer, First-Person, Sandbox",True,True,False,47947,47065,4456,"2,000,000 .. 5,000,000",1886,0,475,202,0,21,60,2017,7,3500000.0,False,1.095273387402595,0.19506721711722252,0.17697548408331015,0.7450307855988855,0.12422222167011698,-0.10393947933071283,Racing,51521,0.9135109955163914
365450,Hacknet,2015-08-12,False,9.99,False,0,Team Fractal Alligator,Fellow Traveller,"Indie, Simulation","Single-player, Steam Achievements, Steam Trading Cards, Captions available, Steam Workshop, Adjustable Text Size, Camera Comfort, Playable without Timed Input, Steam Cloud, Includes level editor, Family Sharing","Hacking, Simulation, Programming, Typing, Singleplayer, Story Rich, Great Soundtrack, Choices Matter, Crime, Atmospheric",True,True,True,16647,23511,1604,"2,000,000 .. 5,000,000",307,3,275,31,0,3,11,2015,8,3500000.0,False,2.39698576841553,-0.024873247030798337,-0.2987271534535814,-0.015358825401402173,-0.2592687863073395,-0.5615191989877737,Indie,25115,0.9361337845908819
252410,SteamWorld Dig,2013-12-05,False,0.99,False,90,Image & Form Games,Image & Form Games,"Action, Adventure, Indie","Single-player, Steam Achievements, Full controller support, Steam Trading Cards, Steam Cloud, Remote Play on TV, Family Sharing","Platformer, Mining, Steampunk, Metroidvania, Indie, Adventure, Western, 2D, Robots, Action",True,True,True,6366,7697,498,"500,000 .. 1,000,000",250,0,108,16,0,1,24,2013,12,750000.0,False,0.688134638736401,-0.097116311308939,-0.31589944625890304,-0.09984655995698968,-0.15752627398678984,-1.0190989186448345,Action,8195,0.9392312385600976
395520,Missing Translation,2015-09-24,False,0.0,True,0,"AlPixel Games, Luis Diaz, Gustavo Santos, Albert Fernandez, Tice Thomason",GamesBoosters,"Adventure, Casual, Free To Play, Indie","Single-player, Steam Achievements, Steam Trading Cards","Free to Play, Pixel Graphics, Indie, Puzzle, Adventure, Casual, Great Soundtrack, Point & Click, Singleplayer, 2D",True,True,False,111,2860,401,"200,000 .. 500,000",61,0,72,2,0,1,6,2015,9,350000.0,True,0.0,-0.1410692698790946,-0.37283915398181156,-0.09984655995698968,-0.29840052181524324,-0.5615191989877737,Adventure,3261,0.8770315854032505
728540,Islands of Nyne: Battle Royale,2018-07-12,False,0.0,False,0,Define Human Studios,Define Human Studios,"Action, Indie, Early Access","Multi-player, PvP, Online PvP, In-App Purchases, Partial Controller Support, Stats, Family Sharing","Early Access, Battle Royale, FPS, Multiplayer, Action, Survival, Shooter, Indie, First-Person, Free to Play",True,False,False,4741,3387,3302,"1,000,000 .. 2,000,000",215,0,119,0,0,0,0,2018,7,1500000.0,True,0.0,-0.10853494562972282,-0.32644383657796017,-0.14209042723478343,-0.3453586044247277,0.12485038049781758,Action,6689,0.5063537150545672
2063480,Voltage High Society,2022-07-27,False,14.99,False,0,Platonic Partnership,Coyote Time Publishing,"Action, Early Access","Single-player, Steam Achievements, Full controller support, Camera Comfort, Custom Volume Controls, Adjustable Difficulty, Playable without Timed Input, Stereo Sound, Steam Cloud, Family Sharing","Early Access, FPS, Shooter, Noir, Singleplayer, Cyberpunk, Horror, Post-apocalyptic, Controller, Nonlinear",True,False,False,0,112,12,"200,000 .. 500,000",15,0,15,0,0,0,5,2022,7,350000.0,False,2.771963526845863,-0.14184925043885277,-0.3866974955440009,-0.14209042723478343,-0.306226868916824,1.0400098198119392,Action,124,0.9032258064516129
834740,Circle Empires,2018-08-08,False,8.99,False,0,Luminous,Iceberg Interactive,"Casual, Indie, Strategy","Single-player, Steam Achievements, Steam Trading Cards, Steam Cloud, Steam Leaderboards, Family Sharing","Strategy, Indie, Casual, RTS, Fantasy, Real-Time, Singleplayer, Multiplayer, 2D",True,True,True,3699,3504,418,"200,000 .. 500,000",384,0,198,32,0,2,82,2018,8,350000.0,False,2.301584592660462,-0.1158569252988039,-0.2755294947516558,-0.05760269267919593,0.2964018579048934,0.12485038049781758,Casual,3922,0.8934217236104028
1283220,Devolverland Expo,2020-07-11,False,0.0,True,0,Flying Wild Hog,Devolver Digital,"Action, Adventure, Free To Play, Indie","Single-player, Steam Achievements, Partial Controller Support","Free to Play, Action, FPS, Adventure, Indie, Singleplayer, Multiplayer, First-Person, Gore, Horror",True,False,False,0,5110,616,"500,000 .. 1,000,000",42,0,43,0,0,0,22,2020,7,750000.0,True,0.0,-0.14184925043885277,-0.3785632515835854,-0.14209042723478343,-0.17317896818995132,0.5824301001548784,Action,5726,0.8924205378973105
1971870,Mortal Kombat 1,2023-09-19,False,49.99,False,0,"NetherRealm Studios, QLOC",Warner Bros. Games,Action,"Single-player, Multi-player, PvP, Online PvP, Shared/Split Screen PvP, Shared/Split Screen, Cross-Platform Multiplayer, Steam Achievements, Full controller support, Steam Trading Cards, In-App Purchases, Chat Speech-to-text, Chat Text-to-speech, Custom Volume Controls, Keyboard Only Option, Narrated Game Menus, Stereo Sound, Subtitle Options, Surround Sound, Steam Cloud, Remote Play on TV, Remote Play Together, HDR available, Family Sharing","Fighting, Action, Gore, Multiplayer, 2D Fighter, Blood, Martial Arts, Violent, PvP, Arcade",True,False,False,30875,25879,11246,"500,000 .. 1,000,000",2206,180,676,1149,18,28,50,2023,9,750000.0,False,3.9316295350670645,0.07510480165604003,0.27338133842897533,1.0407378565434418,0.04595875065430953,1.2687996796404697,Action,37125,0.6970774410774411
367500,Dragon's Dogma: Dark Arisen,2016-01-15,False,29.99,False,0,Capcom,Capcom,"Action, Adventure, RPG","Single-player, Steam Achievements, Full controller support, Steam Trading Cards, Steam Cloud, Steam Leaderboards, Remote Play on Phone, Remote Play on Tablet, Remote Play on TV, Family Sharing","RPG, Open World, Character Customization, Fantasy, Action, Adventure, Singleplayer, Action RPG, Dragons, Dark Fantasy",True,False,False,36807,41310,5376,"2,000,000 .. 5,000,000",1498,0,374,329,17,1,59,2016,1,3500000.0,False,3.433664571799657,0.1167880870658183,0.06008338568919114,-0.09984655995698968,0.11639587456853623,-0.33272933915924324,Action,46686,0.884847705950392
516750,My Summer Car,2025-01-08,False,14.99,False,0,Amistech Games,Amistech Games,"Indie, Racing, Simulation","Single-player, Steam Achievements, Steam Trading Cards, Partial Controller Support, Steam Cloud, Family Sharing","Automobile Sim, Simulation, Driving, Open World, Survival, Realistic, First-Person, Building, Racing, Singleplayer",True,False,False,103875,86445,4949,"1,000,000 .. 2,000,000",2986,128,667,1044,0,0,77,2025,1,1500000.0,False,2.771963526845863,0.5880649896050982,0.5083706083965343,-0.14209042723478343,0.25727012239698965,1.7263793992975305,Indie,91394,0.9458498369696041
736590,Operation: Harsh Doorstop,2023-02-15,False,0.0,True,0,Drakeling Labs,Unknown,"Action, Casual, Indie, Simulation, Strategy, Free To Play, Early Access","Single-player, Multi-player, PvP, Online PvP, Co-op, Online Co-op, Steam Workshop, Includes level editor","Free to Play, Military, FPS, Realistic, Multiplayer, Tactical, Shooter, Action, Singleplayer, Simulation",True,False,False,0,14167,4253,"2,000,000 .. 5,000,000",103,27,41,119,0,6,0,2023,2,3500000.0,True,0.0,-0.14184925043885277,-0.360185885598943,0.1113727764319791,-0.3453586044247277,1.2687996796404697,Action,18420,0.7691096634093377
1111460,小白兔电商~Bunny e-Shop,2021-11-11,False,10.99,False,0,"落叶岛项目组, 橘子班",NVLMaker,"Adventure, Indie, Simulation","Single-player, Steam Achievements, Full controller support, Steam Cloud, Family Sharing","Capitalism, Visual Novel, Dating Sim, Simulation, Anime, Story Rich, Cute, Life Sim, RPG, Tactical",True,False,False,9175,9575,614,"500,000 .. 1,000,000",574,0,562,10,0,4,89,2021,11,750000.0,False,2.4840729690394228,-0.07737788435073482,-0.21828851873391705,0.026885041876391583,0.3511862876159586,0.8112199599834088,Adventure,10189,0.9397389341446658
345890,NASCAR '15 Victory Edition,2015-05-22,False,0.0,False,0,Eutechnyx,Dusenberry Martin Racing,Racing,"Single-player, Multi-player, Steam Achievements, Full controller support, Steam Cloud, Steam Leaderboards, Remote Play on TV, Family Sharing","Racing, Automobile Sim, Multiplayer, Simulation, Singleplayer, Sports, Action, Driving",True,False,False,1308,1123,272,"200,000 .. 500,000",415,0,525,37,0,4,36,2015,5,350000.0,True,0.0,-0.13265812816710798,-0.26619017761191943,0.026885041876391583,-0.0636101087678209,-0.5615191989877737,Racing,1395,0.8050179211469534
547960,Space Beret,2016-10-25,False,0.99,False,0,Amaterasu Software,Amaterasu Software,"Action, Casual, Indie","Single-player, Steam Achievements, Steam Trading Cards, Family Sharing","Casual, Indie, Action, Shooter, Top-Down Shooter",True,False,False,0,354,331,"500,000 .. 1,000,000",225,0,216,0,0,0,3,2016,10,750000.0,False,0.688134638736401,-0.14184925043885277,-0.32343115362965813,-0.14209042723478343,-0.3218795631199855,-0.33272933915924324,Action,685,0.5167883211678832
2360,Hexen: Beyond Heretic,2007-08-03,False,0.0,False,0,Raven Software,id Software,Action,"Single-player, Steam Cloud, Family Sharing","Action, Fantasy, FPS, Shooter, Classic, First-Person, Dark Fantasy, Retro, Old School, 1990's",True,False,False,710,636,100,"200,000 .. 500,000",4,0,5,3,17,0,0,2007,8,350000.0,True,0.0,-0.13686018559715643,-0.3900114467871332,-0.14209042723478343,-0.3453586044247277,-2.391838077616017,Action,736,0.8641304347826086
742420,Saints Row,2023-08-24,False,29.99,False,0,Volition,Deep Silver,"Action, Adventure","Single-player, Multi-player, Co-op, Online Co-op, Cross-Platform Multiplayer, Steam Achievements, Full controller support, Steam Cloud, Family Sharing","Open World, Character Customization, Action, Co-op, Crime, Third-Person Shooter, Adventure, Sandbox, Singleplayer, Funny",True,False,False,5279,3883,2886,"200,000 .. 500,000",747,144,604,71,17,15,64,2023,8,350000.0,False,3.433664571799657,-0.10475449931305716,-0.16616910372829183,0.4915675819321229,0.15552761007643995,1.2687996796404697,Action,6769,0.5736445560644113
519190,Next Day: Survival,2018-05-21,False,9.99,False,0,SOFF Games,Last Level,"Action, Indie, RPG","Single-player, Multi-player, PvP, Online PvP, Steam Achievements, Steam Cloud, Family Sharing","Survival, Open World, Multiplayer, Post-apocalyptic, Crafting, Shooter, Co-op, Action, RPG, Singleplayer",True,False,False,8637,6433,3857,"500,000 .. 1,000,000",620,0,90,3,0,1,35,2018,5,750000.0,False,2.39698576841553,-0.08115833066740048,-0.20443017717172768,-0.09984655995698968,-0.07143645586940164,0.12485038049781758,Action,10290,0.6251700680272109
1086940,Baldur's Gate 3,2023-08-03,False,59.99,False,0,Larian Studios,Larian Studios,"Adventure, RPG, Strategy","Single-player, Multi-player, Co-op, Online Co-op, LAN Co-op, Cross-Platform Multiplayer, Steam Achievements, Full controller support, Steam Trading Cards, Adjustable Text Size, Camera Comfort, Color Alternatives, Custom Volume Controls, Adjustable Difficulty, Playable without Timed Input, Save Anytime, Stereo Sound, Subtitle Options, Surround Sound, Steam Cloud, Remote Play on TV, Remote Play Together, Family Sharing","RPG, Character Customization, Choices Matter, Story Rich, Turn-Based Combat, Dungeons & Dragons, CRPG, Fantasy, Adventure, Sexual Content",True,True,False,734964,736688,23974,"20,000,000 .. 50,000,000",7794,685,4392,54771,17,2,54,2023,8,35000000.0,False,4.110709916308365,5.022633921832266,1.9568685699401533,-0.05760269267919593,0.07726413906063251,1.2687996796404697,Adventure,760662,0.9684827163707402
65930,The Bureau: XCOM Declassified,2013-08-19,False,19.99,False,0,2K Marin,2K,Action,"Single-player, Steam Achievements, Full controller support, Steam Trading Cards, Steam Cloud, Remote Play on TV, Family Sharing","Action, Tactical, Sci-fi, Third-Person Shooter, Singleplayer, Third Person, Aliens, Strategy, Shooter, RPG",True,True,False,4808,8277,3509,"2,000,000 .. 5,000,000",336,0,195,15,17,3,41,2013,8,3500000.0,False,3.0440461338325417,-0.10806414655311204,-0.28999037290350554,-0.015358825401402173,-0.024478373259917176,-1.0190989186448345,Action,11786,0.7022738842694722
576770,Low Magic Age,2017-01-10,False,5.99,False,60,Low Magic Studios,Low Magic Studios,"Adventure, Casual, Indie, RPG, Strategy, Early Access","Single-player, Steam Achievements, Steam Trading Cards, Steam Workshop, Steam Cloud, Family Sharing","Early Access, Dungeons & Dragons, Turn-Based Combat, Turn-Based Tactics, Party-Based RPG, Turn-Based Strategy, Turn-Based, Dungeon Crawler, Grid-Based Movement, Team-Based",True,False,False,3261,2842,342,"200,000 .. 500,000",89,9,54,41,0,0,12,2017,1,350000.0,False,1.944480556245719,-0.11893468642649825,-0.36440364172656586,-0.14209042723478343,-0.25144243920575876,-0.10393947933071283,Adventure,3184,0.8925879396984925
223830,Xenonauts,2014-06-16,False,24.99,False,0,Goldhawk Interactive,Goldhawk Interactive,"Indie, Simulation, Strategy","Single-player, Steam Trading Cards, Family Sharing","Turn-Based Strategy, Turn-Based Tactics, Turn-Based Combat, Base-Building, Grand Strategy, Management, Singleplayer, Strategy, Tactical, Aliens",True,True,True,3768,4265,624,"500,000 .. 1,000,000",1376,0,602,53,0,0,0,2014,6,750000.0,False,3.2577118486533987,-0.11537207251841369,0.02332865371990629,-0.14209042723478343,-0.3453586044247277,-0.7903090588163041,Indie,4889,0.8723665371241562
368500,Assassin's Creed® Syndicate,2015-11-18,False,29.99,False,0,"Ubisoft Quebec, in collaboration with Ubisoft Annecy, Bucharest, Kiev, Montreal, Montpellier, Shanghai, Singapore, Sofia, Toronto studios",Ubisoft,"Action, Adventure","Single-player, Steam Achievements, In-App Purchases, Custom Volume Controls, Adjustable Difficulty, Mouse Only Option, Save Anytime, Stereo Sound, Surround Sound, Partial Controller Support","Assassin, Open World, Action, Stealth, Parkour, Historical, Adventure, Third Person, Singleplayer, Story Rich",True,False,False,30203,23779,5900,"2,000,000 .. 5,000,000",1160,877,730,173,17,9,56,2015,11,3500000.0,False,3.433664571799657,0.0703827571861528,-0.0417452979634177,0.23810437826536038,0.092916833263794,-0.5615191989877737,Action,29679,0.8012062401024294
250110,Assault Android Cactus+,2015-09-23,False,19.99,False,0,Witch Beam,Witch Beam,"Action, Indie","Single-player, Multi-player, Co-op, Shared/Split Screen Co-op, Shared/Split Screen, Steam Achievements, Full controller support, Steam Trading Cards, Steam Cloud, Steam Leaderboards, Remote Play on Phone, Remote Play on Tablet, Remote Play on TV, Remote Play Together, Family Sharing","Bullet Hell, Twin Stick Shooter, Shoot 'Em Up, Difficult, Shooter, Female Protagonist, Arcade, Cute, Top-Down, 3D",True,True,True,1310,1843,115,"200,000 .. 500,000",252,0,119,1,0,1,29,2015,9,350000.0,False,3.0440461338325417,-0.13264407446332857,-0.3152969096692426,-0.09984655995698968,-0.11839453847888612,-0.5615191989877737,Action,1958,0.9412665985699693
266410,iRacing,2015-01-12,False,9.99,False,0,"iRacing.com Motorsport Simulations, iRacing","iRacing.com Motorsport Simulations, iRacing","Massively Multiplayer, Racing, Simulation, Sports","Single-player, Multi-player, MMO, PvP, Online PvP, VR Support, Partial Controller Support, Family Sharing","Racing, Automobile Sim, Simulation, VR, Sports, Driving, Multiplayer, Massively Multiplayer, Realistic, Singleplayer",True,False,False,5140,4323,700,"500,000 .. 1,000,000",1180,402,774,354,0,0,0,2015,1,750000.0,False,2.39698576841553,-0.10573123172572728,-0.035719932066813634,-0.14209042723478343,-0.3453586044247277,-0.5615191989877737,Massively Multiplayer,5023,0.8606410511646426
255420,Magic 2015 - Duels of the Planeswalkers,2014-07-16,False,0.0,False,0,Stainless Games,Wizards of the Coast,Strategy,"Single-player, Multi-player, Steam Achievements, Steam Trading Cards, Partial Controller Support, Stats, Family Sharing","Card Game, Strategy, Trading Card Game, Magic, Multiplayer, Turn-Based, Fantasy, Singleplayer, Turn-Based Strategy, Adventure",True,False,False,3404,1817,2190,"200,000 .. 500,000",1535,0,301,2,0,0,35,2014,7,350000.0,True,0.0,-0.11792984660626928,0.07123031259790867,-0.14209042723478343,-0.07143645586940164,-0.7903090588163041,Strategy,4007,0.4534564512103818
234330,MARVEL Puzzle Quest,2013-12-05,False,0.0,True,0, Infinity Plus 2,505 Go Inc,"Casual, RPG, Strategy, Free To Play","Single-player, Multi-player, PvP, Online PvP, Cross-Platform Multiplayer, In-App Purchases","Puzzle, Match 3, Free to Play, Superhero, RPG, Turn-Based, 2D, Turn-Based Combat, Collectathon, PvE",True,False,False,0,3068,1319,"500,000 .. 1,000,000",99,0,56,271,0,4,0,2013,12,750000.0,True,0.0,-0.14184925043885277,-0.3613909587782638,0.026885041876391583,-0.3453586044247277,-1.0190989186448345,Casual,4387,0.6993389560063825
673560,IOSoccer,2018-06-08,False,0.0,True,0,IOSoccer Team,IOSoccer Team,"Indie, Sports, Free To Play, Early Access","Multi-player, PvP, Online PvP, Co-op, Online Co-op","Free to Play, Sports, Multiplayer, Football (Soccer), Indie, Early Access, Massively Multiplayer, Sexual Content, 3D",True,False,False,0,2287,522,"200,000 .. 500,000",98,0,68,28,0,0,0,2018,6,350000.0,True,0.0,-0.14184925043885277,-0.361692227073094,-0.14209042723478343,-0.3453586044247277,0.12485038049781758,Indie,2809,0.8141687433250266
21690,Resident Evil 5,2009-09-15,False,19.99,False,0,Capcom,Capcom,"Action, Adventure","Single-player, Multi-player, Co-op, Steam Achievements, Full controller support, Steam Trading Cards, Steam Cloud, Steam Leaderboards, Family Sharing","Co-op, Action, Zombies, Co-op Campaign, Third-Person Shooter, Online Co-Op, Horror, Multiplayer, Adventure, Third Person",True,False,False,43844,42807,6310,"1,000,000 .. 2,000,000",852,182,623,566,17,1,70,2009,9,1500000.0,False,3.0440461338325417,0.16623604381372958,-0.13453593277112044,-0.09984655995698968,0.20248569268592442,-1.934258357958956,Action,49117,0.8715312417289329
512790,Quern - Undying Thoughts,2016-11-28,False,24.99,False,0,Zadbox Entertainment,"Blue Brain Games, Zadbox Entertainment",Adventure,"Single-player, Steam Achievements, Steam Trading Cards, Captions available, Partial Controller Support, Steam Cloud, Family Sharing","Adventure, Puzzle, Mystery, Atmospheric, Exploration, Walking Simulator, Singleplayer, First-Person, Story Rich, Narration",True,True,True,3670,3248,296,"500,000 .. 1,000,000",529,0,129,5,0,1,18,2016,11,750000.0,False,3.2577118486533987,-0.11606070400360559,-0.23184559200127622,-0.09984655995698968,-0.2044843565962743,-0.33272933915924324,Adventure,3544,0.9164785553047404
612020,Zombidle : REMONSTERED,2017-05-30,False,0.0,True,0,Berzerk Studio,Berzerk Studio,"Casual, Free To Play, Indie, Strategy","Single-player, Cross-Platform Multiplayer, Steam Achievements, Steam Trading Cards, In-App Purchases, Steam Cloud","Free to Play, Clicker, Casual, Indie, Zombies, Strategy, 2D, Funny, Multiplayer, Idler",True,False,False,0,1484,257,"200,000 .. 500,000",1156,0,722,75,0,2,35,2017,5,350000.0,True,0.0,-0.14184925043885277,-0.042950371142738517,-0.05760269267919593,-0.07143645586940164,-0.10393947933071283,Casual,1741,0.8523836875358989
33120,Alien Shooter 2: Reloaded,2009-05-27,False,4.99,False,0,Sigma Team Inc.,Sigma Team Inc.,"Action, Indie, RPG","Single-player, Steam Trading Cards, Family Sharing","Aliens, Looter Shooter, Shoot 'Em Up, PvE, Shooter, Character Customization, Action RPG, 3D, RPG, Isometric",True,False,False,2428,3012,271,"200,000 .. 500,000",316,0,181,26,0,0,0,2009,5,350000.0,False,1.7900914121273581,-0.12478805405062929,-0.2960157388001096,-0.14209042723478343,-0.3453586044247277,-1.934258357958956,Action,3283,0.9174535485836125
606280,Darksiders III,2018-11-27,False,39.99,False,0,Gunfire Games,THQ Nordic,"Action, Adventure, RPG","Single-player, Steam Achievements, Full controller support, Steam Trading Cards, Steam Cloud, Remote Play on Phone, Remote Play on Tablet, Remote Play on TV, Family Sharing","Hack and Slash, Action, Female Protagonist, Souls-like, Singleplayer, Adventure, RPG, Action-Adventure, Open World, Violent",True,False,False,12035,11626,3571,"1,000,000 .. 2,000,000",1001,0,440,52,0,3,64,2018,11,1500000.0,False,3.7133281345162463,-0.057281087946155274,-0.08964695684142009,-0.015358825401402173,0.15552761007643995,0.12485038049781758,Action,15197,0.7650194117259985
34830,Sniper: Ghost Warrior,2010-06-24,False,7.99,False,0,City Interactive,CI Games,Action,"Single-player, Multi-player, Steam Achievements, Partial Controller Support, Family Sharing","Action, Sniper, FPS, Singleplayer, Multiplayer, Stealth, Shooter, First-Person, Bullet Time, Adventure",True,False,False,5561,4744,3381,"1,000,000 .. 2,000,000",236,31,142,18,0,2,24,2010,6,1500000.0,False,2.196112848483529,-0.10277292708015806,-0.3201172023865259,-0.05760269267919593,-0.15752627398678984,-1.7054684981304258,Action,8125,0.5838769230769231
528740,Operation: New Earth,2016-12-14,False,0.0,True,0,Hunted Cow Games,Hunted Cow Games,"Massively Multiplayer, Simulation, Strategy, Free To Play","Multi-player, MMO, PvP, Online PvP, Cross-Platform Multiplayer, Steam Achievements, Steam Trading Cards, In-App Purchases","Strategy, Free to Play, Massively Multiplayer, Simulation, Sci-fi, Multiplayer, Tactical, Futuristic, Aliens, Survival",True,True,False,0,468,306,"200,000 .. 500,000",265,0,245,235,0,0,38,2016,12,350000.0,True,0.0,-0.14184925043885277,-0.31138042183645,-0.14209042723478343,-0.04795741456465941,-0.33272933915924324,Massively Multiplayer,774,0.6046511627906976
752590,A Plague Tale: Innocence,2019-05-14,False,7.99,False,80,Asobo Studio,Focus Entertainment,"Action, Adventure","Single-player, Steam Achievements, Full controller support, Steam Trading Cards, Steam Cloud, Remote Play on Phone, Remote Play on Tablet, Remote Play on TV, Family Sharing","Story Rich, Adventure, Stealth, Female Protagonist, Medieval, Atmospheric, Singleplayer, Third Person, Action, Dark",True,False,False,58087,58909,4133,"1,000,000 .. 2,000,000",477,0,462,145,17,1,35,2019,5,1500000.0,False,2.196112848483529,0.26631949527891363,-0.24751154333244682,-0.09984655995698968,-0.07143645586940164,0.353640240326348,Action,63042,0.9344405317090194
361630,404Sight,2015-04-16,False,0.0,True,0,Retro Yeti Games,Retro Yeti Games,"Action, Indie","Single-player, Steam Achievements, Partial Controller Support","Action, Indie, Parkour, Free to Play, Female Protagonist, Third Person, Runner, Great Soundtrack, Singleplayer, First-Person",True,False,False,0,1480,258,"200,000 .. 500,000",2203,0,32,1,0,0,19,2015,4,350000.0,True,0.0,-0.14184925043885277,0.27247753354448473,-0.14209042723478343,-0.19665800949469356,-0.5615191989877737,Action,1738,0.8515535097813579
268910,Cuphead,2017-09-29,False,19.99,False,0,Studio MDHR Entertainment Inc.,Studio MDHR Entertainment Inc.,"Action, Indie","Single-player, Multi-player, Co-op, Shared/Split Screen Co-op, Shared/Split Screen, Steam Achievements, Full controller support, Steam Trading Cards, Steam Cloud, Remote Play on Phone, Remote Play on Tablet, Remote Play on TV, Remote Play Together, Family Sharing","Difficult, Cartoon, Co-op, Platformer, Great Soundtrack, Local Co-Op, 2D, Multiplayer, Hand-drawn, Indie",True,True,False,186169,179894,6941,"5,000,000 .. 10,000,000",1349,74,444,2080,0,3,42,2017,9,7500000.0,False,3.0440461338325417,1.1663327390171503,0.01519440975949079,-0.015358825401402173,-0.01665202615833643,-0.10393947933071283,Action,186835,0.9628495731527819
1337520,Risk of Rain Returns,2023-11-08,False,9.74,False,35,Hopoo Games,Gearbox Publishing,Action,"Single-player, Multi-player, Co-op, Online Co-op, Shared/Split Screen Co-op, Shared/Split Screen, Steam Achievements, Full controller support, Steam Trading Cards, Adjustable Text Size, Camera Comfort, Color Alternatives, Custom Volume Controls, Adjustable Difficulty, Keyboard Only Option, Playable without Timed Input, Stereo Sound, Subtitle Options, Steam Cloud, Remote Play Together, Family Sharing","Action Roguelike, Online Co-Op, Multiplayer, 2D, PvE, Local Co-Op, Looter Shooter, Sci-fi, Action, Controller",True,False,False,24670,25087,2736,"1,000,000 .. 2,000,000",1189,0,676,220,0,1,155,2023,11,1500000.0,False,2.3739750890807185,0.031503185680370076,-0.0330085174133418,-0.09984655995698968,0.8677251963202878,1.2687996796404697,Action,27823,0.9016640908600798
1154040,SpellForce 3 Fallen God,2020-11-03,False,19.99,False,0,Grimlore Games,THQ Nordic,"RPG, Strategy","Single-player, Multi-player, PvP, Online PvP, Co-op, Online Co-op, Steam Achievements, Full controller support, Steam Trading Cards, Steam Workshop, Steam Cloud, Includes level editor, Family Sharing","RPG, Strategy, RTS, City Builder, Strategy RPG, Fantasy, Co-op, Magic, PvP, Multiplayer",True,False,False,1296,1288,177,"200,000 .. 500,000",302,0,47,1,0,2,35,2020,11,350000.0,False,3.0440461338325417,-0.13274245038978455,-0.30023349492773244,-0.05760269267919593,-0.07143645586940164,0.5824301001548784,RPG,1465,0.8791808873720136
19900,Far Cry® 2,2008-10-22,False,9.99,False,0,Ubisoft Montreal,Ubisoft,Action,"Single-player, Multi-player, Family Sharing","Open World, FPS, Action, Shooter, Singleplayer, First-Person, Multiplayer, Adventure, Realistic, Sandbox",True,False,False,16786,12895,3942,"1,000,000 .. 2,000,000",476,31,193,77,17,0,0,2008,10,1500000.0,False,2.39698576841553,-0.023896514618128212,-0.24781281162727703,-0.14209042723478343,-0.3453586044247277,-2.1630482177874866,Action,16837,0.7658727801864941
9880,Champions Online,2011-06-14,False,0.0,True,0,Cryptic Studios,Arc Games,"Massively Multiplayer, RPG, Free To Play","Multi-player, MMO, Co-op, Steam Achievements","MMORPG, Superhero, Character Customization, Free to Play, Action RPG, Massively Multiplayer, Comic Book, Third Person, Combat, Online Co-Op",True,False,False,192,2990,1192,"500,000 .. 1,000,000",931,0,160,113,0,0,709,2011,6,750000.0,True,0.0,-0.14050009487602783,-0.11073573747953434,-0.14209042723478343,5.20352149059602,-1.4766786383018953,Massively Multiplayer,4182,0.7149689143950263
3156770,Witchfire,2024-09-23,False,39.99,False,0,The Astronauts,The Astronauts,"Action, Early Access","Single-player, Steam Achievements, Full controller support, Steam Trading Cards, Steam Cloud, Family Sharing","FPS, Extraction Shooter, Rogue-lite, Dark Fantasy, Souls-like, Shooter, RPG, Early Access, PvE, Exploration",True,False,False,13732,7976,599,"200,000 .. 500,000",512,152,383,127,0,0,30,2024,9,350000.0,False,3.7133281345162463,-0.0453565202893121,-0.2369671530133897,-0.14209042723478343,-0.11056819137730538,1.497589539469,Action,8575,0.9301457725947522
1049800,BLOCKADE,2019-05-21,False,0.0,True,0,Novalink,Novalink,"Action, Indie, Massively Multiplayer, Free To Play","Multi-player, PvP, Online PvP, In-App Purchases","Free to Play, Action, FPS, Shooter, Multiplayer, Pixel Graphics, Massively Multiplayer, Indie, First-Person, Zombies",True,False,False,0,8570,2889,"1,000,000 .. 2,000,000",253,0,82,21,0,0,0,2019,5,1500000.0,True,0.0,-0.14184925043885277,-0.31499564137441244,-0.14209042723478343,-0.3453586044247277,0.353640240326348,Action,11459,0.7478837594903569
1016800,Chernobylite Complete Edition,2021-07-28,False,29.99,False,0,The Farm 51,The Farm 51,"Action, Adventure, Indie, RPG, Simulation","Single-player, Steam Achievements, Full controller support, Steam Trading Cards, Steam Cloud, Remote Play on TV, Family Sharing","Post-apocalyptic, Survival, Horror, RPG, Singleplayer, Atmospheric, Adventure, First-Person, Exploration, Survival Horror",True,False,False,12292,11784,2556,"500,000 .. 1,000,000",530,0,191,76,17,10,35,2021,7,750000.0,False,3.433664571799657,-0.05547518701049901,-0.231544323706446,0.28034824554315413,-0.07143645586940164,0.8112199599834088,Action,14340,0.8217573221757322
332310,LEGO® Worlds,2017-03-07,False,4.49,False,85,"TT Games, Traveller's Tales",Warner Bros. Interactive Entertainment,Adventure,"Single-player, Multi-player, PvP, Online PvP, Co-op, Online Co-op, Shared/Split Screen, Steam Achievements, Full controller support, Remote Play on Phone, Remote Play on Tablet, Remote Play on TV, Remote Play Together, Family Sharing","LEGO, Open World, Building, Sandbox, Adventure, Multiplayer, Exploration, Family Friendly, Singleplayer, Third Person",True,False,False,12445,11995,3308,"500,000 .. 1,000,000",645,0,268,43,0,4,71,2017,3,750000.0,False,1.7029282555214393,-0.05440007867137289,-0.1968984698009726,0.026885041876391583,0.21031203978750518,-0.10393947933071283,Adventure,15303,0.7838332353133373
684580,Shoppe Keep 2,2019-04-25,False,9.99,False,0,Strange Fire,Excalibur Publishing,"Adventure, Indie, RPG, Simulation, Strategy","Single-player, Multi-player, PvP, Online PvP, Co-op, Online Co-op, Steam Achievements, Steam Trading Cards, Family Sharing","Trading, Management, Exploration, Open World, FPS, Sandbox, Funny, Fishing, Building, PvP",True,False,False,1520,1250,970,"200,000 .. 500,000",647,0,152,3,0,2,36,2019,4,350000.0,False,2.39698576841553,-0.1311684355664888,-0.1962959332113122,-0.05760269267919593,-0.0636101087678209,0.353640240326348,Adventure,2220,0.5630630630630631
825310,Dude Simulator 2,2018-07-27,False,4.99,False,0,Kiddy,Kiddy,"Action, Adventure, Indie, Racing, Simulation","Single-player, Steam Trading Cards, Family Sharing","Life Sim, Indie, Simulation, Racing, Action, Adventure, Open World, Funny, Sandbox, Singleplayer",True,False,False,1754,1144,874,"200,000 .. 500,000",113,0,88,1,0,0,0,2018,7,350000.0,False,1.7900914121273581,-0.12952415222429592,-0.35717320265064095,-0.14209042723478343,-0.3453586044247277,0.12485038049781758,Action,2018,0.5668979187314173
264140,Pixel Piracy,2014-07-31,False,14.99,False,0,Vitali Kirpu,Vitali Kirpu,"Adventure, Indie, RPG, Simulation","Single-player, Steam Achievements, Steam Trading Cards, Family Sharing","Action Roguelike, Sandbox, Side Scroller, Pirates, Rogue-like, Action RPG, Procedural Generation, Rogue-lite, Open World, Simulation",True,True,True,5716,4814,2543,"200,000 .. 500,000",421,0,293,4,0,2,31,2014,7,350000.0,False,2.771963526845863,-0.10168376503725253,-0.26438256784293823,-0.05760269267919593,-0.10274184427572462,-0.7903090588163041,Adventure,7357,0.6543428027728694
1061090,Jump King,2019-05-03,False,12.99,False,0,Nexile,Nexile,"Action, Adventure, Indie","Single-player, Steam Achievements, Full controller support, Steam Cloud, Remote Play on Phone, Remote Play on Tablet, Remote Play on TV, Family Sharing","Psychological Horror, Difficult, Precision Platformer, Indie, Pixel Graphics, Adventure, Platformer, 2D, Action, Singleplayer",True,False,False,12047,11081,1222,"500,000 .. 1,000,000",322,0,160,60,0,1,48,2019,5,750000.0,False,2.63834278867739,-0.05719676572347872,-0.29420812903112836,-0.09984655995698968,0.030306056451148037,0.353640240326348,Action,12303,0.9006746322035276
326410,Windward,2015-05-12,False,9.99,False,0,Tasharen Entertainment Inc.,Tasharen Entertainment Inc.,"Action, Adventure, Indie, RPG","Single-player, Multi-player, Co-op, Cross-Platform Multiplayer, Steam Achievements, Full controller support, Steam Trading Cards, Steam Cloud, Family Sharing","Pirates, Naval Combat, Naval, Sandbox, Adventure, Indie, Multiplayer, RPG, Trading, Open World",True,True,True,2665,2872,719,"200,000 .. 500,000",637,0,226,3,0,0,31,2015,5,350000.0,False,2.39698576841553,-0.12312269015276728,-0.19930861615961423,-0.14209042723478343,-0.10274184427572462,-0.5615191989877737,Action,3591,0.7997772208298524
485490,Dungeon Journey,2016-06-03,False,1.99,False,0,"Carbomb Software, Nova Dimension",Nova Dimension,"Action, Adventure, Casual, Indie, RPG, Simulation","Single-player, Steam Trading Cards, Steam Cloud, Family Sharing","Casual, RPG, Indie, Action, Adventure, Simulation, Dungeon Crawler, Rogue-like, 2D, Singleplayer",True,False,False,221,214,63,"500,000 .. 1,000,000",268,0,271,0,0,0,0,2016,6,750000.0,False,1.095273387402595,-0.14029631617122615,-0.3104766169519594,-0.14209042723478343,-0.3453586044247277,-0.33272933915924324,Action,277,0.7725631768953068
55100,Homefront,2011-03-14,False,19.99,False,0,"Kaos Studios, Digital Extremes",Deep Silver,Action,"Single-player, Multi-player, Steam Achievements, Partial Controller Support, Steam Cloud, Valve Anti-Cheat enabled, Family Sharing","Action, FPS, Shooter, Multiplayer, Singleplayer, First-Person, Military, War, Atmospheric, Short",True,False,False,3978,7787,4980,"2,000,000 .. 5,000,000",481,0,103,12,17,3,47,2011,3,3500000.0,False,3.0440461338325417,-0.11389643362157394,-0.246306470153126,-0.015358825401402173,0.022479709349567292,-1.4766786383018953,Action,12767,0.6099318555651289
757310,Sable,2021-09-23,False,6.24,False,75,Shedworks,Raw Fury,"Adventure, Indie, RPG","Single-player, Steam Achievements, Full controller support, Steam Cloud, Family Sharing","Atmospheric, Exploration, Story Rich, Female Protagonist, Adventure, Choose Your Own Adventure, Open World, Singleplayer, Multiple Endings, Choices Matter",True,False,False,5135,4858,756,"200,000 .. 500,000",454,0,320,18,0,0,56,2021,9,350000.0,False,1.979621206397625,-0.10576636598517584,-0.2544407141135415,-0.14209042723478343,0.092916833263794,0.8112199599834088,Adventure,5614,0.8653366583541147
1289810,Siralim Ultimate,2021-12-03,False,19.99,False,0,Thylacine Studios,Thylacine Studios LLC,"Indie, RPG, Strategy","Single-player, Steam Achievements, Full controller support, Steam Trading Cards, Color Alternatives, Custom Volume Controls, Adjustable Difficulty, Keyboard Only Option, Playable without Timed Input, Save Anytime, Family Sharing","Collectathon, Creature Collector, Dungeon Crawler, Party-Based RPG, Strategy RPG, Character Customization, RPG, Strategy, 2D, Isometric",True,True,True,2058,1908,113,"200,000 .. 500,000",1258,0,1556,134,0,2,320,2021,12,350000.0,False,3.0440461338325417,-0.12738798924982314,-0.012221005070057744,-0.05760269267919593,2.159072468081111,0.8112199599834088,Indie,2021,0.9440870856011875
313690,LEGO® Batman™ 3: Beyond Gotham,2014-11-11,False,4.99,False,75,TT Games Ltd,WB Games,"Action, Adventure","Single-player, Multi-player, Shared/Split Screen, Steam Achievements, Full controller support, Steam Cloud, Remote Play on Phone, Remote Play on Tablet, Remote Play on TV, Remote Play Together, Family Sharing","LEGO, Adventure, Open World, Multiplayer, Action, Superhero, Local Co-Op, Funny, Co-op, Space",True,False,False,7138,7792,949,"500,000 .. 1,000,000",696,160,285,76,0,10,70,2014,11,750000.0,False,1.7900914121273581,-0.09169158165008046,-0.18153378676463222,0.28034824554315413,0.20248569268592442,-0.7903090588163041,Action,8741,0.8914311863631164
698780,Doki Doki Literature Club!,2017-10-06,False,0.0,True,0,Team Salvato,Team Salvato,"Casual, Free To Play, Indie","Single-player, Remote Play on Phone, Remote Play on Tablet","Psychological Horror, Visual Novel, Anime, Free to Play, Dating Sim, Cute, Horror, Dark, Story Rich, Romance",True,True,False,432,203247,7470,"5,000,000 .. 10,000,000",4349,0,188,427,0,1,0,2017,10,7500000.0,True,0.0,-0.1388136504224967,0.9189992942501017,-0.09984655995698968,-0.3453586044247277,-0.10393947933071283,Casual,210717,0.9645496091914748
814380,Sekiro™: Shadows Die Twice - GOTY Edition,2019-03-21,False,59.99,False,0,"FromSoftware, Inc.","Activision (Excluding Japan and Asia), FromSoftware, Inc. (Japan), 方块游戏 (Asia)","Action, Adventure","Single-player, Steam Achievements, Full controller support, Steam Trading Cards, Steam Cloud, Remote Play on Tablet, Remote Play on TV, Family Sharing","Souls-like, Difficult, Action, Singleplayer, Ninja, Stealth, Adventure, Third Person, Open World, Story Rich",True,False,False,252634,307041,15193,"10,000,000 .. 20,000,000",2734,42,1583,6767,17,0,34,2019,3,15000000.0,False,4.110709916308365,1.6333724498669333,0.43245099809932286,-0.14209042723478343,-0.07926280297098239,0.353640240326348,Action,322234,0.9528510337208365
21120,F.E.A.R.,2010-05-21,False,9.99,False,0,"Monolith Productions, Inc., Timegate","Warner Bros. Games, Warner Bros. Interactive Entertainment",Action,"Single-player, Family Sharing",Unknown,True,False,False,13480,0,0,"1,000,000 .. 2,000,000",543,0,203,10,17,0,0,2010,5,1500000.0,False,2.39698576841553,-0.04712728696551981,-0.22762783587365337,-0.14209042723478343,-0.3453586044247277,-1.7054684981304258,Action,0,0.8471660663060372
1026680,FINAL FANTASY VIII - REMASTERED,2019-09-03,False,19.99,False,0,Square Enix,Square Enix,"Adventure, RPG","Single-player, Steam Achievements, Full controller support, Steam Trading Cards, Custom Volume Controls, Adjustable Difficulty, Keyboard Only Option, Steam Cloud, Remote Play on Phone, Remote Play on Tablet, Remote Play on TV, Family Sharing","RPG, Adventure, JRPG, Story Rich, Turn-Based, Great Soundtrack, Singleplayer, Classic, Fantasy, Turn-Based Combat",True,False,False,4541,3363,1239,"500,000 .. 1,000,000",1303,0,288,145,0,2,34,2019,9,750000.0,False,3.0440461338325417,-0.10994031600766545,0.0013360681973014214,-0.05760269267919593,-0.07926280297098239,0.353640240326348,Adventure,4602,0.7307692307692307
1432050,Nobody Saves the World,2022-01-18,False,6.24,False,75,Drinkbox Studios,Drinkbox Studios,"Action, Adventure, Indie, RPG","Single-player, Multi-player, Co-op, Online Co-op, Shared/Split Screen Co-op, Shared/Split Screen, Steam Achievements, Full controller support, Steam Trading Cards, Steam Cloud, Remote Play Together, Family Sharing","Singleplayer, Indie, Co-op, Multiplayer, Action, Hack and Slash, Adventure, Dungeon Crawler, 2D, Local Co-Op",True,False,False,5587,5623,546,"200,000 .. 500,000",279,0,266,27,0,2,41,2022,1,350000.0,False,1.979621206397625,-0.10259022893102551,-0.30716266570882717,-0.05760269267919593,-0.024478373259917176,1.0400098198119392,Action,6169,0.911492948614038
2135970,Magnus Positive Phototaxis,2022-11-29,False,4.99,False,0,"Sons of Welder, FM Simple Games Studio","Sons of Welder, FM Simple Games Studio","Adventure, Indie","Single-player, Steam Achievements, Family Sharing","Horror, Escape Room, Visual Novel, Surreal, Point & Click, Exploration, Puzzle, Philosophical, Noir, Psychological Horror",True,False,True,0,38,2,"200,000 .. 500,000",0,0,0,0,0,0,8,2022,11,350000.0,False,1.7900914121273581,-0.14184925043885277,-0.39121651996645396,-0.14209042723478343,-0.2827478276120818,1.0400098198119392,Adventure,40,0.95
1103210,We Become What We Behold [Fan-Made Port],2019-07-09,False,0.0,True,0,"Mismatch Studio, Nicky Case (Originally)",Mismatch Studio,"Casual, Indie",Single-player,"Free to Play, Violent, Gore, Indie, Casual, Point & Click, Short, Psychological Horror, Funny, 2D",True,True,False,0,5659,223,"200,000 .. 500,000",0,0,0,28,0,0,0,2019,7,350000.0,True,0.0,-0.14184925043885277,-0.39121651996645396,-0.14209042723478343,-0.3453586044247277,0.353640240326348,Casual,5882,0.9620877252635158
303610,Suicide Guy,2017-07-14,False,0.71,False,88,Fabio Ferrara,Chubby Pixel,Action,"Single-player, Steam Achievements, Full controller support, Steam Trading Cards, VR Support, Custom Volume Controls, Playable without Timed Input, Save Anytime, Stereo Sound, Surround Sound, Steam Cloud, Stats, Steam Leaderboards, Family Sharing","Funny, Action, Comedy, Singleplayer, Puzzle, Adventure, Physics, Indie, Platformer, 3D Platformer",True,True,True,2570,2391,322,"500,000 .. 1,000,000",110,0,140,7,0,1,10,2017,7,750000.0,False,0.5364933705145685,-0.12379024108229002,-0.35807700753513155,-0.09984655995698968,-0.26709513340892027,-0.10393947933071283,Action,2713,0.8813122005160339
1451190,Undisputed,2024-10-08,False,49.99,False,0,Steel City Interactive,Deep Silver,"Action, Simulation, Sports","Single-player, Multi-player, PvP, Online PvP, Shared/Split Screen PvP, Shared/Split Screen, Steam Achievements, Camera Comfort, Color Alternatives, Custom Volume Controls, Adjustable Difficulty, Playable without Timed Input, Stereo Sound, Partial Controller Support, Steam Cloud, Remote Play Together, Family Sharing","3D Fighter, Third Person, 3D, Combat, Controller, Boxing, Fighting, Sports, Realistic, Multiplayer",True,False,False,18521,12158,7191,"500,000 .. 1,000,000",1190,0,1022,503,0,8,37,2024,10,750000.0,False,3.9316295350670645,-0.011704926589475938,-0.0327072491185116,0.19586051098756663,-0.055783761666240154,1.497589539469,Action,19349,0.6283528864540803
1911390,Knightfall: A Daring Journey,2022-04-01,False,0.0,True,0,Landfall,Landfall,"Action, Indie, Racing, Free To Play","Multi-player, PvP, Online PvP, Co-op, Online Co-op","Indie, Racing, Online Co-Op, Horses, Battle Royale, Medieval, Romance, Funny, Shooter, Action",True,False,False,2679,6909,828,"500,000 .. 1,000,000",103,35,42,8,0,0,0,2022,4,750000.0,True,0.0,-0.12302431422631128,-0.360185885598943,-0.14209042723478343,-0.3453586044247277,1.0400098198119392,Action,7737,0.8929817758821249
2427700,Backpack Battles,2025-06-13,False,14.99,False,0,PlayWithFurcifer,"IndieArk, Shochiku (Japan)",Strategy,"Multi-player, PvP, Online PvP, Steam Achievements, Full controller support, Steam Trading Cards, Steam Cloud, Family Sharing","Early Access, Auto Battler, Inventory Management, Strategy, PvP, Roguelike Deckbuilder, Asynchronous Multiplayer, Multiplayer, Indie, Tactical",True,False,True,18268,13410,1370,"500,000 .. 1,000,000",3241,1112,781,1806,0,0,230,2025,6,750000.0,False,2.771963526845863,-0.013482720117573357,0.5851940235782361,-0.14209042723478343,1.4547012289388437,1.7263793992975305,Strategy,14780,0.9073071718538566
1583320,Pro Soccer Online,2025-12-05,False,4.99,False,0,Skywall Studios LLC,Skywall Studios LLC,Sports,"Multi-player, PvP, Online PvP, Steam Achievements, In-App Purchases","Sports, Football (Soccer), Multiplayer, 3D, e-sports, Third Person, First-Person, Real Time Tactics, Team-Based, Early Access",True,False,False,22701,21717,2463,"200,000 .. 500,000",563,0,175,690,0,0,8,2025,12,350000.0,False,1.7900914121273581,0.017667314309524933,-0.2216024699770493,-0.14209042723478343,-0.2827478276120818,1.7263793992975305,Sports,24180,0.8981389578163772
32430,STAR WARS™ - The Force Unleashed™ Ultimate Sith Edition,2009-12-15,False,19.99,False,0,LucasArts,"LucasArts, Lucasfilm, Disney",Action,"Single-player, Partial Controller Support, Steam Cloud, Family Sharing","Action, Singleplayer, Hack and Slash, Third Person, Sci-fi, Adventure, Story Rich, Controller, Quick-Time Events, Great Soundtrack",True,True,False,8373,8334,2681,"1,000,000 .. 2,000,000",278,0,159,197,0,0,0,2009,12,1500000.0,False,3.0440461338325417,-0.08301341956628475,-0.30746393400365735,-0.14209042723478343,-0.3453586044247277,-1.934258357958956,Action,11015,0.756604630049932
493340,Planet Coaster,2016-11-17,False,44.99,False,0,"Frontier Developments, Aspyr (Mac)","Frontier Developments, Aspyr (Mac)","Action, Adventure, Casual, Simulation, Strategy","Single-player, Steam Achievements, Steam Trading Cards, Steam Workshop, Steam Cloud, Family Sharing","Simulation, Building, Management, Sandbox, Family Friendly, Relaxing, Strategy, Singleplayer, Economy, Realistic",True,True,False,59284,64131,6147,"2,000,000 .. 5,000,000",1397,262,261,687,0,11,32,2016,11,3500000.0,False,3.8284239815518326,0.2747306369909002,0.029655287911340568,0.3225921128209479,-0.09491549717414388,-0.33272933915924324,Action,70278,0.9125330828993427
578330,LEGO® City Undercover,2017-04-04,False,2.99,False,85,Traveller's Tales,TT Games,Action,"Single-player, Multi-player, Shared/Split Screen, Steam Achievements, Full controller support, Steam Cloud, Remote Play on Phone, Remote Play on Tablet, Remote Play on TV, Remote Play Together, Family Sharing","LEGO, Open World, Action, Co-op, Adventure, Multiplayer, Comedy, Family Friendly, Funny, Singleplayer",True,False,False,6999,8783,889,"500,000 .. 1,000,000",1234,0,345,115,0,0,48,2017,4,750000.0,False,1.3837912309017721,-0.09266831406275058,-0.01945144414598263,-0.14209042723478343,0.030306056451148037,-0.10393947933071283,Action,9672,0.9080851943755169
207140,SpeedRunners,2016-04-19,False,14.99,False,0,DoubleDutch Games,tinyBuild,"Action, Casual, Indie, Racing, Sports","Single-player, Multi-player, PvP, Online PvP, Shared/Split Screen PvP, Shared/Split Screen, Cross-Platform Multiplayer, Steam Achievements, Full controller support, Steam Trading Cards, Steam Workshop, Steam Cloud, Stats, Includes level editor, Remote Play on Phone, Remote Play on Tablet, Remote Play on TV, Remote Play Together, Family Sharing","Multiplayer, Racing, Local Multiplayer, Indie, Competitive, Fast-Paced, Platformer, Action, 2D, 4 Player Local",True,True,True,22760,34525,2215,"2,000,000 .. 5,000,000",1493,0,267,195,0,3,29,2016,4,3500000.0,False,2.771963526845863,0.018081898571018006,0.05857704421504012,-0.015358825401402173,-0.11839453847888612,-0.33272933915924324,Action,36740,0.9397114861186717
310080,Hatoful Boyfriend,2014-09-04,False,9.99,False,0,"Mediatonic, Hato Moa",Epic Games,"Casual, Indie, Simulation","Single-player, Steam Achievements, Steam Trading Cards, Family Sharing","Visual Novel, Dating Sim, Anime, Female Protagonist, Story Rich, Otome, Comedy, Romance, Multiple Endings, Birds",True,False,False,5514,7000,443,"200,000 .. 500,000",164,0,168,6,0,0,16,2014,9,350000.0,False,2.39698576841553,-0.10310318911897458,-0.3418085196143006,-0.14209042723478343,-0.2201370507994358,-0.7903090588163041,Casual,7443,0.9404809888485826
247120,Portal 2 Sixense Perceptual Pack,2013-09-20,False,0.0,False,0,Unknown,Sixense,"Action, Adventure","Single-player, Family Sharing","Adventure, Free to Play, Action, Multiplayer, Puzzle, First-Person, Singleplayer, Robots, FPS, Strategy",True,False,False,0,299,225,"1,000,000 .. 2,000,000",599,0,2,0,0,0,0,2013,9,1500000.0,True,0.0,-0.14184925043885277,-0.21075681136316196,-0.14209042723478343,-0.3453586044247277,-1.0190989186448345,Action,524,0.5706106870229007
1036240,Definitely Not Fried Chicken,2023-09-29,False,3.74,False,85,Dope Games,Silver Lining Interactive,"Simulation, Strategy","Single-player, Steam Achievements, Family Sharing","Management, Simulation, Crime, Sandbox, Capitalism, Economy, Singleplayer, Resource Management, 3D, Dark Humor",True,False,False,2082,1548,535,"200,000 .. 500,000",1683,1,131,241,0,0,58,2023,9,350000.0,False,1.556037135706985,-0.12721934480447003,0.11581802023277882,-0.14209042723478343,0.10856952746695549,1.2687996796404697,Simulation,2083,0.743158905424868
1110050,Evan's Remains,2020-06-11,False,6.99,False,0,maitan69,Whitethorn Games,"Adventure, Casual, Indie","Single-player, Steam Achievements, Full controller support, Camera Comfort, Playable without Timed Input, Family Sharing","Casual, Puzzle-Platformer, Visual Novel, Female Protagonist, Platformer, 2D, Pixel Graphics, Story Rich, Cute, Puzzle",True,True,False,1044,1637,230,"200,000 .. 500,000",259,0,276,2,0,1,17,2020,6,350000.0,False,2.0781907597781832,-0.13451321706599226,-0.31318803160543124,-0.09984655995698968,-0.21231070369785507,0.5824301001548784,Adventure,1867,0.8768077129084092
240,Counter-Strike: Source,2004-11-01,False,9.99,False,0,Valve,Valve,Action,"Multi-player, Cross-Platform Multiplayer, Steam Achievements, Camera Comfort, Color Alternatives, Custom Volume Controls, Stereo Sound, Subtitle Options, Surround Sound, Steam Cloud, Valve Anti-Cheat enabled, Stats, Includes Source SDK, Family Sharing","Shooter, FPS, Action, Multiplayer, Team-Based, First-Person, Competitive, Tactical, PvP, e-sports",True,False,True,133304,175426,6808,"10,000,000 .. 20,000,000",7414,407,366,6187,0,0,147,2004,11,15000000.0,False,2.39698576841553,0.7948582138674658,1.842386617904676,-0.14209042723478343,0.8051144195076418,-3.078207657101608,Action,182234,0.9626414390289408
881020,Granblue Fantasy: Relink,2024-01-31,False,39.99,False,0,"Cygames, Inc.","Cygames, Inc.","Action, Adventure, RPG","Single-player, Multi-player, Co-op, Online Co-op, Steam Achievements, Partial Controller Support, Steam Cloud, Family Sharing","Anime, JRPG, Action RPG, Action, Online Co-Op, Multiplayer, Fantasy, RPG, Singleplayer, Female Protagonist",True,False,False,37827,43116,4883,"2,000,000 .. 5,000,000",3100,57,1789,996,0,27,54,2024,1,3500000.0,False,3.7133281345162463,0.12395547599332568,0.5427151940071774,0.998493989265648,0.07726413906063251,1.497589539469,Action,47999,0.8982687139315403
562540,Cabals: Card Blitz,2017-02-08,False,0.0,True,0,Kyy Games,BISBOG SA,"Free To Play, Strategy","Single-player, Multi-player, PvP, Online PvP, Cross-Platform Multiplayer, In-App Purchases","Free to Play, Trading Card Game, Card Game, Card Battler, Hand-drawn, Strategy, Dystopian , 2D, Board Game, Dark",True,False,False,0,59,52,"200,000 .. 500,000",0,0,0,2,0,0,0,2017,2,350000.0,True,0.0,-0.14184925043885277,-0.39121651996645396,-0.14209042723478343,-0.3453586044247277,-0.10393947933071283,Strategy,111,0.5315315315315315
1361320,The Room 4: Old Sins,2021-02-11,False,8.99,False,0,Fireproof Games,Fireproof Games,Adventure,"Single-player, Steam Achievements, Steam Trading Cards, Steam Cloud, Family Sharing","Puzzle, Mystery, Point & Click, Adventure, Lovecraftian, Hidden Object, Singleplayer, Escape Room, Story Rich, Horror",True,False,False,17289,16047,230,"200,000 .. 500,000",510,583,299,30,0,0,9,2021,2,350000.0,False,2.301584592660462,-0.02036200811760251,-0.23756968960305008,-0.14209042723478343,-0.274921480510501,0.8112199599834088,Adventure,16277,0.985869631996068
1216710,Cyber Manhunt,2021-02-02,False,9.99,False,0,Aluba Van+,Aluba Van+,"Indie, RPG, Simulation","Single-player, Steam Achievements, Steam Trading Cards, Steam Cloud, Steam Leaderboards, Family Sharing","Simulation, RPG, Puzzle, Hacking, Indie, Mystery, Detective, Singleplayer, Crime, Immersive Sim",True,True,False,14284,13720,1000,"500,000 .. 1,000,000",1037,0,848,38,0,3,62,2021,2,750000.0,False,2.39698576841553,-0.041477698046190455,-0.07880129822753276,-0.015358825401402173,0.13987491587327847,0.8112199599834088,Indie,14720,0.9320652173913043
479130,ESEA,2016-07-08,False,0.0,False,0,ESEA,ESEA,Utilities,Stats,"Utilities, Multiplayer, Mature, Competitive, e-sports, Co-op, Strategy",True,False,False,218,3052,1125,"1,000,000 .. 2,000,000",9793,0,122,1,0,0,0,2016,7,1500000.0,True,0.0,-0.1403173967268953,2.559103891305731,-0.14209042723478343,-0.3453586044247277,-0.33272933915924324,Other,4177,0.7306679435001197
268850,EVGA Precision X1,2014-07-16,False,0.0,True,0,EVGA,EVGA,Utilities,"Single-player, Steam Achievements","Utilities, Software, Free to Play",True,False,False,0,3806,934,"500,000 .. 1,000,000",10849,0,338,494,0,0,20,2014,7,750000.0,True,0.0,-0.14184925043885277,2.877243210646426,-0.14209042723478343,-0.18883166239311283,-0.7903090588163041,Other,4740,0.8029535864978903
1887760,Epicenter VR,2023-07-21,False,0.0,True,0,FiveVolt Games,FiveVolt Games,"Action, Indie, Free To Play","Single-player, Tracked Controller Support, VR Only","VR, First-Person, Zombies, Survival, Stealth, Action, Post-apocalyptic, Atmospheric, Sandbox, Shooter",True,False,False,0,32,13,"200,000 .. 500,000",0,0,0,0,0,0,21,2023,7,350000.0,True,0.0,-0.14184925043885277,-0.39121651996645396,-0.14209042723478343,-0.18100531529153208,1.2687996796404697,Action,45,0.7111111111111111
950670,Gothic Playable Teaser,2019-12-13,False,0.0,False,0,THQ Nordic Barcelona,THQ Nordic,RPG,"Single-player, Steam Achievements, Full controller support, Steam Cloud, Family Sharing","RPG, Singleplayer, Gothic, Atmospheric, Third Person, Exploration, Medieval, Gore, Fantasy, Open World",True,False,False,10325,10607,4457,"1,000,000 .. 2,000,000",55,0,28,5,0,0,25,2019,12,1500000.0,True,0.0,-0.06929700467756472,-0.37464676375079276,-0.14209042723478343,-0.14969992688520908,0.353640240326348,RPG,15064,0.7041290493892725
1422440,Cataclismo,2025-03-20,False,17.99,False,40,Digital Sun,Hooded Horse,"Simulation, Strategy","Single-player, Steam Achievements, Steam Trading Cards, Steam Workshop, Camera Comfort, Color Alternatives, Custom Volume Controls, Adjustable Difficulty, Mouse Only Option, Save Anytime, Stereo Sound, Subtitle Options, Steam Cloud, Family Sharing","Strategy, Base-Building, Simulation, RTS, City Builder, Building, Grand Strategy, Tactical, Sandbox, Management",True,False,False,3676,3254,339,"200,000 .. 500,000",919,0,413,47,0,0,43,2025,3,350000.0,False,2.9439125248241944,-0.1160185428922673,-0.11435095701749678,-0.14209042723478343,-0.008825679056755686,1.7263793992975305,Simulation,3593,0.905649874756471
651150,Quantum League,2021-04-15,False,0.0,False,0,Nimble Giant Entertainment,Nimble Giant Entertainment,"Action, Indie, Sports, Strategy","Multi-player, PvP, Online PvP, Steam Trading Cards, Partial Controller Support, Family Sharing","Action, Arena Shooter, Shooter, PvP, Multiplayer, Strategy, Competitive, Time Travel, Bullet Time, First-Person",True,False,False,1331,1727,556,"200,000 .. 500,000",273,0,135,0,0,0,0,2021,4,350000.0,True,0.0,-0.1324965105736446,-0.30897027547780836,-0.14209042723478343,-0.3453586044247277,0.8112199599834088,Action,2283,0.756460797196671
1294420,Rollerdrome,2022-08-16,False,7.49,False,75,Roll7,2K,"Action, Indie, Sports","Single-player, Steam Achievements, Full controller support, Steam Leaderboards, Family Sharing","Action, Sports, Shooter, Arena Shooter, Third-Person Shooter, Skating, Stylized, Action-Adventure, Female Protagonist, Indie",True,False,False,1466,1891,198,"200,000 .. 500,000",44,0,34,2,17,0,21,2022,8,350000.0,False,2.138889000323256,-0.1315478855685333,-0.37796071499392503,-0.14209042723478343,-0.18100531529153208,1.0400098198119392,Action,2089,0.9052178075634275
629760,MORDHAU,2019-04-29,False,29.99,False,0,Triternion,Triternion,"Action, Indie","Multi-player, PvP, Online PvP, Co-op, Online Co-op, Cross-Platform Multiplayer, Steam Achievements, Steam Trading Cards, Partial Controller Support, Steam Cloud, Valve Anti-Cheat enabled, Stats, Remote Play on Phone, Remote Play on Tablet","Medieval, Multiplayer, First-Person, Swordplay, Gore, PvP, Online Co-Op, Action, Fighting, PvE",True,False,False,91567,90102,22098,"2,000,000 .. 5,000,000",2848,65,721,764,0,9,38,2019,4,3500000.0,False,3.433664571799657,0.5015784965465091,0.4667955837099661,0.23810437826536038,-0.04795741456465941,0.353640240326348,Action,112200,0.803048128342246
799960,Wizard101,2018-09-06,False,0.0,True,0,KingsIsle Entertainment,"KingsIsle Entertainment, gamigo group","Adventure, Casual, Massively Multiplayer, RPG, Strategy, Free To Play","Multi-player, MMO, PvP, Online PvP, Co-op, Online Co-op, In-App Purchases, Partial Controller Support","Colorful, MMORPG, PvP, Deckbuilding, Crafting, Free to Play, Nostalgia, Card Game, Magic, Turn-Based Combat",True,False,False,0,6721,1475,"500,000 .. 1,000,000",248,0,76,712,0,2,0,2018,9,750000.0,True,0.0,-0.14184925043885277,-0.31650198284856346,-0.05760269267919593,-0.3453586044247277,0.12485038049781758,Adventure,8196,0.8200341630063446
451880,Catch a Falling Star,2016-03-30,False,1.99,False,0,Alister Software,Back To Basics Gaming,"Casual, Indie","Single-player, Steam Achievements, Steam Trading Cards, Partial Controller Support, Family Sharing","Casual, Indie, Relaxing",True,False,False,271,463,177,"500,000 .. 1,000,000",234,0,227,0,0,0,45,2016,3,750000.0,False,1.095273387402595,-0.1399449735767405,-0.32071973897618633,-0.14209042723478343,0.006827015146405804,-0.33272933915924324,Casual,640,0.7234375
301970,Screencheat,2014-10-21,False,2.99,False,80,Samurai Punk,Samurai Punk,"Action, Indie","Single-player, Multi-player, PvP, Online PvP, Shared/Split Screen PvP, Shared/Split Screen, Steam Achievements, Full controller support, Steam Trading Cards, Color Alternatives, Custom Volume Controls, Playable without Timed Input, Stereo Sound, Steam Cloud, Remote Play on TV, Remote Play Together, Family Sharing","Split Screen, Arena Shooter, FPS, Shooter, Multiplayer, 4 Player Local, Funny, Local Multiplayer, Action, Local Co-Op",True,True,True,837,1734,159,"500,000 .. 1,000,000",150,0,74,2,0,1,34,2014,10,750000.0,False,1.3837912309017721,-0.13596777540716287,-0.3460262757419234,-0.09984655995698968,-0.07926280297098239,-0.7903090588163041,Action,1893,0.9160063391442155
220160,Trials Evolution: Gold Edition,2013-03-21,False,19.99,False,0,"Redlynx Ltd, Ubisoft  Shanghaï",Ubisoft,"Action, Racing","Single-player, Multi-player, Steam Achievements, Partial Controller Support","Racing, Action, Level Editor, Multiplayer, Platformer, Difficult, Local Multiplayer, Bikes, Sports, Minigames",True,False,False,2211,1745,557,"200,000 .. 500,000",2528,0,594,7,0,0,25,2013,3,350000.0,False,3.0440461338325417,-0.12631288091069703,0.3703897293643009,-0.14209042723478343,-0.14969992688520908,-1.0190989186448345,Action,2302,0.7580364900086881
205020,Lumino City,2014-12-02,False,11.99,False,0,State of Play,State of Play,"Adventure, Casual, Indie","Single-player, Family Sharing","Adventure, Point & Click, Puzzle, Great Soundtrack, Singleplayer, Indie, Retro, Cult Classic, 1990's, 2D",True,True,False,605,1174,178,"200,000 .. 500,000",83,0,52,1,0,1,0,2014,12,350000.0,False,2.5641798306825083,-0.13759800504557632,-0.36621125149554706,-0.09984655995698968,-0.3453586044247277,-0.7903090588163041,Adventure,1352,0.8683431952662722
1491670,Venba,2023-07-31,False,4.94,False,67,Visai Games,Visai Games,Unknown,"Single-player, Steam Achievements, Full controller support, Family Sharing","Cooking, Casual, Narrative, Puzzle, Female Protagonist, Stylized, 1980s, Emotional, Conversation, Cinematic",True,True,False,2109,2379,198,"200,000 .. 500,000",110,0,124,6,0,1,15,2023,7,350000.0,False,1.7817091333745536,-0.12702961980344776,-0.35807700753513155,-0.09984655995698968,-0.22796339790101655,1.2687996796404697,Unknown,2577,0.9231664726426076
976310,Mortal Kombat 11,2019-04-23,False,49.99,False,0,"NetherRealm Studios, QLOC, Shiver","Warner Bros. Games, Warner Bros. Interactive Entertainment",Action,"Single-player, Multi-player, PvP, Online PvP, Shared/Split Screen PvP, Steam Achievements, Full controller support, Steam Trading Cards, In-App Purchases, Custom Volume Controls, Keyboard Only Option, Narrated Game Menus, Stereo Sound, Surround Sound, Steam Cloud, Remote Play on Phone, Remote Play on Tablet, Remote Play on TV, Remote Play Together, HDR available, Family Sharing","Fighting, Gore, Violent, Multiplayer, Blood, Action, 2D Fighter, Mature, Local Multiplayer, Competitive",True,False,False,84581,93635,12646,"2,000,000 .. 5,000,000",1734,42,381,1026,18,27,58,2019,4,3500000.0,False,3.9316295350670645,0.4524889092449732,0.1311827032691192,0.998493989265648,0.10856952746695549,0.353640240326348,Action,106281,0.8810135395790405
895620,Spellcaster University,2021-06-15,False,24.99,False,0,Sneaky Yak Studio,"Sneaky Yak Studio, WhisperGames","Simulation, Strategy","Single-player, Steam Achievements, Steam Cloud, Family Sharing","Magic, Simulation, Colony Sim, Base-Building, Management, Immersive Sim, Singleplayer, Economy, Choices Matter, 3D",True,True,False,3358,3357,691,"200,000 .. 500,000",807,161,326,36,0,3,26,2021,6,350000.0,False,3.2577118486533987,-0.11825308179319607,-0.1480930060384796,-0.015358825401402173,-0.14187357978362836,0.8112199599834088,Simulation,4048,0.829298418972332
319630,Life is Strange - Episode 1,2015-01-29,False,0.0,True,0,"DONTNOD Entertainment, Feral Interactive (Mac), Feral Interactive (Linux)","Square Enix, Feral interactive (Mac), Feral Interactive (Linux)","Action, Adventure","Single-player, Steam Achievements, Full controller support, Steam Trading Cards, Custom Volume Controls, Stereo Sound, Subtitle Options, Steam Cloud, Remote Play on Phone, Remote Play on Tablet, Remote Play on TV, Family Sharing","Story Rich, Choices Matter, Great Soundtrack, Female Protagonist, Time Travel, Atmospheric, Episodic, Singleplayer, Adventure, Time Manipulation",True,True,True,122290,162769,6432,"5,000,000 .. 10,000,000",600,401,209,294,17,1,60,2015,1,7500000.0,True,0.0,0.7174644671541655,-0.21045554306833175,-0.09984655995698968,0.12422222167011698,-0.5615191989877737,Action,169201,0.9619860402716296
728740,Sniper Elite V2 Remastered,2019-05-13,False,9.99,False,0,Rebellion,Rebellion,Action,"Single-player, Multi-player, PvP, Online PvP, Co-op, Online Co-op, Steam Achievements, Full controller support, Steam Trading Cards, Steam Cloud, Steam Leaderboards, Remote Play on TV, Family Sharing","Sniper, Action, World War II, Multiplayer, Gore, Violent, Stealth, Singleplayer, Co-op, Shooter",True,False,False,3310,2627,760,"200,000 .. 500,000",264,0,174,27,16,0,71,2019,5,350000.0,False,2.39698576841553,-0.11859037068390231,-0.3116816901312802,-0.14209042723478343,0.21031203978750518,0.353640240326348,Action,3387,0.7756126365515206
365300,Transmissions: Element 120,2016-06-16,False,0.0,True,0,"Shokunin, Thomas M. Visser, Vincent Thiele",Self Published,"Action, Free To Play, Indie","Single-player, Steam Achievements, Captions available, VR Support, Partial Controller Support, Steam Cloud","Free to Play, Action, Shooter, Zombies, Horror, First-Person, Singleplayer, Multiplayer, FPS, Mod",True,False,True,286,9266,539,"500,000 .. 1,000,000",68,0,57,3,0,0,11,2016,6,750000.0,True,0.0,-0.1398395707983948,-0.3707302759180001,-0.14209042723478343,-0.2592687863073395,-0.33272933915924324,Action,9805,0.9450280469148393
241560,The Crew™,2014-12-02,False,0.0,False,0,Ivory Tower in collaboration with Ubisoft Reflections,Ubisoft,"Action, Massively Multiplayer, Racing","Single-player, Multi-player, MMO, In-App Purchases, Partial Controller Support, Family Sharing","Racing, Open World, Multiplayer, Driving, Co-op, Massively Multiplayer, Automobile Sim, America, Offroad, Action",True,False,False,15340,10721,6318,"500,000 .. 1,000,000",1381,0,681,3,0,0,0,2014,12,750000.0,True,0.0,-0.034057342450653394,0.024834995194057307,-0.14209042723478343,-0.3453586044247277,-0.7903090588163041,Action,17039,0.6292035917600798
2015270,Rotwood,2026-03-03,False,22.49,False,25,Klei Entertainment,Klei Entertainment,"Action, Adventure, RPG","Single-player, Multi-player, Co-op, Online Co-op, Shared/Split Screen Co-op, Shared/Split Screen, Full controller support, Steam Cloud, Remote Play Together, Family Sharing","Early Access, Hack and Slash, Dungeon Crawler, Rogue-lite, Beat 'em up, PvE, Rogue-like, RPG, 2D, Action",True,False,False,7299,5690,1840,"500,000 .. 1,000,000",562,0,498,66,0,0,22,2026,3,750000.0,False,3.1565747986708215,-0.09056025849583664,-0.2219037382718795,-0.14209042723478343,-0.17317896818995132,1.9551692591260608,Action,7530,0.7556440903054449
1333720,From Hell,2024-10-23,False,12.99,False,0,Tomas Novak,Tomas Novak,"Action, Adventure, Indie, Early Access","Single-player, Full controller support, Family Sharing","Action-Adventure, Shooter, Third-Person Shooter, Third Person, Survival Horror, Zombies, Indie, Singleplayer, Mature, Survival",True,False,False,0,4,9,"200,000 .. 500,000",0,0,0,0,0,0,0,2024,10,350000.0,False,2.63834278867739,-0.14184925043885277,-0.39121651996645396,-0.14209042723478343,-0.3453586044247277,1.497589539469,Action,13,0.3076923076923077
320240,We Happy Few,2018-08-10,False,14.99,False,75,Compulsion Games,"Gearbox Publishing,  Xbox Game Studios","Action, Adventure, Indie","Single-player, Steam Achievements, Full controller support, Steam Workshop, Steam Cloud, Remote Play on TV, Family Sharing","Adventure, Open World, Action, Survival, Dystopian , First-Person, Indie, Psychological Horror, Horror, Singleplayer",True,False,False,11100,10225,3102,"500,000 .. 1,000,000",648,16,203,57,17,4,70,2018,8,750000.0,False,2.771963526845863,-0.06385119446303705,-0.195994664916482,0.026885041876391583,0.20248569268592442,0.12485038049781758,Action,13327,0.7672394387333984
9450,"Warhammer® 40,000: Dawn of War® - Soulstorm",2008-03-05,False,0.0,False,0,Relic Entertainment,SEGA,Strategy,"Single-player, Multi-player, Steam Cloud, Family Sharing","Warhammer 40K, Strategy, RTS, Base-Building, Sci-fi, Multiplayer, Real-Time, Games Workshop, Singleplayer, Futuristic",True,False,False,13484,16764,847,"1,000,000 .. 2,000,000",1659,3300,470,673,17,0,0,2008,3,1500000.0,True,0.0,-0.04709917955796095,0.10858758115685394,-0.14209042723478343,-0.3453586044247277,-2.1630482177874866,Strategy,17611,0.9519050593379138
360870,Ultimate Tic-Tac-Toe,2015-04-28,False,0.0,True,0,Tigerish Games,Tigerish Games,"Casual, Free To Play","Single-player, Multi-player, Shared/Split Screen, Steam Achievements, Steam Cloud, Stats, Steam Leaderboards, Remote Play Together","Free to Play, Casual, Multiplayer, Strategy, Family Friendly, Singleplayer, Competitive, Indie, Violent, e-sports",True,False,False,0,1278,257,"200,000 .. 500,000",43,0,29,2,0,0,11,2015,4,350000.0,True,0.0,-0.14184925043885277,-0.3782619832887552,-0.14209042723478343,-0.2592687863073395,-0.5615191989877737,Casual,1535,0.8325732899022801
1554010,我的变色龙女友My Chameleon Girlfriend,2023-09-29,False,3.99,False,0,亿米米游戏YIMI GAME,亿米米游戏YIMI GAME,"Adventure, Casual, Indie, RPG, Simulation, Strategy","Single-player, Family Sharing","Visual Novel, Dating Sim, Emotional, Comic Book, Strategy, Adventure, Casual, Simulation, RPG, Indie",True,False,False,0,10,7,"200,000 .. 500,000",0,0,0,0,0,0,0,2023,9,350000.0,False,1.6074359097634274,-0.14184925043885277,-0.39121651996645396,-0.14209042723478343,-0.3453586044247277,1.2687996796404697,Adventure,17,0.5882352941176471
970830,The Dungeon Of Naheulbeuk: The Amulet Of Chaos,2020-09-17,False,34.99,False,0,Artefacts Studio,"Dear Villagers, E-Home Entertainment","Action, Adventure, Indie, RPG, Strategy","Single-player, Steam Achievements, Full controller support, Steam Trading Cards, Steam Cloud, Family Sharing","RPG, Turn-Based Tactics, Adventure, Turn-Based, Singleplayer, Strategy, Turn-Based Strategy, Action, Character Customization, Dungeon Crawler",True,True,False,6752,6538,931,"500,000 .. 1,000,000",684,0,181,99,0,6,88,2020,9,750000.0,False,3.5832411220909393,-0.09440394647950973,-0.18514900630259465,0.1113727764319791,0.34335994051437785,0.5824301001548784,Action,7469,0.8753514526710403
210970,The Witness,2016-01-26,False,9.99,False,75,"Thekla, Inc.","Thekla, Inc.","Adventure, Indie","Single-player, Steam Achievements, Captions available, Partial Controller Support, Steam Cloud, Remote Play on Phone, Remote Play on Tablet, Family Sharing","Puzzle, Exploration, First-Person, Open World, Singleplayer, Colorful, Indie, Atmospheric, Difficult, Walking Simulator",True,True,False,16497,16069,2868,"1,000,000 .. 2,000,000",796,0,299,103,0,0,2,2016,1,1500000.0,False,2.39698576841553,-0.025927274814255306,-0.15140695728161185,-0.14209042723478343,-0.32970591022156626,-0.33272933915924324,Adventure,18937,0.8485504567777367
636150,Cyberhunt,2017-05-19,False,0.49,False,90,NukGames,NukGames,"Action, Adventure, Casual, Indie","Single-player, Steam Achievements, Full controller support, Steam Trading Cards, Steam Cloud, Steam Leaderboards, Family Sharing","Indie, Action, Casual, Adventure, Shoot 'Em Up, Twin Stick Shooter, Arcade, 2D, Pixel Graphics, Retro",True,False,False,2542,1621,325,"500,000 .. 1,000,000",338,0,303,67,0,1,500,2017,5,750000.0,False,0.3987761199573678,-0.12398699293520199,-0.2893878363138451,-0.09984655995698968,3.567814946365645,-0.10393947933071283,Action,1946,0.8329907502569374
113400,APB Reloaded,2011-12-06,False,0.0,True,0,Little Orbit,Little Orbit,"Action, Massively Multiplayer, Free To Play","Multi-player, MMO, Steam Achievements","Free to Play, Open World, Multiplayer, Action, Character Customization, Massively Multiplayer, Shooter, Third-Person Shooter, PvP, Crime",True,False,False,349,23693,13599,"5,000,000 .. 10,000,000",4239,0,209,111,17,0,60,2011,12,7500000.0,True,0.0,-0.13939687912934287,0.8858597818187793,-0.14209042723478343,0.12422222167011698,-1.4766786383018953,Action,37292,0.6353373377668132
294100,RimWorld,2018-10-17,False,34.99,False,0,Ludeon Studios,Ludeon Studios,"Indie, Simulation, Strategy","Single-player, Steam Workshop, Adjustable Text Size, Camera Comfort, Custom Volume Controls, Adjustable Difficulty, Mouse Only Option, Playable without Timed Input, Save Anytime, Partial Controller Support, Steam Cloud, Remote Play on Tablet, Family Sharing","Colony Sim, Base-Building, Survival, Strategy, Sandbox, Management, Building, Simulation, Moddable, Singleplayer",True,True,True,201180,206216,4301,"5,000,000 .. 10,000,000",12804,581,3241,19211,0,10,0,2018,10,7500000.0,False,3.5832411220909393,1.2718128127336341,3.466222727039474,0.28034824554315413,-0.3453586044247277,0.12485038049781758,Indie,210517,0.979569345943558
487220,Freebie,2016-06-16,False,1.99,False,0,"Free Games Info, hyperboreanGames",Back To Basics Gaming,"Casual, Indie","Single-player, Steam Achievements, Steam Trading Cards, Partial Controller Support, Steam Leaderboards, Family Sharing","Casual, Indie, Arcade, 2D, Singleplayer",True,False,False,378,1032,371,"1,000,000 .. 2,000,000",278,0,245,0,0,1,5,2016,6,1500000.0,False,1.095273387402595,-0.1391931004245412,-0.30746393400365735,-0.09984655995698968,-0.306226868916824,-0.33272933915924324,Casual,1403,0.7355666429080542
503300,Super Star,2016-08-11,False,0.0,False,0,Dream Works,Paradise Project,"Adventure, Indie, Simulation","Single-player, Steam Achievements, Steam Trading Cards, Steam Cloud, Family Sharing","Sexual Content, Nudity, Mature, Anime, Simulation, Visual Novel, Dating Sim, Indie, Adventure, Hentai",True,True,False,3389,3155,894,"200,000 .. 500,000",136,0,121,0,0,0,32,2016,8,350000.0,True,0.0,-0.11803524938461497,-0.3502440318695463,-0.14209042723478343,-0.09491549717414388,-0.33272933915924324,Adventure,4049,0.7792047419115831
1196090,Scars Above,2023-02-28,False,2.99,False,90,Mad Head Games,Prime Matter,"Action, Adventure","Single-player, Steam Achievements, Full controller support, Steam Cloud, Family Sharing",Unknown,True,False,False,2575,0,0,,0,0,0,0,0,2,45,2023,2,750000.0,False,1.3837912309017721,-0.12375510682284145,-0.39121651996645396,-0.05760269267919593,0.006827015146405804,1.2687996796404697,Action,0,0.8471660663060372
1540150,Crazy Flasher Series 2021,2021-02-24,False,0.99,False,0,Andy Law,Andy Law,"Action, Indie","Single-player, Family Sharing","Action, RPG, 2D Fighter, Beat 'em up, Action RPG, Side Scroller, Looter Shooter, Old School, 2D, Retro",True,False,False,2572,2419,330,"200,000 .. 500,000",553,0,47,14,0,1,0,2021,2,350000.0,False,0.688134638736401,-0.1237761873785106,-0.22461515292535134,-0.09984655995698968,-0.3453586044247277,0.8112199599834088,Action,2749,0.8799563477628228
237310,Elsword,2014-07-02,False,0.0,True,0,KOG,KOG Games,"Action, Adventure, Casual, Massively Multiplayer, RPG, Free To Play","Single-player, Multi-player, MMO, PvP, Online PvP, Co-op, Partial Controller Support","Free to Play, Anime, RPG, Action, MMORPG, Massively Multiplayer, Adventure, Multiplayer, Fighting, Side Scroller",True,False,False,0,7057,2516,"1,000,000 .. 2,000,000",4812,0,194,401,0,0,0,2014,7,1500000.0,True,0.0,-0.14184925043885277,1.0584865147564861,-0.14209042723478343,-0.3453586044247277,-0.7903090588163041,Action,9573,0.7371774783244542
304930,Unturned,2017-07-07,False,0.0,True,0,Smartly Dressed Games,Smartly Dressed Games,"Action, Adventure, Casual, Indie, Free To Play","Single-player, Multi-player, PvP, Online PvP, LAN PvP, Co-op, Online Co-op, LAN Co-op, Steam Achievements, Steam Trading Cards, Steam Workshop, In-App Purchases, Camera Comfort, Custom Volume Controls, Adjustable Difficulty, Playable without Timed Input, Stereo Sound, Steam Cloud, Valve Anti-Cheat enabled, Stats, Includes level editor, Remote Play on Tablet","Free to Play, Survival, Zombies, Multiplayer, Open World, Co-op, Sandbox, Crafting, Shooter, Adventure",True,True,True,7524,506516,48852,"50,000,000 .. 100,000,000",8630,3875,326,10408,0,1,88,2017,7,75000000.0,True,0.0,-0.08897921682065119,2.2087288644182035,-0.09984655995698968,0.34335994051437785,-0.10393947933071283,Action,555368,0.9120367035911323
1128920,EVERSPACE™ 2,2023-04-06,False,49.99,False,0,ROCKFISH Games,ROCKFISH Games,"Action, Adventure, RPG, Simulation","Single-player, Steam Achievements, Full controller support, Steam Trading Cards, Steam Cloud, Family Sharing","Shooter, Space, Loot, Exploration, Looter Shooter, Open World, Action RPG, Action-Adventure, Story Rich, Adventure",True,True,False,11630,10088,1540,"1,000,000 .. 2,000,000",1886,0,804,331,0,8,58,2023,4,1500000.0,False,3.9316295350670645,-0.060126962961489096,0.17697548408331015,0.19586051098756663,0.10856952746695549,1.2687996796404697,Action,11628,0.867561059511524
440650,Niche - a genetics survival game,2017-09-21,False,17.99,False,0,Stray Fawn Studio,"Stray Fawn Publishing, WhisperGames","Indie, Simulation, Strategy","Single-player, Steam Achievements, Steam Trading Cards, Camera Comfort, Custom Volume Controls, Adjustable Difficulty, Playable without Timed Input, Save Anytime, Stereo Sound, Steam Cloud, Family Sharing","Turn-Based Strategy, Adventure, Puzzle, Singleplayer, Nature, Turn-Based, RPG, Education, Sandbox, Survival",True,True,True,4292,4331,683,"200,000 .. 500,000",1164,0,127,45,0,1,31,2017,9,350000.0,False,2.9439125248241944,-0.11169000212820401,-0.04054022478409689,-0.09984655995698968,-0.10274184427572462,-0.10393947933071283,Indie,5014,0.8637814120462705
417910,Street Warriors Online,2016-12-16,False,0.81,False,59,Crazy Rocks Studios,Crazy Rocks Studios,"Action, Massively Multiplayer, Simulation, Sports","Multi-player, PvP, Online PvP, Steam Achievements, Steam Trading Cards, In-App Purchases, Partial Controller Support, Stats, Family Sharing","Fighting, Action, Multiplayer, Sports, Violent, Massively Multiplayer, Simulation, Open World, Free to Play, PvP",True,False,False,321,941,693,"10,000,000 .. 20,000,000",101,0,32,1,0,3,43,2016,12,15000000.0,False,0.5933268452777344,-0.13959363098225483,-0.3607884221886034,-0.015358825401402173,-0.008825679056755686,-0.33272933915924324,Action,1634,0.5758873929008568
235800,Audiosurf 2,2015-05-26,False,14.99,False,0,Dylan Fitterer,Dylan Fitterer,Indie,"Single-player, Multi-player, Shared/Split Screen, Full controller support, Steam Workshop, Remote Play Together, Family Sharing","Music, Rhythm, Indie, Music-Based Procedural Generation, Moddable, Casual, Singleplayer, Arcade, Local Multiplayer, Racing",True,True,True,5338,4945,1025,"200,000 .. 500,000",223,0,220,9,0,0,14,2015,5,350000.0,False,2.771963526845863,-0.10433991505156409,-0.32403369021931855,-0.14209042723478343,-0.23578974500259728,-0.5615191989877737,Indie,5970,0.8283082077051926
1412510,仙剑奇侠传九野,2020-10-30,False,0.0,False,0,软星科技（上海）有限公司,"SOFTSTAR TECHNOLOGY (SHANGHAI) CO., LTD","Free To Play, RPG, Strategy","Multi-player, PvP, Online PvP, In-App Purchases, Family Sharing","Strategy, RPG, Card Battler, PvP, Card Game, Free to Play, Story Rich, 3D, Deckbuilding, Multiplayer",True,False,False,0,1198,426,"200,000 .. 500,000",59,0,109,1,0,0,0,2020,10,350000.0,True,0.0,-0.14184925043885277,-0.373441690571472,-0.14209042723478343,-0.3453586044247277,0.5824301001548784,RPG,1624,0.7376847290640394
311860,Data Hacker: Initiation,2014-07-21,False,1.99,False,0,New Reality Games,New Reality Games,"Adventure, Indie, RPG, Simulation","Single-player, Steam Trading Cards, Family Sharing","RPG, Indie, Adventure, RPGMaker, Simulation, JRPG, Pixel Graphics",True,False,False,136,173,95,"1,000,000 .. 2,000,000",311,0,318,2,0,1,52,2014,7,1500000.0,False,1.095273387402595,-0.14089359858185177,-0.29752208027426064,-0.09984655995698968,0.06161144485747102,-0.7903090588163041,Adventure,268,0.6455223880597015
1353230,Bomb Rush Cyberfunk,2023-08-18,False,39.99,False,0,Team Reptile,Team Reptile,"Action, Adventure, Indie","Single-player, Steam Achievements, Full controller support, Steam Cloud, Family Sharing","Action, 3D Platformer, Stylized, Adventure, Parkour, Colorful, 3D, Cyberpunk, Great Soundtrack, Futuristic",True,False,False,12276,13120,267,"200,000 .. 500,000",686,289,396,140,0,2,23,2023,8,350000.0,False,3.7133281345162463,-0.055587616640734416,-0.18454646971293426,-0.05760269267919593,-0.1653526210883706,1.2687996796404697,Action,13387,0.9800552775080302
1096570,SONG OF HORROR COMPLETE EDITION,2019-10-31,False,29.99,False,0,Protocol Games,🚀 Raiser Games,Adventure,"Single-player, Steam Achievements, Full controller support, Steam Cloud, Family Sharing","Survival Horror, Dark, Horror, Psychological Horror, Choices Matter, Investigation, Atmospheric, Adventure, Third Person, Lovecraftian",True,False,False,1892,992,215,"200,000 .. 500,000",211,0,127,5,0,0,44,2019,10,350000.0,False,3.433664571799657,-0.1285544466635155,-0.327648909757281,-0.14209042723478343,-0.0009993319551749415,0.353640240326348,Adventure,1207,0.8218724109362054
63910,King's Bounty: Crossworlds,2010-09-17,False,14.99,False,0,Katauri Interactive,Fulqrum Publishing,"RPG, Strategy","Single-player, Steam Cloud, Includes level editor, Family Sharing","RPG, Strategy, Turn-Based Strategy, Turn-Based, Hex Grid, Fantasy, Adventure, Female Protagonist, Atmospheric, Singleplayer",True,False,False,1289,1320,121,"200,000 .. 500,000",756,0,110,66,0,0,0,2010,9,350000.0,False,2.771963526845863,-0.13279163835301253,-0.16345768907482,-0.14209042723478343,-0.3453586044247277,-1.7054684981304258,RPG,1441,0.916030534351145
1264670,The Wind Road,2020-07-09,False,29.99,False,0,甘肃嘉元数字科技有限公司,Phoenix Game,"Action, Adventure, Indie, RPG","Single-player, Steam Achievements, Partial Controller Support, Steam Cloud, Family Sharing","RPG, Action, Adventure, Indie, Martial Arts, Singleplayer, Souls-like, Puzzle, Open World, Swordplay",True,False,False,5914,4706,2098,"1,000,000 .. 2,000,000",733,0,452,1,0,1,70,2020,7,1500000.0,False,3.433664571799657,-0.10029244836308933,-0.17038685985591467,-0.09984655995698968,0.20248569268592442,0.5824301001548784,Action,6804,0.6916519694297472
675010,MudRunner,2017-10-30,False,3.99,False,80,Saber Interactive,Focus Entertainment,Simulation,"Single-player, Multi-player, Co-op, Online Co-op, Cross-Platform Multiplayer, Steam Achievements, Full controller support, Steam Trading Cards, Steam Workshop, Steam Cloud, Family Sharing","Offroad, Simulation, Automobile Sim, Multiplayer, Driving, Realistic, Open World, Physics, Co-op, Online Co-Op",True,False,False,36036,34349,3347,"1,000,000 .. 2,000,000",834,230,243,280,0,4,62,2017,10,1500000.0,False,1.6074359097634274,0.11137038425884947,-0.1399587620780641,0.026885041876391583,0.13987491587327847,-0.10393947933071283,Simulation,37696,0.9112107385398981
333950,Medieval Engineers,2015-02-19,False,9.99,False,0,Keen Software House,Keen Software House,"Action, Indie, Simulation, Strategy","Single-player, Multi-player, PvP, Online PvP, Co-op, Online Co-op, Steam Workshop, Partial Controller Support, Family Sharing","Building, Sandbox, Medieval, Physics, Open World, Destruction, Multiplayer, Simulation, Crafting, Survival",True,False,False,5669,3794,3392,"200,000 .. 500,000",649,0,110,24,0,1,0,2015,2,350000.0,False,2.39698576841553,-0.10201402707606905,-0.19569339662165178,-0.09984655995698968,-0.3453586044247277,-0.5615191989877737,Action,7186,0.5279710548288339
39690,ArcaniA,2010-10-15,False,19.99,False,0,Spellbound,THQ Nordic,RPG,"Single-player, Family Sharing","RPG, Open World, Singleplayer, Fantasy, Third Person, Adventure, Action RPG, Action, Gothic, Medieval",True,False,False,2208,1688,1338,"500,000 .. 1,000,000",451,0,164,7,0,0,0,2010,10,750000.0,False,3.0440461338325417,-0.12633396146636616,-0.2553445189980321,-0.14209042723478343,-0.3453586044247277,-1.7054684981304258,RPG,3026,0.55783212161269
241600,Rogue Legacy,2013-06-27,False,14.99,False,0,Cellar Door Games,Cellar Door Games,"Action, Adventure, Indie, RPG","Single-player, Steam Achievements, Full controller support, Steam Trading Cards, Steam Cloud, Remote Play on TV, Family Sharing","Roguevania, Platformer, Rogue-like, Indie, Action Roguelike, Action, Singleplayer, 2D, Metroidvania, RPG",True,True,True,15740,17124,1353,"200,000 .. 500,000",860,18,477,36,0,0,29,2013,6,350000.0,False,2.771963526845863,-0.03124660169476814,-0.1321257864124788,-0.14209042723478343,-0.11839453847888612,-1.0190989186448345,Action,18477,0.9267738269199546
1579380,Shadow Tactics: Aiko's Choice,2021-12-06,False,19.99,False,0,Mimimi Games,Daedalic Entertainment,"Indie, Strategy","Single-player, Steam Achievements, Full controller support, Steam Trading Cards, Steam Cloud, Remote Play on TV, Family Sharing","Real Time Tactics, Strategy, Isometric, Stealth, Action, Adventure, RTS, Assassin, Puzzle, Atmospheric",True,False,True,3892,4144,292,"500,000 .. 1,000,000",323,0,281,13,0,1,44,2021,12,750000.0,False,3.0440461338325417,-0.11450074288408926,-0.2939068607362982,-0.09984655995698968,-0.0009993319551749415,0.8112199599834088,Indie,4436,0.9341749323715058
1592670,Soda Crisis,2022-05-23,False,10.99,False,0,Team Soda,bilibili,Action,"Single-player, Steam Achievements, Full controller support, Steam Workshop, Steam Cloud, Family Sharing","Side Scroller, Runner, Shoot 'Em Up, Action, Shooter, Platformer, 3D, Gun Customization, Controller, Parkour",True,False,False,2905,2824,201,"200,000 .. 500,000",161,0,206,2,0,0,49,2022,5,350000.0,False,2.4840729690394228,-0.12143624569923613,-0.3427123244987912,-0.14209042723478343,0.03813240355272878,1.0400098198119392,Action,3025,0.9335537190082644
360970,Heaven Forest NIGHTS,2017-03-14,False,0.49,False,51,Fabio Ferrara,Chubby Pixel,"Action, Adventure","Single-player, Multi-player, MMO, PvP, Online PvP, Steam Achievements, VR Supported, Steam Trading Cards, VR Support, Partial Controller Support, Family Sharing","Adventure, Action, Walking Simulator, VR",True,True,True,0,227,112,"2,000,000 .. 5,000,000",268,0,271,0,0,0,24,2017,3,3500000.0,False,0.3987761199573678,-0.14184925043885277,-0.3104766169519594,-0.14209042723478343,-0.15752627398678984,-0.10393947933071283,Action,339,0.6696165191740413
292630,Uriel's Chasm,2014-09-12,False,4.99,False,0,Rail Slave Games,KPL,"Adventure, Casual, Indie","Single-player, Steam Trading Cards, Family Sharing","Indie, Casual, Psychological Horror, Adventure, Pixel Graphics, Horror, Illuminati, Female Protagonist, Mature, Nudity",True,False,False,296,491,2219,"200,000 .. 500,000",194,0,129,0,0,0,0,2014,9,350000.0,False,1.7900914121273581,-0.13976930227949766,-0.3327704707693945,-0.14209042723478343,-0.3453586044247277,-0.7903090588163041,Adventure,2710,0.18118081180811807
1121640,The Wandering Village,2025-07-17,False,29.99,False,0,Stray Fawn Studio,"Stray Fawn Publishing, WhisperGames","Simulation, Strategy","Single-player, Steam Achievements, Full controller support, Steam Trading Cards, Adjustable Text Size, Custom Volume Controls, Adjustable Difficulty, Playable without Timed Input, Save Anytime, Stereo Sound, Steam Cloud, Family Sharing","Early Access, Building, Sandbox, City Builder, Automation, RTS, Colony Sim, Survival, Management, Simulation",True,True,True,7382,5457,529,"200,000 .. 500,000",641,0,106,164,0,3,32,2025,7,350000.0,False,3.433664571799657,-0.08997702978899046,-0.19810354298029342,-0.015358825401402173,-0.09491549717414388,1.7263793992975305,Simulation,5986,0.9116271299699298
17460,Mass Effect (2007),2008-12-19,False,29.99,False,0,BioWare,Electronic Arts,"Action, RPG","Single-player, Family Sharing","RPG, Sci-fi, Story Rich, Action, Space, Third-Person Shooter, Singleplayer, Choices Matter, Great Soundtrack, Third Person",True,False,False,14835,15394,1040,"1,000,000 .. 2,000,000",941,0,407,22,17,0,0,2008,12,1500000.0,False,3.433664571799657,-0.03760590265495852,-0.1077230545312323,-0.14209042723478343,-0.3453586044247277,-2.1630482177874866,Action,16434,0.9367165632225873
33229,Tom Clancy's Splinter Cell Conviction™,2010-04-29,False,0.0,False,0,Ubisoft Montreal,Ubisoft,Action,"Single-player, Multi-player","Action, Stealth, Co-op, Singleplayer, Third Person, Multiplayer, Third-Person Shooter, Story Rich, Shooter",True,False,False,4533,3188,1248,"500,000 .. 1,000,000",0,0,0,0,17,0,0,2010,4,750000.0,True,0.0,-0.10999653082278316,-0.39121651996645396,-0.14209042723478343,-0.3453586044247277,-1.7054684981304258,Action,4436,0.7186654643823264
1025600,Battle Realms: Zen Edition,2025-01-27,False,14.99,False,0,Ed Del Castillo,Ed Del Castillo,"Action, Strategy","Single-player, Multi-player, PvP, Online PvP, Co-op, Online Co-op, Steam Trading Cards, Captions available, Steam Cloud, Includes level editor, Family Sharing","Strategy, Action, RTS, Classic, Multiplayer, Early Access, Fantasy, Fast-Paced, Singleplayer, Base-Building",True,False,False,4003,3326,475,"200,000 .. 500,000",1152,0,188,208,0,0,0,2025,1,350000.0,False,2.771963526845863,-0.1137207623243311,-0.04415544432205933,-0.14209042723478343,-0.3453586044247277,1.7263793992975305,Action,3801,0.8750328860826099
821250,Flotsam,2025-12-04,False,24.99,False,0,Pajama Llama Games,Stray Fawn Publishing,"Indie, Simulation, Strategy","Single-player, Steam Achievements, Full controller support, Steam Trading Cards, Adjustable Text Size, Camera Comfort, Custom Volume Controls, Mouse Only Option, Playable without Timed Input, Save Anytime, Stereo Sound, Surround Sound, Steam Cloud, Remote Play on Phone, Remote Play on Tablet, Family Sharing","Early Access, Singleplayer, Colony Sim, City Builder, Sandbox, Base-Building, Management, Building, Casual, Exploration",True,False,False,3980,2114,632,"200,000 .. 500,000",549,0,363,44,0,0,42,2025,12,350000.0,False,3.2577118486533987,-0.11388237991779451,-0.22582022610467214,-0.14209042723478343,-0.01665202615833643,1.7263793992975305,Indie,2746,0.7698470502549163
1041320,Lords Mobile: Kingdom Wars,2019-06-02,False,0.0,True,0,IGG SINGAPORE PTE. LTD.,IGG SINGAPORE PTE. LTD.,"Massively Multiplayer, RPG, Strategy, Free To Play","Multi-player, MMO, PvP, Online PvP, Cross-Platform Multiplayer, In-App Purchases, Remote Play on Phone, Remote Play on Tablet","Free to Play, Strategy, Massively Multiplayer, NSFW, War, LGBTQ+, Gore, Anime, Multiplayer, RPG",True,False,False,0,3761,1856,"500,000 .. 1,000,000",1993,0,339,1080,0,0,0,2019,6,750000.0,True,0.0,-0.14184925043885277,0.20921119163014196,-0.14209042723478343,-0.3453586044247277,0.353640240326348,Massively Multiplayer,5617,0.6695745059640378
1098292,DOOM Eternal: The Ancient Gods - Part One,2020-10-20,False,19.99,False,0,id Software,Bethesda Softworks,Action,"Single-player, Steam Achievements, Steam Trading Cards, Partial Controller Support, Steam Cloud, Family Sharing","Action, Gore, Violent, FPS, Difficult, Great Soundtrack, Singleplayer, Fast-Paced, Shooter, First-Person",True,False,False,5273,4140,1989,"500,000 .. 1,000,000",0,0,0,0,0,0,0,2020,10,750000.0,False,3.0440461338325417,-0.10479666042439544,-0.39121651996645396,-0.14209042723478343,-0.3453586044247277,0.5824301001548784,Action,6129,0.6754772393538914
6800,Commandos: Behind Enemy Lines,2007-03-15,False,4.99,False,0,Pyro Studios,Kalypso Media Digital,Action,"Single-player, Multi-player, Co-op, Family Sharing","Strategy, Stealth, World War II, Tactical, Action, Classic, RTS, Difficult, Real Time Tactics, Isometric",True,False,False,3436,3378,377,"500,000 .. 1,000,000",403,0,30,54,0,0,0,2007,3,750000.0,False,1.7900914121273581,-0.11770498734579846,-0.2698053971498819,-0.14209042723478343,-0.3453586044247277,-2.391838077616017,Action,3755,0.8996005326231691
13250,Unreal Gold,2008-03-17,False,0.0,False,0,"Epic Games, Inc.",Unknown,Action,"Single-player, Multi-player, Family Sharing","Classic, FPS, Action, Sci-fi, Great Soundtrack, Atmospheric, Shooter, First-Person, 1990's, Singleplayer",True,False,False,1409,2208,267,"500,000 .. 1,000,000",279,0,13,3,0,0,0,2008,3,750000.0,True,0.0,-0.13194841612624697,-0.30716266570882717,-0.14209042723478343,-0.3453586044247277,-2.1630482177874866,Action,2475,0.8921212121212121
224920,Legacy of Kain: Soul Reaver,1999-09-08,False,0.0,False,0,Crystal Dynamics,Crystal Dynamics,"Action, Adventure","Single-player, Family Sharing","Adventure, Action, Vampire, Classic, Story Rich, Gothic, Third Person, Dark Fantasy, Puzzle, Atmospheric",True,False,False,1577,1400,505,"500,000 .. 1,000,000",255,0,89,1,17,0,0,1999,9,750000.0,True,0.0,-0.13076790500877516,-0.314393104784752,-0.14209042723478343,-0.3453586044247277,-4.22215695624426,Action,1905,0.7349081364829396
2670630,Supermarket Simulator,2025-06-19,False,19.99,False,0,Nokta Games,Nokta Games,"Casual, Indie, Simulation","Single-player, Multi-player, Co-op, Online Co-op, Steam Achievements, Full controller support, Steam Cloud, Family Sharing","Simulation, Management, Economy, Singleplayer, Multiplayer, Trading, Immersive Sim, First-Person, Life Sim, Building",True,True,False,76634,64104,4237,"2,000,000 .. 5,000,000",1322,169,726,2464,0,6,15,2025,6,3500000.0,False,3.0440461338325417,0.396646517277423,0.007060165799075291,0.1113727764319791,-0.22796339790101655,1.7263793992975305,Casual,68341,0.9380020778156597
9310,"Warhammer® 40,000: Dawn of War® – Winter Assault",2007-08-07,False,0.0,False,0,Relic Entertainment,SEGA,Strategy,"Single-player, Multi-player, Family Sharing","Strategy, Warhammer 40K, RTS, Games Workshop, Base-Building, Sci-fi, Multiplayer, Singleplayer, Real-Time, Tactical",True,False,False,1936,2072,278,"500,000 .. 1,000,000",192,0,72,42,17,0,0,2007,8,750000.0,True,0.0,-0.12824526518036813,-0.33337300735905484,-0.14209042723478343,-0.3453586044247277,-2.391838077616017,Strategy,2350,0.8817021276595745
2273430,BlazBlue Entropy Effect,2024-02-14,False,19.99,False,0,91Act,"91Act, Astrolabe Games","Action, Adventure, Indie","Single-player, Multi-player, Co-op, Online Co-op, LAN Co-op, Shared/Split Screen Co-op, Shared/Split Screen, Steam Achievements, Full controller support, Steam Cloud, Family Sharing","Action Roguelike, Action-Adventure, 2D, Action, Platformer, Replay Value, Pixel Graphics, Post-apocalyptic, Cyberpunk, Anime",True,True,False,29205,28794,1496,"500,000 .. 1,000,000",1036,0,496,1099,0,9,43,2024,2,750000.0,False,3.0440461338325417,0.0633699590002191,-0.07910256652236296,0.23810437826536038,-0.008825679056755686,1.497589539469,Action,30290,0.95061076262793
300570,Infinifactory,2015-06-30,False,24.99,False,0,Zachtronics,Zachtronics,"Indie, Simulation","Single-player, Steam Achievements, Steam Trading Cards, Captions available, Steam Workshop, Steam Cloud, Steam Leaderboards, Includes level editor, Family Sharing","Puzzle, Building, Automation, Indie, Programming, Sandbox, Simulation, Singleplayer, Difficult, First-Person",True,True,True,1774,2291,123,"200,000 .. 500,000",384,10,159,7,0,0,22,2015,6,350000.0,False,3.2577118486533987,-0.12938361518650168,-0.2755294947516558,-0.14209042723478343,-0.17317896818995132,-0.5615191989877737,Indie,2414,0.9490472245236122
273350,Evolve Stage 2,2015-02-10,False,0.0,False,0,Turtle Rock Studios,2K,"Action, Free To Play","Single-player, Multi-player, Co-op, Full controller support, Steam Trading Cards, Valve Anti-Cheat enabled, Family Sharing","Action, Multiplayer, Co-op, FPS, Online Co-Op, Shooter, Team-Based, Survival, Sci-fi, Aliens",True,False,False,9145,33844,14518,"5,000,000 .. 10,000,000",3596,0,126,9,17,0,0,2015,2,7500000.0,True,0.0,-0.07758868990742622,0.6921442682429584,-0.14209042723478343,-0.3453586044247277,-0.5615191989877737,Action,48362,0.6998056325214012
1062810,Inkbound,2024-04-09,False,29.99,False,0,Shiny Shoe,Shiny Shoe,"Action, Indie, Massively Multiplayer, RPG, Simulation, Strategy","Single-player, Multi-player, Co-op, Online Co-op, Steam Achievements, Full controller support, Steam Trading Cards, Camera Comfort, Custom Volume Controls, Mouse Only Option, Playable without Timed Input, Steam Cloud, Family Sharing","Tactical RPG, Turn-Based Tactics, Rogue-lite, PvE, Rogue-like, Strategy RPG, Online Co-Op, Turn-Based Strategy, RPG, Character Customization",True,False,False,3546,3225,468,"200,000 .. 500,000",1308,0,829,178,0,4,39,2024,4,350000.0,False,3.433664571799657,-0.11693203363793,0.00284240967145244,0.026885041876391583,-0.040131067463078665,1.497589539469,Action,3693,0.8732737611697806
327140,Tilt Brush,2016-04-05,False,0.0,True,0,Google,Google,"Free To Play, Design & Illustration","Tracked Controller Support, VR Only, VR Support, SteamVR Collectibles","Design & Illustration, VR, Free to Play, Hand-drawn, Casual, Singleplayer",True,False,False,570,1117,71,"200,000 .. 500,000",111,0,53,8,0,0,0,2016,4,350000.0,True,0.0,-0.13784394486171628,-0.35777573924030137,-0.14209042723478343,-0.3453586044247277,-0.33272933915924324,Other,1188,0.9402356902356902
446800,Transport Fever,2016-11-08,False,29.99,False,0,Urban Games,Good Shepherd Entertainment,Simulation,"Single-player, Steam Achievements, Steam Workshop, Family Sharing","Flight, City Builder, Sandbox, Building, Driving, Economy, Trains, Management, Transportation, Strategy",True,True,True,9244,8934,1788,"1,000,000 .. 2,000,000",2112,0,502,91,0,0,53,2016,11,1500000.0,False,3.433664571799657,-0.07689303157034462,0.2450621187149362,-0.14209042723478343,0.06943779195905177,-0.33272933915924324,Simulation,10722,0.8332400671516508
1145360,Hades,2020-09-17,False,6.24,False,75,Supergiant Games,Supergiant Games,"Action, Indie, RPG","Single-player, Steam Achievements, Full controller support, Steam Trading Cards, Captions available, Steam Cloud, Remote Play on Phone, Remote Play on Tablet, Remote Play on TV, Family Sharing","Action Roguelike, Rogue-lite, Hack and Slash, Indie, Mythology, Action, Rogue-like, Singleplayer, Great Soundtrack, Story Rich",True,True,False,278615,274829,4912,"5,000,000 .. 10,000,000",2256,211,1062,2253,0,1,49,2020,9,7500000.0,False,1.979621206397625,1.81593708881357,0.2884447531704855,-0.09984655995698968,0.03813240355272878,0.5824301001548784,Action,279741,0.9824409006902813
258970,Gauntlet™ Slayer Edition,2014-09-23,False,19.99,False,0,Arrowhead Game Studios,WB Games,"Action, Adventure, RPG","Single-player, Multi-player, Co-op, Shared/Split Screen, Steam Achievements, Full controller support, Steam Trading Cards, Steam Cloud, Stats, Steam Leaderboards, Remote Play on Phone, Remote Play on Tablet, Remote Play on TV, Remote Play Together, Family Sharing","Co-op, Dungeon Crawler, Hack and Slash, Local Co-Op, Action, RPG, Multiplayer, Adventure, Top-Down, 4 Player Local",True,False,False,6625,8079,1808,"1,000,000 .. 2,000,000",553,0,247,37,0,1,46,2014,9,1500000.0,False,3.0440461338325417,-0.0952963566695033,-0.22461515292535134,-0.09984655995698968,0.014653362247986548,-0.7903090588163041,Action,9887,0.8171336097906342
2400,The Ship: Murder Party,2006-07-11,False,9.99,False,0,Outerlight Ltd.,Blazing Griffin,"Action, Indie, RPG","Single-player, Multi-player, PvP, Online PvP, LAN PvP, Steam Trading Cards, Valve Anti-Cheat enabled, Family Sharing","Multiplayer, Indie, First-Person, Action, Stealth, Mystery, RPG, Assassin, Funny, Survival",True,False,False,2560,5108,842,"1,000,000 .. 2,000,000",257,0,181,3,0,0,0,2006,7,1500000.0,False,2.39698576841553,-0.12386050960118715,-0.3137905681950916,-0.14209042723478343,-0.3453586044247277,-2.620627937444547,Action,5950,0.8584873949579832
1696810,Railroads Online,2024-12-05,False,29.99,False,0,Stefan Kelnberger,astragon Entertainment,"Indie, Simulation","Single-player, Multi-player, Co-op, Online Co-op, Family Sharing","Trains, Multiplayer, Online Co-Op, Open World, Automobile Sim, Building, Physics, Sandbox, Driving, Immersive Sim",True,False,False,5291,4296,1269,"200,000 .. 500,000",2389,0,264,83,0,2,32,2024,12,350000.0,False,3.433664571799657,-0.10467017709038061,0.3285134363829026,-0.05760269267919593,-0.09491549717414388,1.497589539469,Indie,5565,0.7719676549865229
1237970,Titanfall® 2,2020-06-18,False,29.99,False,0,Respawn Entertainment,Electronic Arts,Action,"Single-player, Multi-player, PvP, Online PvP, Steam Achievements, Full controller support, Steam Trading Cards, Remote Play on Phone, Remote Play on Tablet, Remote Play on TV","FPS, Mechs, Multiplayer, Shooter, Singleplayer, Action, Parkour, Sci-fi, First-Person, Futuristic",True,False,False,246929,244524,11664,"5,000,000 .. 10,000,000",915,108,352,1173,0,5,50,2020,6,7500000.0,False,3.433664571799657,1.5932842598361199,-0.11555603019681761,0.06912890915418535,0.04595875065430953,0.5824301001548784,Action,256188,0.9544709354068106
367120,Seduce Me the Otome,2015-06-04,False,0.0,True,0,Michaela Laws,Michaela Laws,"Casual, Simulation","Single-player, Steam Achievements","Free to Play, Nudity, Otome, Visual Novel, Dating Sim, Female Protagonist, Romance, Anime, Sexual Content, Mature",True,True,True,0,1890,289,"200,000 .. 500,000",322,0,51,5,0,2,25,2015,6,350000.0,True,0.0,-0.14184925043885277,-0.29420812903112836,-0.05760269267919593,-0.14969992688520908,-0.5615191989877737,Casual,2179,0.867370353373107
2379390,Tom Clancy’s Rainbow Six® Extraction,2023-06-15,False,39.99,False,0,Ubisoft Montreal,Ubisoft,Action,"Single-player, Multi-player, Co-op, Online Co-op, Cross-Platform Multiplayer, Captions available, In-App Purchases, Partial Controller Support","FPS, Action, Online Co-Op, PvE, Shooter, First-Person, Team-Based, Gun Customization, Realistic, Military",True,False,False,2783,1871,980,"200,000 .. 500,000",743,0,532,26,17,2,0,2023,6,350000.0,False,3.7133281345162463,-0.12229352162978112,-0.16737417690761264,-0.05760269267919593,-0.3453586044247277,1.2687996796404697,Action,2851,0.6562609610662925
1203630,Record of Lodoss War-Deedlit in Wonder Labyrinth-,2021-03-27,False,8.99,False,55,"Team Ladybug, WSS playground","WSS playground, Alliance Arts","Action, Indie","Single-player, Steam Achievements, Partial Controller Support, Steam Cloud, Family Sharing","Metroidvania, Female Protagonist, Based On A Novel, Exploration, Platformer, 2D, Pixel Graphics, Beat 'em up, RPG, Anime",True,False,False,6935,6262,471,"200,000 .. 500,000",352,0,397,4,0,1,25,2021,3,350000.0,False,2.301584592660462,-0.09311803258369222,-0.28517008018622225,-0.09984655995698968,-0.14969992688520908,0.8112199599834088,Action,6733,0.9300460418832616
391540,Undertale,2015-09-15,False,2.49,False,75,tobyfox,tobyfox,"Indie, RPG","Single-player, Steam Trading Cards, Remote Play on Phone, Remote Play on Tablet, Family Sharing","Great Soundtrack, Story Rich, Choices Matter, Multiple Endings, Pixel Graphics, Funny, RPG, Singleplayer, Indie, 2D",True,True,True,288014,264082,8850,"5,000,000 .. 10,000,000",787,23,396,3331,0,1,0,2015,9,7500000.0,False,1.2499017362143359,1.8819824697249836,-0.15411837193508368,-0.09984655995698968,-0.3453586044247277,-0.5615191989877737,Indie,272932,0.96757434086146
414340,Hellblade: Senua's Sacrifice,2017-08-07,False,7.49,False,75,Ninja Theory,"Ninja Theory, Xbox Game Studios","Action, Adventure, Indie","Single-player, Steam Achievements, Full controller support, Steam Trading Cards, Steam Cloud, Remote Play on TV, Family Sharing","Atmospheric, Psychological, Story Rich, Female Protagonist, Mythology, Singleplayer, Dark, Adventure, Horror, Third Person",True,False,False,65840,66212,7260,"2,000,000 .. 5,000,000",437,0,198,73,17,1,14,2017,8,3500000.0,False,2.138889000323256,0.3207986779798595,-0.25956227512565494,-0.09984655995698968,-0.23578974500259728,-0.10393947933071283,Action,73472,0.9011868466898955
993870,CODE2040,2021-02-01,False,0.0,False,0,"WANIN Games, Team Weaver",WANIN Games,Free To Play,"Multi-player, MMO, PvP, Online PvP, In-App Purchases, Family Sharing","Free to Play, Battle Royale, Shooter, Survival, Multiplayer, Massively Multiplayer, FPS, Third-Person Shooter, Futuristic, Team-Based",True,False,False,0,357,495,"200,000 .. 500,000",0,0,0,0,0,0,77,2021,2,350000.0,True,0.0,-0.14184925043885277,-0.39121651996645396,-0.14209042723478343,0.25727012239698965,0.8112199599834088,Other,852,0.41901408450704225
992640,Pagan: Absent Gods,2019-08-26,False,19.99,False,0,Mad Head Games,Mad Head Games,"Action, RPG","Single-player, Steam Achievements, Partial Controller Support, Steam Cloud, Family Sharing","Hack and Slash, RPG, Action RPG, Loot, Action, Fantasy, Co-op, Early Access, Character Customization, Crafting",True,False,False,2500,1395,1386,"200,000 .. 500,000",993,0,1465,1,0,0,123,2019,8,350000.0,False,3.0440461338325417,-0.12428212071456994,-0.09205710320006172,-0.14209042723478343,0.6172820890697039,0.353640240326348,Action,2781,0.5016181229773463
10680,Aliens vs. Predator™,2010-02-16,False,14.99,False,0,Rebellion,SEGA,Action,"Single-player, Multi-player, Co-op, Steam Achievements, Steam Cloud, Stats, Steam Leaderboards, Family Sharing","Action, FPS, Aliens, Multiplayer, Sci-fi, Horror, Shooter, Singleplayer, Gore, First-Person",True,False,False,15739,18175,1778,"1,000,000 .. 2,000,000",671,0,233,49,17,2,50,2010,2,1500000.0,False,2.771963526845863,-0.031253628546657856,-0.1890654941353873,-0.05760269267919593,0.04595875065430953,-1.7054684981304258,Action,19953,0.9108905928932992
532030,DMT: Dream Dealer Trip,2016-10-01,False,3.99,False,0,Eternity Studios,Eternity Studios,"Action, Adventure, Casual, Indie, Simulation","Single-player, Steam Achievements, Steam Trading Cards, Captions available, Commentary available, Family Sharing","Action, Indie, Casual, Adventure, Simulation, Horror, First-Person, Relaxing",True,True,True,151,127,104,"200,000 .. 500,000",354,0,369,3,0,0,1,2016,10,350000.0,False,1.6074359097634274,-0.14078819580350607,-0.2845675435965619,-0.14209042723478343,-0.33753225732314696,-0.33272933915924324,Action,231,0.5497835497835498
1094030,Lurk in the Dark : Prologue,2019-11-08,False,0.0,True,0,IDEA FRUITION,IDEA FRUITION,"Action, Free To Play, Indie","Single-player, Steam Achievements","Horror, Free to Play, Multiplayer, Singleplayer, Indie, Dark, First-Person, Action, Story Rich, Mystery",True,False,False,0,1873,239,"200,000 .. 500,000",0,0,0,1,0,1,10,2019,11,350000.0,True,0.0,-0.14184925043885277,-0.39121651996645396,-0.09984655995698968,-0.26709513340892027,0.353640240326348,Action,2112,0.8868371212121212
3321220,Escape from Nightmare School,2025-01-03,False,0.99,False,0,Script,ScriptGames,"Adventure, Casual, Indie","Single-player, Family Sharing","Horror, Survival Horror, Exploration, Hidden Object, Dark, Singleplayer, Choices Matter, PvE, Voxel, First-Person",True,False,False,0,3,0,"200,000 .. 500,000",0,0,0,0,0,0,0,2025,1,350000.0,False,0.688134638736401,-0.14184925043885277,-0.39121651996645396,-0.14209042723478343,-0.3453586044247277,1.7263793992975305,Adventure,3,1.0
591740,Sniper Fury,2017-06-13,False,0.0,True,0,Gameloft,Gameloft,"Action, Free To Play","Single-player, Multi-player, PvP, Online PvP, Steam Achievements, Steam Trading Cards, In-App Purchases, Partial Controller Support, Stats","Free to Play, Action, Sniper, Shooter, Multiplayer, Singleplayer, FPS, First-Person, Violent, Open World",True,False,False,0,1330,1399,"500,000 .. 1,000,000",297,0,55,76,0,2,175,2017,6,750000.0,True,0.0,-0.14184925043885277,-0.30173983640188345,-0.05760269267919593,1.0242521383519028,-0.10393947933071283,Action,2729,0.4873580065958226
470260,Event[0],2016-09-14,False,19.99,False,0,Ocelot Society,"Ocelot Society, Tohu Bohu Games","Adventure, Indie","Single-player, Steam Achievements, Steam Trading Cards, Steam Cloud, Family Sharing","Adventure, Sci-fi, Atmospheric, Space, Indie, Singleplayer, Mystery, First-Person, Choices Matter, Multiple Endings",True,True,False,1433,1789,440,"200,000 .. 500,000",201,0,167,2,0,1,12,2016,9,350000.0,False,3.0440461338325417,-0.13177977168089386,-0.33066159270558304,-0.09984655995698968,-0.25144243920575876,-0.33272933915924324,Adventure,2229,0.8026020637056976
447850,The Next Door,2016-03-22,False,3.49,False,30,Labory,SA Industry,"Adventure, Casual, Indie","Single-player, Steam Trading Cards, Family Sharing","Indie, Adventure, Casual, Puzzle, Walking Simulator, First-Person, Surreal",True,False,False,330,483,422,"500,000 .. 1,000,000",231,0,220,1,0,0,0,2016,3,750000.0,False,1.501852701754163,-0.13953038931524742,-0.32162354386067693,-0.14209042723478343,-0.3453586044247277,-0.33272933915924324,Adventure,905,0.5337016574585636
760650,Hammerting,2021-11-16,False,24.99,False,0,Warpzone Studios,Team17 Digital,"Adventure, Indie, RPG, Simulation, Strategy","Single-player, Multi-player, Co-op, Online Co-op, Steam Trading Cards, Family Sharing","Colony Sim, Base-Building, Simulation, Management, Automation, Mining, Building, Economy, Crafting, Inventory Management",True,False,False,1720,1447,1071,"200,000 .. 500,000",180,0,133,13,0,0,16,2021,11,350000.0,False,3.2577118486533987,-0.1297630651885462,-0.3369882268970173,-0.14209042723478343,-0.2201370507994358,0.8112199599834088,Adventure,2518,0.5746624305003971
516510,Orake Classic,2017-06-16,False,0.0,False,0,PigLion Games,PigLion Games,"Action, Adventure, Indie, Massively Multiplayer, RPG, Strategy, Free To Play","Multi-player, MMO, PvP, Online PvP, Co-op, Online Co-op, Family Sharing","RPG, Free to Play, Massively Multiplayer, MMORPG, Adventure, Action, Strategy, Indie, 2D, Multiplayer",True,False,False,0,448,186,"200,000 .. 500,000",25,0,26,1,0,0,0,2017,6,350000.0,True,0.0,-0.14184925043885277,-0.38368481259569887,-0.14209042723478343,-0.3453586044247277,-0.10393947933071283,Action,634,0.7066246056782335
1944520,S E V E R A N C E,2022-04-16,False,1.99,False,0,Polybit_Game,Polybit_Game,RPG,"Single-player, Partial Controller Support, Family Sharing","RPG, JRPG, Party-Based RPG, Turn-Based Tactics, Dungeon Crawler, Tactical RPG, 2D, Pixel Graphics, Top-Down, Cyberpunk",True,False,False,0,2,4,"200,000 .. 500,000",0,0,0,0,0,0,0,2022,4,350000.0,False,1.095273387402595,-0.14184925043885277,-0.39121651996645396,-0.14209042723478343,-0.3453586044247277,1.0400098198119392,RPG,6,0.3333333333333333
844870,KurtzPel,2019-04-30,False,0.0,True,0,KOG,KOG,"Action, Free To Play, Early Access","Multi-player, PvP, Online PvP, Co-op, Online Co-op, Steam Achievements, Full controller support, In-App Purchases","Anime, Free to Play, Character Customization, Multiplayer, Action, PvP, Fantasy, Fighting, Third Person, Massively Multiplayer",True,False,False,0,20936,13480,"5,000,000 .. 10,000,000",1153,0,98,30,0,0,85,2019,4,7500000.0,True,0.0,-0.14184925043885277,-0.04385417602722913,-0.14209042723478343,0.3198808992096356,0.353640240326348,Action,34416,0.6083217108321711
682990,Drug Dealer Simulator,2020-04-16,False,19.99,False,0,Byterunners,Movie Games S.A.,"Action, Adventure, Indie, Simulation","Single-player, Family Sharing","Simulation, Crime, Action, Indie, Singleplayer, Open World, Resource Management, Crafting, Trading, Management",True,False,False,21193,18054,6004,"1,000,000 .. 2,000,000",1422,1083,432,89,0,0,36,2020,4,1500000.0,False,3.0440461338325417,0.007070821659837538,0.03718699528209566,-0.14209042723478343,-0.0636101087678209,0.5824301001548784,Action,24058,0.7504364452572949
940710,Colt Canyon,2020-06-16,False,2.99,False,80,Retrific,Headup,"Action, Casual, Indie, RPG","Single-player, Multi-player, Co-op, Shared/Split Screen Co-op, Shared/Split Screen, Steam Achievements, Full controller support, Steam Trading Cards, Steam Cloud, Stats, Steam Leaderboards, Remote Play on TV, Remote Play Together, Family Sharing","Western, Blood, Action Roguelike, Rogue-like, Action, Pixel Graphics, Shooter, Indie, Top-Down, Rogue-lite",True,False,False,1492,1497,195,"200,000 .. 500,000",198,0,160,17,0,1,40,2020,6,350000.0,False,1.3837912309017721,-0.13136518741940076,-0.33156539759007364,-0.09984655995698968,-0.032304720361497924,0.5824301001548784,Action,1692,0.8847517730496454
2878200,Supreme Ruler Global Outbreak,2025-04-24,False,19.99,False,0,BattleGoat Studios,BattleGoat Studios,"Indie, Simulation, Strategy","Single-player, Multi-player, PvP, Online PvP, Family Sharing","Zombies, Singleplayer, Simulation, Strategy, Outbreak Sim, Post-apocalyptic, Survival, Political, Grand Strategy, RTS",True,False,False,0,1,0,"500,000 .. 1,000,000",0,0,0,1,0,0,0,2025,4,750000.0,False,3.0440461338325417,-0.14184925043885277,-0.39121651996645396,-0.14209042723478343,-0.3453586044247277,1.7263793992975305,Indie,1,1.0
298260,Only If,2014-07-25,False,0.0,True,0,Creability,Creability,"Adventure, Indie, Free To Play","Single-player, Steam Achievements","Free to Play, Adventure, First-Person, Horror, Puzzle, Indie, Singleplayer, Walking Simulator, Survival, Multiplayer",True,True,True,0,3699,2246,"500,000 .. 1,000,000",90,0,44,2,0,0,10,2014,7,750000.0,True,0.0,-0.14184925043885277,-0.3641023734317356,-0.14209042723478343,-0.26709513340892027,-0.7903090588163041,Adventure,5945,0.6222035323801514
1466860,Age of Empires IV: Anniversary Edition,2021-10-28,False,19.99,False,50,"World's Edge, Relic Entertainment, Forgotten Empires, Climax Studios",Xbox Game Studios,Strategy,"Single-player, Multi-player, PvP, Online PvP, Co-op, Online Co-op, Cross-Platform Multiplayer, Steam Achievements, Family Sharing","Strategy, RTS, Base-Building, Multiplayer, War, Singleplayer, Resource Management, Medieval, City Builder, Historical",True,False,False,69110,69559,11311,"2,000,000 .. 5,000,000",3835,250,1248,7084,0,7,165,2021,10,3500000.0,False,3.0440461338325417,0.3437764836592214,0.764147390707377,0.15361664370977285,0.9459886673360952,0.8112199599834088,Strategy,80870,0.8601335476690986
835960,The Talos Principle 2,2023-11-02,False,29.99,False,0,Croteam,Devolver Digital,"Action, Adventure","Single-player, Steam Achievements, Full controller support, Steam Cloud, HDR available, Family Sharing","Puzzle, Story Rich, First-Person, Philosophical, Sci-fi, Puzzle-Platformer, Exploration, Walking Simulator, 3D Platformer, Third Person",True,False,False,12063,11357,540,"200,000 .. 500,000",2056,0,2344,149,0,3,87,2023,11,350000.0,False,3.433664571799657,-0.05708433609324331,0.22819109420444478,-0.015358825401402173,0.3355335934127971,1.2687996796404697,Action,11897,0.954610405984702
1179580,KAKU: Ancient Seal,2024-07-11,False,24.99,False,0,BINGOBELL,BINGOBELL,"Action, Adventure, Indie, RPG","Single-player, Steam Achievements, Full controller support, Steam Trading Cards, Camera Comfort, Custom Volume Controls, Adjustable Difficulty, Save Anytime, Steam Cloud, Family Sharing","Open World, Action RPG, Action-Adventure, Cartoon, RPG, Action, Combat, Adventure, Dungeon Crawler, Exploration",True,False,False,806,683,218,"500,000 .. 1,000,000",619,0,920,71,0,2,84,2024,7,750000.0,False,3.2577118486533987,-0.136185607815744,-0.2047314454665579,-0.05760269267919593,0.3120545521080549,1.497589539469,Action,901,0.758046614872364
351920,Crazy Machines 3,2016-10-18,False,9.99,False,0,Fakt Software,Daedalic Entertainment,"Simulation, Strategy","Single-player, Steam Achievements, Steam Trading Cards, Steam Workshop, Steam Cloud, Includes level editor, Family Sharing","Simulation, Puzzle, Physics, Strategy, Sandbox, Singleplayer, Multiplayer, Building, Casual, Difficult",True,False,False,7447,9350,554,"500,000 .. 1,000,000",2252,0,200,11,0,0,41,2016,10,750000.0,False,2.39698576841553,-0.0895202844161591,0.28723967999116473,-0.14209042723478343,-0.024478373259917176,-0.33272933915924324,Simulation,9904,0.9440630048465266
337320,Paint the Town Red,2021-07-29,False,19.99,False,0,South East Games,South East Games,"Action, Indie","Single-player, Multi-player, Co-op, Online Co-op, Cross-Platform Multiplayer, Steam Achievements, Full controller support, VR Supported, Steam Trading Cards, Steam Workshop, Steam Cloud, Steam Leaderboards, Includes level editor, Family Sharing","Gore, Blood, Action, Violent, Multiplayer, Fighting, First-Person, Physics, Rogue-like, Beat 'em up",True,True,True,28482,28358,1218,"1,000,000 .. 2,000,000",967,29,476,296,0,2,30,2021,7,1500000.0,False,3.0440461338325417,0.05828954508395652,-0.09989007886564702,-0.05760269267919593,-0.11056819137730538,0.8112199599834088,Action,29576,0.9588179605085204
1382330,Persona® 5 Strikers,2021-02-22,False,59.99,False,0,ATLUS,SEGA,"Action, Adventure","Single-player, Steam Achievements, Full controller support, Steam Trading Cards, Family Sharing","Anime, Hack and Slash, JRPG, Great Soundtrack, Adventure, Story Rich, Singleplayer, RPG, Action, Action-Adventure",True,False,False,12556,14384,1932,"1,000,000 .. 2,000,000",995,0,454,199,17,2,47,2021,2,1500000.0,False,4.110709916308365,-0.053620098111614736,-0.09145456661040131,-0.05760269267919593,0.022479709349567292,0.8112199599834088,Action,16316,0.8815886246629075
805550,Assetto Corsa Competizione,2019-05-29,False,39.99,False,0,Kunos Simulazioni,505 Games,"Racing, Simulation, Sports","Single-player, Multi-player, PvP, Online PvP, LAN PvP, VR Supported, Partial Controller Support, Family Sharing","Racing, Automobile Sim, Simulation, VR, Multiplayer, Driving, Realistic, Sports, Controller, Singleplayer",True,False,False,31184,36035,2908,"1,000,000 .. 2,000,000",2016,71,461,1479,0,9,0,2019,5,1500000.0,False,3.7133281345162463,0.07727609888996138,0.21614036241123663,0.23810437826536038,-0.3453586044247277,0.353640240326348,Racing,38943,0.9253267596230388
264200,One Finger Death Punch,2014-03-03,False,4.99,False,0,Silver Dollar Games,Silver Dollar Games,"Action, Casual, Indie","Single-player, Steam Achievements, Partial Controller Support, Steam Leaderboards, Family Sharing","Action, 2D Fighter, Fast-Paced, Indie, Beat 'em up, Fighting, Singleplayer, Addictive, 2D, Martial Arts",True,False,False,12533,15955,336,"500,000 .. 1,000,000",490,0,166,9,0,0,152,2014,3,750000.0,False,1.7900914121273581,-0.05378171570507814,-0.24359505549965416,-0.14209042723478343,0.8442461550155456,-0.7903090588163041,Action,16291,0.9793751150942238
1540960,Underworld Idle,2023-02-02,False,0.0,True,0,Aleksandr Golovkin,Aleksandr Golovkin,"Indie, Strategy, Free To Play","Single-player, Steam Achievements, In-App Purchases, Steam Cloud","Idler, Clicker, Casual, Free to Play, Singleplayer, 2D, RPG, Funny, Comedy, Puzzle",True,False,False,0,825,333,"200,000 .. 500,000",20029,0,16666,200,0,1,8,2023,2,350000.0,True,0.0,-0.14184925043885277,5.642886157187695,-0.09984655995698968,-0.2827478276120818,1.2687996796404697,Indie,1158,0.7124352331606217
305260,Battle Islands,2014-08-06,False,0.0,True,0,DR Studios,505 Games,"Free To Play, Simulation, Strategy","Single-player, Multi-player, Cross-Platform Multiplayer, Steam Achievements","Strategy, Free to Play, Multiplayer, World War II, Action, Casual, Tower Defense, War, Singleplayer, Building",True,False,False,0,2604,822,"500,000 .. 1,000,000",156,0,203,19,0,0,96,2014,8,750000.0,True,0.0,-0.14184925043885277,-0.3442186659729422,-0.14209042723478343,0.4059707173270238,-0.7903090588163041,Simulation,3426,0.7600700525394045
378760,Pixel Starships,2023-05-23,False,0.0,True,0,SavySoda,SavySoda,"Casual, Indie, Massively Multiplayer, RPG, Simulation, Strategy, Free To Play","Single-player, Multi-player, MMO, PvP, Online PvP, Co-op, Online Co-op, Cross-Platform Multiplayer, Steam Achievements, Captions available, In-App Purchases, Partial Controller Support, Stats, Includes level editor","Sci-fi, Space, Strategy, Pixel Graphics, Base-Building, Massively Multiplayer, Rogue-like, 2D, Building, 4X",True,True,True,0,2008,724,"500,000 .. 1,000,000",6115,0,209,163,0,0,54,2023,5,750000.0,True,0.0,-0.14184925043885277,1.4510391029202414,-0.14209042723478343,0.07726413906063251,1.2687996796404697,Casual,2732,0.7349926793557833
869760,Stoneshard: Prologue,2018-06-05,False,0.0,False,0,Ink Stains Games,HypeTrain Digital,"Adventure, Indie, RPG","Single-player, Steam Achievements, Family Sharing","RPG, Adventure, Free to Play, Dungeon Crawler, Indie, Action Roguelike, Rogue-like, Loot, Dark Fantasy, Fantasy",True,False,True,0,3118,470,"200,000 .. 500,000",75,0,73,0,0,0,11,2018,6,350000.0,True,0.0,-0.14184925043885277,-0.3686213978541887,-0.14209042723478343,-0.2592687863073395,0.12485038049781758,Adventure,3588,0.8690078037904125
1142710,Total War: WARHAMMER III,2022-02-16,False,14.99,False,75,"CREATIVE ASSEMBLY, Feral Interactive","SEGA, Feral Interactive","Action, Strategy","Single-player, Multi-player, PvP, Online PvP, LAN PvP, Co-op, Online Co-op, LAN Co-op, Steam Achievements, Steam Trading Cards, Camera Comfort, Color Alternatives, Custom Volume Controls, Adjustable Difficulty, Playable without Timed Input, Save Anytime, Stereo Sound, Surround Sound, Steam Cloud, Family Sharing","Strategy, Turn-Based Strategy, Grand Strategy, RTS, Fantasy, Real Time Tactics, War, Dark Fantasy, Action, Dwarf",True,True,True,99260,87141,32717,"2,000,000 .. 5,000,000",12854,1321,4359,16842,0,32,138,2022,2,3500000.0,False,2.771963526845863,0.5556360681340722,3.481286141780984,1.2097133256546169,0.7346772955934151,1.0400098198119392,Action,119858,0.7270353251347428
1822030,The Library of Babel,2023-04-06,False,4.74,False,75,Tanuki Game Studio,Neon Doctrine,"Adventure, Indie","Single-player, Steam Achievements, Partial Controller Support, Steam Cloud, Family Sharing","Puzzle-Platformer, Platformer, 2D, Noir, Detective, Post-apocalyptic, Surreal, Transhumanism, Choices Matter, Controller",True,False,False,0,60,18,"200,000 .. 500,000",0,0,0,0,0,2,35,2023,4,350000.0,False,1.747459210331475,-0.14184925043885277,-0.39121651996645396,-0.05760269267919593,-0.07143645586940164,1.2687996796404697,Adventure,78,0.7692307692307693
339600,VEGA Conflict,2015-12-14,False,0.0,True,0,KIXEYE,KIXEYE,"Massively Multiplayer, Strategy, Free To Play","Multi-player, MMO, PvP, Online PvP, Cross-Platform Multiplayer, Steam Achievements","Free to Play, 2D, Space, Massively Multiplayer, Strategy, Combat, Base-Building, Top-Down Shooter, Open World, RTS",True,True,False,0,2865,2020,"1,000,000 .. 2,000,000",2779,0,206,290,0,0,40,2015,12,1500000.0,True,0.0,-0.14184925043885277,0.446008071366682,-0.14209042723478343,-0.032304720361497924,-0.5615191989877737,Massively Multiplayer,4885,0.586489252814739
1240440,Halo Infinite,2021-11-15,False,0.0,True,0,343 Industries,Xbox Game Studios,"Action, Free To Play","Multi-player, PvP, Online PvP, LAN PvP, Cross-Platform Multiplayer, Steam Achievements, Full controller support, In-App Purchases, Steam Cloud, Includes level editor, Remote Play on TV","Free to Play, FPS, Multiplayer, Singleplayer, Shooter, Action, First-Person, Open World, Sci-fi, Co-op",True,False,False,34203,123333,53708,"10,000,000 .. 20,000,000",1985,472,211,2275,0,1,144,2021,11,15000000.0,True,0.0,0.09849016474500531,0.20680104527150034,-0.09984655995698968,0.7816353782028995,0.8112199599834088,Action,177041,0.6966352426838981
232750,Mars: War Logs,2013-04-26,False,0.99,False,80,Spiders,Focus Entertainment,"Action, RPG","Single-player, Steam Achievements, Full controller support, Steam Trading Cards, Steam Cloud, Remote Play on TV, Family Sharing","RPG, Action, Sci-fi, Third Person, Mars, Cyberpunk, Singleplayer, Action RPG, Story Rich, Adventure",True,False,False,2401,2149,717,"200,000 .. 500,000",395,0,224,4,0,0,14,2013,4,350000.0,False,0.688134638736401,-0.12497777905165154,-0.2722155435085235,-0.14209042723478343,-0.23578974500259728,-1.0190989186448345,Action,2866,0.7498255408234473
939510,Pandemic Express - Zombie Escape,2019-09-27,False,0.0,True,0,"TALLBOYS, tinyBuild",tinyBuild,"Action, Indie, Massively Multiplayer","Multi-player, PvP, Online PvP","Multiplayer, Co-op, Survival, Massively Multiplayer, Battle Royale, Trains, Horror, FPS, Survival Horror, Parkour",True,False,False,1766,2661,1836,"200,000 .. 500,000",263,0,50,0,0,0,27,2019,9,350000.0,True,0.0,-0.12943983000161938,-0.3119829584261104,-0.14209042723478343,-0.1340472326820476,0.353640240326348,Action,4497,0.5917278185456971
1201240,BLEACH Brave Souls,2020-08-17,False,0.0,True,0,KLab Inc.,KLab Inc.,"Action, Casual, RPG, Free To Play","Single-player, Multi-player, Co-op, Online Co-op, Cross-Platform Multiplayer, In-App Purchases, Partial Controller Support","Free to Play, Anime, RPG, Multiplayer, Action, Action RPG, Singleplayer, JRPG, Online Co-Op, Co-op",True,False,False,0,10533,1351,"1,000,000 .. 2,000,000",2187,0,290,1349,0,0,0,2020,8,1500000.0,True,0.0,-0.14184925043885277,0.2676572408272015,-0.14209042723478343,-0.3453586044247277,0.5824301001548784,Action,11884,0.886317738135308
1715130,Crysis Remastered,2021-09-17,False,29.99,False,0,Crytek,Crytek,Action,"Single-player, Steam Achievements, Full controller support, Steam Trading Cards, Family Sharing","Action, FPS, Shooter, Sci-fi, Stealth, Sandbox, Singleplayer, Aliens, Atmospheric, Futuristic",True,False,False,15683,9972,3146,"500,000 .. 1,000,000",276,129,159,83,0,0,40,2021,9,750000.0,False,3.433664571799657,-0.031647132252481794,-0.30806647059331776,-0.14209042723478343,-0.032304720361497924,0.8112199599834088,Action,13118,0.7601768562280835
256290,Child of Light,2014-04-29,False,4.49,False,70,Ubisoft Montréal,Ubisoft,RPG,"Single-player, Multi-player, Shared/Split Screen, Partial Controller Support, Remote Play on Phone, Remote Play on Tablet, Remote Play Together, Family Sharing","RPG, Fantasy, Great Soundtrack, Turn-Based, Female Protagonist, Platformer, Adventure, 2D, Atmospheric, Story Rich",True,False,False,12038,12122,1098,"500,000 .. 1,000,000",419,0,236,12,0,7,0,2014,4,750000.0,False,1.7029282555214393,-0.05726000739048614,-0.26498510443259865,0.15361664370977285,-0.3453586044247277,-0.7903090588163041,RPG,13220,0.9169440242057488
17430,Need for Speed Undercover,2008-12-19,False,0.0,False,0,EA Black Box,Electronic Arts,"Action, Racing","Single-player, Multi-player, Partial Controller Support, Family Sharing","Racing, Open World, Multiplayer, Action, Automobile Sim, Driving, Arcade, Singleplayer, Simulation, Story Rich",True,False,False,7318,5969,1957,"1,000,000 .. 2,000,000",624,0,267,13,0,0,0,2008,12,1500000.0,True,0.0,-0.0904267483099321,-0.20322510399240687,-0.14209042723478343,-0.3453586044247277,-2.1630482177874866,Action,7926,0.7530910926066111
1016600,Devil Slayer - Raksasi,2021-04-22,False,14.99,False,0,GlassesCatGames,"GlassesCatGames, indienova","Action, Adventure, Indie","Single-player, Steam Achievements, Full controller support, Steam Cloud, Remote Play on TV, Family Sharing","Difficult, Action Roguelike, Top-Down, Action, Female Protagonist, Adventure, Rogue-lite, Indie, Singleplayer, Hack and Slash",True,True,False,2708,2397,424,"200,000 .. 500,000",3085,0,4588,3,0,2,79,2021,4,350000.0,False,2.771963526845863,-0.12282053552150961,0.5381961695847244,-0.05760269267919593,0.2729228166001511,0.8112199599834088,Action,2821,0.8496986884083658
33520,Tropico Reloaded,2009-07-26,False,6.99,False,0,"PopTop Software, BreakAway Games, Frog City Software",Kalypso Media Digital,"Simulation, Strategy","Single-player, Family Sharing","Simulation, City Builder, Strategy, Management, Classic, Sandbox, Pirates, Great Soundtrack, Singleplayer, Comedy",True,False,False,798,799,111,"200,000 .. 500,000",295,0,29,15,0,0,0,2009,7,350000.0,False,2.0781907597781832,-0.13624182263086168,-0.3023423729915439,-0.14209042723478343,-0.3453586044247277,-1.934258357958956,Simulation,910,0.878021978021978
221040,Resident Evil 6,2013-03-21,False,19.99,False,0,Capcom,Capcom,"Action, Adventure","Single-player, Multi-player, Co-op, Shared/Split Screen, Steam Achievements, Steam Trading Cards, Partial Controller Support, Steam Cloud, Valve Anti-Cheat enabled, Steam Leaderboards, Remote Play Together, Family Sharing","Zombies, Action, Co-op, Third-Person Shooter, Horror, Co-op Campaign, Online Co-Op, Multiplayer, Adventure, Split Screen",True,False,False,47322,42993,11727,"2,000,000 .. 5,000,000",1016,326,564,515,16,5,70,2013,3,3500000.0,False,3.0440461338325417,0.19067543468615183,-0.08512793241896703,0.06912890915418535,0.20248569268592442,-1.0190989186448345,Action,54720,0.7856907894736842
361190,Sparkle 3 Genesis,2015-04-24,False,4.99,False,0,Forever Entertainment S. A.,Forever Entertainment S. A.,"Action, Casual, Indie, Simulation","Single-player, Steam Achievements, Full controller support, Steam Trading Cards, Steam Cloud, Family Sharing","Casual, Simulation, Indie, Action, Relaxing",True,True,True,303,546,218,"200,000 .. 500,000",244,0,273,0,0,0,32,2015,4,350000.0,False,1.7900914121273581,-0.13972011431626968,-0.3177070560278843,-0.14209042723478343,-0.09491549717414388,-0.5615191989877737,Action,764,0.7146596858638743
2058190,Lost Judgment,2022-09-14,False,59.99,False,0,Ryu Ga Gotoku Studio,SEGA,"Action, Adventure","Single-player, Steam Achievements, Full controller support, Steam Trading Cards, Steam Cloud, Family Sharing","Action, Adventure, Beat 'em up, Action-Adventure, 3D Fighter, Cinematic, Realistic, Third Person, Hack and Slash, Crime",True,False,False,6990,7238,428,"500,000 .. 1,000,000",4028,0,3596,233,17,1,56,2022,9,750000.0,False,4.110709916308365,-0.092731555729758,0.8222921716096063,-0.09984655995698968,0.092916833263794,1.0400098198119392,Action,7666,0.9441690581789721
1562430,DREDGE,2023-03-30,False,24.99,False,0,Black Salt Games,Team17,"Adventure, RPG","Single-player, Steam Achievements, Full controller support, Steam Trading Cards, Camera Comfort, Color Alternatives, Custom Volume Controls, Adjustable Difficulty, Keyboard Only Option, Stereo Sound, Steam Cloud, Family Sharing","Exploration, Fishing, Lovecraftian, Adventure, Open World, Mystery, Inventory Management, Atmospheric, Psychological Horror, Horror",True,True,False,44488,42127,1839,"1,000,000 .. 2,000,000",689,174,536,517,0,5,60,2023,3,1500000.0,False,3.2577118486533987,0.17076133643070482,-0.18364266482844363,0.06912890915418535,0.12422222167011698,1.2687996796404697,Adventure,43966,0.958172223991266
1278480,Smart Game Booster,2020-05-11,False,0.0,True,0,Smart Game Booster,Smart Game Booster,Utilities,Unknown,"Utilities, Software",True,False,False,0,1434,374,"500,000 .. 1,000,000",3189,0,781,111,0,1,0,2020,5,750000.0,True,0.0,-0.14184925043885277,0.5695280722470656,-0.09984655995698968,-0.3453586044247277,0.5824301001548784,Other,1808,0.793141592920354
231330,Deadfall Adventures,2013-11-15,False,19.99,False,0,The Farm 51,THQ Nordic,"Action, Adventure","Single-player, Multi-player, Co-op, Steam Achievements, Steam Trading Cards, Partial Controller Support, Steam Cloud, Steam Leaderboards, Family Sharing","Adventure, Action, FPS, Shooter, First-Person, Multiplayer, Singleplayer, Puzzle, Zombies, Co-op",True,False,True,1285,1859,664,"200,000 .. 500,000",662,0,610,0,0,0,50,2013,11,350000.0,False,3.0440461338325417,-0.1328197457605714,-0.19177690878885914,-0.14209042723478343,0.04595875065430953,-1.0190989186448345,Action,2523,0.7368212445501388
274170,Hotline Miami 2: Wrong Number,2015-03-10,False,14.99,False,0,Dennaton Games,Devolver Digital,"Action, Indie","Single-player, Steam Achievements, Full controller support, Steam Workshop, Steam Cloud, Steam Leaderboards, Includes level editor, Remote Play on TV, Family Sharing","Great Soundtrack, Gore, Pixel Graphics, Violent, Action, Fast-Paced, Difficult, Retro, Top-Down, 1980s",True,True,True,66771,62741,3893,"2,000,000 .. 5,000,000",829,47,288,437,17,1,29,2015,3,3500000.0,False,2.771963526845863,0.3273406770891824,-0.14146510355221512,-0.09984655995698968,-0.11839453847888612,-0.5615191989877737,Action,66634,0.941576372422487
2933080,Crime Boss: Rockay City,2024-06-18,False,19.99,False,0,INGAME STUDIOS,505 Games,Action,"Single-player, Multi-player, Co-op, Online Co-op, Steam Achievements, Steam Trading Cards, Camera Comfort, Color Alternatives, Adjustable Difficulty, Stereo Sound, Partial Controller Support, Steam Cloud, Family Sharing","Action, Shooter, FPS, Multiplayer, Co-op, Heist, Action Roguelike, Crime, Realistic, Looter Shooter",True,False,False,9408,5413,4144,"200,000 .. 500,000",537,0,244,160,0,11,45,2024,6,350000.0,False,3.0440461338325417,-0.07574062786043166,-0.2294354456426346,0.3225921128209479,0.006827015146405804,1.497589539469,Action,9557,0.5663911269226745
683830,Weable,2017-08-22,False,6.99,False,0,SPECTRUM GAMES,Valkyrie Initiative,"Action, Casual, Indie","Single-player, Steam Trading Cards, Family Sharing","Action, Indie, Casual, Top-Down, 2D",True,False,False,354,324,99,"200,000 .. 500,000",323,0,288,2,0,0,0,2017,8,350000.0,False,2.0781907597781832,-0.1393617448698943,-0.2939068607362982,-0.14209042723478343,-0.3453586044247277,-0.10393947933071283,Action,423,0.7659574468085106
1377580,Soulworker,2021-05-12,False,0.0,True,0,VALOFE,G・O・P,"Action, Massively Multiplayer, RPG, Free To Play","Single-player, Multi-player, MMO, Co-op, Online Co-op, Cross-Platform Multiplayer, In-App Purchases, Partial Controller Support, Steam Cloud","Anime, Free to Play, Sexual Content, Nudity, MMORPG, RPG, Action, Hack and Slash, Action RPG, Multiplayer",True,False,False,0,7552,3088,"1,000,000 .. 2,000,000",2273,123,123,127,0,0,0,2021,5,1500000.0,True,0.0,-0.14184925043885277,0.293566314182599,-0.14209042723478343,-0.3453586044247277,0.8112199599834088,Action,10640,0.7097744360902256
24010,Train Simulator Classic,2015-09-17,False,29.99,False,0,Dovetail Games,"Dovetail Games - Trains, Dovetail Games",Simulation,"Single-player, Steam Achievements, Full controller support, Steam Trading Cards, Steam Workshop, In-App Purchases, Steam Cloud, Steam Leaderboards, Family Sharing","Simulation, Trains, Singleplayer, Driving, Realistic, Casual, Relaxing, Open World, Building, Moddable",True,False,False,19144,20015,8172,"1,000,000 .. 2,000,000",6245,29,491,503,0,785,1384,2015,9,1500000.0,False,3.433664571799657,-0.007327197862184659,1.490203981248168,33.01934538583332,10.486305784163024,-0.5615191989877737,Simulation,28187,0.7100791144854011
1180380,Stay Out,2019-11-27,False,0.0,True,0,MOBITECH LLC,MOBITECH LLC,"Action, Indie, Massively Multiplayer, RPG, Free To Play, Early Access","Multi-player, MMO, PvP, Online PvP, In-App Purchases, Remote Play on Tablet","Early Access, Free to Play, Shooter, MMORPG, Open World, RPG, Third Person, Action, PvP, Character Customization",True,False,False,0,16994,8906,"500,000 .. 1,000,000",748,0,45,995,0,0,0,2019,11,750000.0,True,0.0,-0.14184925043885277,-0.16586783543346162,-0.14209042723478343,-0.3453586044247277,0.353640240326348,Action,25900,0.6561389961389962
266150,Lost Saga NA,2014-11-25,False,0.0,False,0,IO Entertainment,Smilegate West,"Action, Casual, Free To Play","Multi-player, Steam Achievements, Steam Trading Cards, Family Sharing","Free to Play, Anime, Action, Casual, Fighting, Multiplayer, Beat 'em up, MMORPG, Massively Multiplayer",True,False,False,0,412,265,"200,000 .. 500,000",23,0,35,0,0,0,68,2014,11,350000.0,True,0.0,-0.14184925043885277,-0.3842873491853593,-0.14209042723478343,0.18683299848276294,-0.7903090588163041,Action,677,0.6085672082717873
406150,Refunct,2015-10-16,False,0.74,False,75,Dominique Grieshofer,Dominique Grieshofer,"Adventure, Casual, Indie","Single-player, Steam Achievements, Full controller support, Steam Trading Cards, Steam Cloud, Remote Play on Phone, Remote Play on Tablet, Remote Play on TV, Family Sharing","Parkour, 3D Platformer, Relaxing, Short, First-Person, Puzzle-Platformer, Casual, Platformer, Atmospheric, Open World",True,False,False,15964,16608,723,"200,000 .. 500,000",428,0,62,2,0,0,10,2015,10,350000.0,False,0.5538851132264376,-0.029672586871472402,-0.2622736897791268,-0.14209042723478343,-0.26709513340892027,-0.5615191989877737,Adventure,17331,0.9582828457676995
719640,War Planet Online: Global Conquest,2017-12-19,False,0.0,True,0,Gameloft,Gameloft,"Massively Multiplayer, Strategy, Free To Play","Multi-player, MMO, Cross-Platform Multiplayer, Steam Achievements, In-App Purchases, Steam Cloud","Strategy, Massively Multiplayer, Building, PvP, Tactical, Real Time Tactics, PvE, Management, Multiplayer, Singleplayer",True,False,False,0,579,332,"200,000 .. 500,000",332,0,656,155,0,0,12,2017,12,350000.0,True,0.0,-0.14184925043885277,-0.2911954460828263,-0.14209042723478343,-0.25144243920575876,-0.10393947933071283,Massively Multiplayer,911,0.6355653128430296
991780,Notes of Soul,2019-01-17,False,29.99,False,0,（Hong Kong）GKD Game Studio,（Hong Kong）GKD Game Studio,"Action, Adventure, Casual, Indie, Massively Multiplayer, Racing, RPG, Strategy, Early Access","Multi-player, MMO, PvP, Online PvP, Co-op, Online Co-op, Stats, Steam Leaderboards, Remote Play Together","Horror, Massively Multiplayer, Sexual Content, Action, Adventure, Indie, Nudity, RPG, Multiplayer, Strategy",True,False,False,17585,16065,4715,"500,000 .. 1,000,000",3108,0,499,88,0,0,0,2019,1,750000.0,False,3.433664571799657,-0.018282059958247422,0.545125340365819,-0.14209042723478343,-0.3453586044247277,0.353640240326348,Action,20780,0.7730991337824832
803140,Battle Carnival,2018-04-26,False,0.0,False,0,Zepetto,Zepetto USA,"Free To Play, Early Access","Multi-player, Online PvP, Family Sharing","Free to Play, Multiplayer, FPS, Early Access, First-Person, Action, Team-Based, Shooter",True,False,False,0,805,358,"200,000 .. 500,000",0,0,0,0,0,0,0,2018,4,350000.0,True,0.0,-0.14184925043885277,-0.39121651996645396,-0.14209042723478343,-0.3453586044247277,0.12485038049781758,Other,1163,0.6921754084264833
998930,Seek Girl,2019-03-14,False,0.0,True,0,DSGame,DSGame,"Action, Casual, Indie","Single-player, Steam Achievements, Steam Trading Cards, Steam Cloud","Sexual Content, Nudity, Mature, Hentai, Anime, Casual, Indie, NSFW, FPS, Action",True,False,False,3905,3970,1139,"200,000 .. 500,000",56,0,31,1,0,2,160,2019,3,350000.0,True,0.0,-0.114409393809523,-0.3743454954559626,-0.05760269267919593,0.9068569318281915,0.353640240326348,Action,5109,0.7770600900371892
1239260,Barro F,2020-02-28,False,0.49,False,90,SC Jogos,SC Jogos,"Casual, Indie, Racing","Single-player, Multi-player, PvP, Shared/Split Screen PvP, Shared/Split Screen, Steam Achievements, Steam Trading Cards, Partial Controller Support, Steam Cloud, Steam Leaderboards, Remote Play Together, Family Sharing","Indie, Racing, Sports, Multiplayer, PvP, Arcade, Driving, Automobile Sim, Immersive Sim, Simulation",True,False,False,2260,1596,308,"200,000 .. 500,000",39,0,15,169,0,1,15,2020,2,350000.0,False,0.3987761199573678,-0.1259685651681011,-0.37946705646807605,-0.09984655995698968,-0.22796339790101655,0.5824301001548784,Casual,1904,0.8382352941176471
294860,Valkyria Chronicles™,2014-11-11,False,19.99,False,0,SEGA,SEGA,"Action, RPG, Strategy","Single-player, Steam Achievements, Full controller support, Steam Trading Cards, Steam Cloud, Family Sharing","Anime, Strategy, Turn-Based, Story Rich, JRPG, RPG, Tactical, Singleplayer, Great Soundtrack, Strategy RPG",True,False,False,10693,11613,1263,"500,000 .. 1,000,000",763,0,337,37,0,0,20,2014,11,750000.0,False,3.0440461338325417,-0.06671112318215029,-0.16134881101100856,-0.14209042723478343,-0.18883166239311283,-0.7903090588163041,Action,12876,0.901910531220876
1676840,For The King II,2023-11-02,False,24.99,False,0,IronOak Games,Curve Games,"Adventure, Indie, RPG, Strategy","Single-player, Multi-player, Co-op, Online Co-op, Shared/Split Screen Co-op, Shared/Split Screen, Cross-Platform Multiplayer, Steam Achievements, Full controller support, Steam Trading Cards, Adjustable Text Size, Camera Comfort, Custom Volume Controls, Adjustable Difficulty, Keyboard Only Option, Mouse Only Option, Save Anytime, Steam Cloud, Remote Play Together, Family Sharing","Adventure, RPG, Strategy, Party-Based RPG, Board Game, Rogue-like, Turn-Based Strategy, Rogue-lite, Tabletop, Multiplayer",True,False,False,12030,8827,3999,"500,000 .. 1,000,000",1355,584,731,374,0,4,126,2023,11,750000.0,False,3.2577118486533987,-0.05731622220560384,0.017002019528472013,0.026885041876391583,0.6407611303744462,1.2687996796404697,Adventure,12826,0.6882114455013254
1237980,STAR WARS™ Battlefront,2020-06-11,False,19.99,False,0,DICE,Electronic Arts,"Action, Adventure, Strategy","Single-player, Multi-player, PvP, Online PvP, Steam Achievements, Full controller support, Steam Trading Cards","Shooter, Sci-fi, Multiplayer, Singleplayer, Adventure, Space, Strategy, Co-op, Third-Person Shooter, Online Co-Op",True,False,False,4979,4116,1129,"1,000,000 .. 2,000,000",290,0,180,55,0,0,63,2020,6,1500000.0,False,3.0440461338325417,-0.1068625548799711,-0.3038487144656949,-0.14209042723478343,0.14770126297485922,0.5824301001548784,Action,5245,0.7847473784556721
804010,SteamWorld Quest: Hand of Gilgamech,2019-05-31,False,2.49,False,90,Image & Form Games,Thunderful Publishing,"Adventure, RPG","Single-player, Steam Achievements, Full controller support, Steam Trading Cards, Steam Cloud, Family Sharing","Card Battler, Turn-Based, Card Game, Party-Based RPG, RPG, 2D, Deckbuilding, Turn-Based Combat, Steampunk, Cartoony",True,True,True,1890,1787,272,"200,000 .. 500,000",961,0,1093,8,0,1,44,2019,5,350000.0,False,1.2499017362143359,-0.12856850036729495,-0.10169768863462823,-0.09984655995698968,-0.0009993319551749415,0.353640240326348,Adventure,2059,0.8678970373967946
362890,Black Mesa,2020-03-06,False,19.99,False,0,Crowbar Collective,Crowbar Collective,"Action, Adventure, Indie","Single-player, Multi-player, PvP, Online PvP, Cross-Platform Multiplayer, Steam Achievements, Steam Trading Cards, Captions available, Steam Workshop, Partial Controller Support, Steam Cloud, Includes level editor, Includes Source SDK, Remote Play on Phone, Remote Play on Tablet, Family Sharing","FPS, Remake, Action, Sci-fi, First-Person, Singleplayer, Shooter, Atmospheric, Classic, Story Rich",True,False,True,131820,121562,6131,"2,000,000 .. 5,000,000",928,242,527,907,0,0,50,2020,3,3500000.0,False,3.0440461338325417,0.7844303656631315,-0.11163954236402496,-0.14209042723478343,0.04595875065430953,0.5824301001548784,Action,127693,0.9519864048929855
1493640,Banishers: Ghosts of New Eden,2024-02-12,False,49.99,False,0,DON'T NOD,Focus Entertainment,"Action, Adventure, RPG","Single-player, Steam Achievements, Full controller support, Steam Trading Cards, Adjustable Text Size, Color Alternatives, Custom Volume Controls, Adjustable Difficulty, Playable without Timed Input, Save Anytime, Stereo Sound, Subtitle Options, Surround Sound, Steam Cloud, Family Sharing","Narration, Lore-Rich, Third Person, Emotional, Atmospheric, Action RPG, Exploration, RPG, Action-Adventure, Choices Matter",True,False,False,5969,5288,840,"500,000 .. 1,000,000",853,1271,435,86,0,1,43,2024,2,750000.0,False,3.9316295350670645,-0.0999059715091551,-0.13423466447629023,-0.09984655995698968,-0.008825679056755686,1.497589539469,Action,6128,0.8629242819843342
1075190,A Game of Thrones: The Board Game - Digital Edition,2020-10-06,False,19.99,False,0,Dire Wolf,Twin Sails Interactive,Strategy,"Single-player, Multi-player, PvP, Online PvP, Steam Achievements, Family Sharing","Strategy, Board Game, Social Deduction, Diplomacy, 4X, Multiplayer, Turn-Based Strategy, Medieval, Dark Fantasy, Politics",True,True,False,1668,1267,545,"200,000 .. 500,000",321,1,360,22,0,2,22,2020,10,350000.0,False,3.0440461338325417,-0.13012846148681126,-0.2945093973259586,-0.05760269267919593,-0.17317896818995132,0.5824301001548784,Strategy,1812,0.6992273730684326
91600,Sanctum,2011-04-15,False,9.99,False,0,Coffee Stain Studios,Coffee Stain Publishing,"Action, Casual, Indie, Strategy","Single-player, Multi-player, Co-op, Cross-Platform Multiplayer, Steam Achievements, Partial Controller Support, Steam Cloud, Steam Leaderboards, Family Sharing","Tower Defense, FPS, Strategy, Co-op, Action, Indie, Sci-fi, Multiplayer, First-Person, Online Co-Op",True,True,False,1966,2943,359,"1,000,000 .. 2,000,000",221,0,44,4,0,5,100,2011,4,1500000.0,False,2.39698576841553,-0.12803445962367674,-0.32463622680897897,0.06912890915418535,0.4372761057333468,-1.4766786383018953,Action,3302,0.8912780133252575
238010,Deus Ex: Human Revolution - Director's Cut,2013-10-25,False,19.99,False,0,Eidos Montreal,Eidos Interactive Corp.,"Action, RPG","Single-player, Steam Achievements, Full controller support, Steam Trading Cards, Captions available, Steam Cloud, Commentary available, Remote Play on Tablet, Family Sharing","Cyberpunk, Stealth, RPG, Sci-fi, FPS, Action, Singleplayer, Story Rich, Great Soundtrack, Transhumanism",True,False,False,24821,25909,2216,"2,000,000 .. 5,000,000",1097,0,369,193,17,0,59,2013,10,3500000.0,False,3.0440461338325417,0.03256424031571676,-0.060725200537720535,-0.14209042723478343,0.11639587456853623,-1.0190989186448345,Action,28125,0.9212088888888889
246420,Kingdom Rush  - Tower Defense,2014-01-06,False,9.99,False,0,Ironhide Game Studio,Ironhide Game Studio,Strategy,"Single-player, Steam Achievements, Steam Trading Cards, Steam Cloud, Family Sharing","Tower Defense, Strategy, Singleplayer, 2D, Tactical, Fantasy, Casual, Action, Funny, Adventure",True,True,True,13851,14430,402,"1,000,000 .. 2,000,000",1408,0,507,214,0,0,74,2014,1,1500000.0,False,2.39698576841553,-0.04452032491443624,0.03296923915447281,-0.14209042723478343,0.23379108109224742,-0.7903090588163041,Strategy,14832,0.9728964401294499
375010,Energy Balance,2015-07-02,False,2.99,False,0,Sometimes You,Sometimes You,"Casual, Indie","Single-player, Steam Achievements, Steam Trading Cards, Steam Cloud, Family Sharing","Indie, Casual, Puzzle",True,True,True,0,217,99,"200,000 .. 500,000",306,0,282,0,0,1,9,2015,7,350000.0,False,1.3837912309017721,-0.14184925043885277,-0.29902842174841165,-0.09984655995698968,-0.274921480510501,-0.5615191989877737,Casual,316,0.6867088607594937
513710,SCUM,2025-06-17,False,17.99,False,60,Gamepires,Gamepires,"Action, Adventure, Indie, Massively Multiplayer","Single-player, Multi-player, MMO, PvP, Online PvP, Co-op, Online Co-op, Steam Achievements, Steam Trading Cards, Camera Comfort, Custom Volume Controls, Adjustable Difficulty, Stereo Sound, Surround Sound, Stats","Survival, Open World Survival Craft, Multiplayer, Open World, Zombies, Nudity, Massively Multiplayer, Action, Realistic, Adventure",True,False,False,96031,83704,28411,"5,000,000 .. 10,000,000",8034,2559,893,8535,0,15,69,2025,6,7500000.0,False,2.9439125248241944,0.5329463633821885,2.0291729606994022,0.4915675819321229,0.1946593455843437,1.7263793992975305,Action,112115,0.7465905543415243
1485870,Evil Inside - Prologue,2021-03-04,False,0.0,True,0,JanduSoft,JanduSoft,"Adventure, Indie, Free To Play","Single-player, Steam Cloud","Horror, Multiplayer, Free to Play, Adventure, Survival Horror, FPS, Survival, Experimental, First-Person, 3D",True,False,False,0,693,317,"200,000 .. 500,000",23,0,34,0,0,0,0,2021,3,350000.0,True,0.0,-0.14184925043885277,-0.3842873491853593,-0.14209042723478343,-0.3453586044247277,0.8112199599834088,Adventure,1010,0.6861386138613862
761890,Albion Online,2018-05-16,False,0.0,True,0,Sandbox Interactive GmbH,Sandbox Interactive GmbH,"Massively Multiplayer, RPG, Free To Play","Multi-player, MMO, PvP, Online PvP, Cross-Platform Multiplayer, Steam Achievements, In-App Purchases, Partial Controller Support","Free to Play, MMORPG, Open World, Massively Multiplayer, Sandbox, RPG, Multiplayer, Crafting, Survival, PvP",True,True,True,1890,65583,17491,"2,000,000 .. 5,000,000",5876,1092,227,8184,0,0,154,2018,5,3500000.0,True,0.0,-0.12856850036729495,1.3790359804558228,-0.14209042723478343,0.859898849218707,0.12485038049781758,Massively Multiplayer,83074,0.7894527770421552
1262350,SIGNALIS,2022-10-27,False,19.99,False,0,rose-engine,Balor Games,"Action, Adventure, Indie","Single-player, Steam Achievements, Full controller support, Steam Cloud, Family Sharing","Survival Horror, Psychological Horror, Female Protagonist, Sci-fi, Atmospheric, Lovecraftian, Dark, Mystery, LGBTQ+, Singleplayer",True,False,False,28647,25320,837,"1,000,000 .. 2,000,000",526,84,415,108,0,0,13,2022,10,1500000.0,False,3.0440461338325417,0.05944897564575918,-0.23274939688576685,-0.14209042723478343,-0.24361609210417803,1.0400098198119392,Action,26157,0.9680009175364147
230860,Cannon Brawl,2014-09-19,False,14.99,False,0,"Theresa Duringer, Pete Andstadt",Temple Gates Games,"Action, Adventure, Indie, Strategy","Single-player, Multi-player, Steam Achievements, Full controller support, Steam Trading Cards, Steam Cloud, Steam Leaderboards, Remote Play on TV, Family Sharing","Indie, Multiplayer, Local Multiplayer, 2D, Strategy, Singleplayer, Controller, RTS, Action, Colorful",True,True,True,555,728,70,"200,000 .. 500,000",390,0,470,0,0,1,30,2014,9,350000.0,False,2.771963526845863,-0.13794934764006198,-0.2737218849826745,-0.09984655995698968,-0.11056819137730538,-0.7903090588163041,Action,798,0.9122807017543859
466730,King's Guard TD,2016-06-08,False,4.99,False,0,Nightbinder,My Way Games,"Casual, Indie, Strategy","Single-player, Steam Achievements, Steam Trading Cards, Family Sharing","Casual, Indie, Strategy, Tower Defense, Cartoony, Cartoon",True,False,False,0,210,149,"200,000 .. 500,000",168,0,173,0,0,0,10,2016,6,350000.0,False,1.7900914121273581,-0.14184925043885277,-0.34060344643497975,-0.14209042723478343,-0.26709513340892027,-0.33272933915924324,Casual,359,0.584958217270195
747660,Five Nights at Freddy's: Security Breach,2021-12-16,False,39.99,False,0,Steel Wool Studios,ScottGames,"Action, Adventure, Indie","Single-player, Steam Achievements, Full controller support, Family Sharing","Horror, Singleplayer, Survival Horror, Robots, Multiple Endings, First-Person, Stealth, Exploration, 3D, Action",True,False,False,64011,56080,8779,"1,000,000 .. 2,000,000",1010,1,864,196,0,1,29,2021,12,1500000.0,False,3.7133281345162463,0.3079465658735742,-0.08693554218794826,-0.09984655995698968,-0.11839453847888612,0.8112199599834088,Action,64859,0.8646448449713995
1987080,Inside the Backrooms,2022-06-20,False,6.99,False,0,MrFatcat,"MrFatcat, Dropsiick","Adventure, Indie, Early Access","Single-player, Multi-player, Co-op, Online Co-op, Steam Achievements, Tracked Controller Support, Steam Workshop, Family Sharing","Horror, Multiplayer, Survival Horror, Puzzle, Psychological Horror, Co-op, Online Co-Op, Adventure, Exploration, First-Person",True,False,False,38150,36836,8196,"1,000,000 .. 2,000,000",465,0,310,237,0,0,28,2022,6,1500000.0,False,2.0781907597781832,0.12622514915370303,-0.25112676287040925,-0.14209042723478343,-0.12622088558046687,1.0400098198119392,Adventure,45032,0.8179960916681471
746580,HARDCORE MECHA,2019-06-26,False,19.99,False,0,RocketPunch Games,"RocketPunch Games, Lightning Games","Action, Indie","Single-player, Multi-player, PvP, Online PvP, Shared/Split Screen PvP, Shared/Split Screen, Steam Achievements, Full controller support, Steam Trading Cards, Steam Cloud, Remote Play Together, Family Sharing","Action, Indie, Mechs, Anime, Sci-fi, 2D, Shooter, Platformer, Singleplayer, Multiplayer",True,False,False,2321,2168,445,"200,000 .. 500,000",281,0,194,1,0,8,36,2019,6,350000.0,False,3.0440461338325417,-0.12553992720282858,-0.30656012911916675,0.19586051098756663,-0.0636101087678209,0.353640240326348,Action,2613,0.8296976655185611
261030,The Walking Dead: Season Two,2013-12-17,False,14.99,False,0,Telltale Games,Skybound Games,Adventure,"Single-player, Steam Achievements, Full controller support, Family Sharing","Zombies, Adventure, Story Rich, Episodic, Point & Click, Singleplayer, Female Protagonist, Drama, Choices Matter, Atmospheric",True,True,False,26435,30526,1113,"1,000,000 .. 2,000,000",674,341,610,199,17,0,40,2013,12,1500000.0,False,2.771963526845863,0.04390557926571375,-0.18816168925089669,-0.14209042723478343,-0.032304720361497924,-1.0190989186448345,Adventure,31639,0.9648218970258226
980610,Quaver,2022-08-19,False,0.0,True,0,Swan,Swan,"Casual, Indie, Free To Play","Single-player, Multi-player, PvP, Online PvP, Co-op, Shared/Split Screen Co-op, Shared/Split Screen, Steam Achievements, Steam Workshop, Includes level editor","Rhythm, Free to Play, Music, Indie, Casual, Competitive, Psychological Horror, Difficult, Great Soundtrack, Multiplayer",True,True,True,0,14267,1252,"200,000 .. 500,000",0,0,0,153,0,0,31,2022,8,350000.0,True,0.0,-0.14184925043885277,-0.39121651996645396,-0.14209042723478343,-0.10274184427572462,1.0400098198119392,Casual,15519,0.9193246987563631
345390,King's Quest,2015-07-28,False,0.0,True,0,The Odd Gentlemen,"Sierra, Activision",Adventure,"Single-player, Steam Achievements, Partial Controller Support, Family Sharing","Adventure, Puzzle, Point & Click, Fantasy, Story Rich, Singleplayer, Comedy, Funny, Classic, Episodic",True,False,False,1310,2590,287,"200,000 .. 500,000",422,0,430,10,0,4,53,2015,7,350000.0,True,0.0,-0.13264407446332857,-0.264081299548108,0.026885041876391583,0.06943779195905177,-0.5615191989877737,Adventure,2877,0.9002433090024331
42700,Call of Duty®: Black Ops,2010-11-09,False,39.99,False,0,Treyarch,Activision,Action,"Single-player, Multi-player, Co-op, Steam Achievements, Partial Controller Support, Valve Anti-Cheat enabled, Family Sharing","Action, FPS, Zombies, Multiplayer, Shooter, Singleplayer, Cold War, First-Person, War, Military",True,False,False,21637,36530,3695,"2,000,000 .. 5,000,000",1458,0,561,527,17,4,68,2010,11,3500000.0,False,3.7133281345162463,0.010190743898870166,0.04803265389598299,0.026885041876391583,0.18683299848276294,-1.7054684981304258,Action,40225,0.908141702921069
337950,The SKIES - BETA,2016-04-16,False,0.0,False,0,Eforb,Eforb,"Free To Play, Massively Multiplayer, RPG, Early Access","Multi-player, MMO, Steam Achievements, In-App Purchases, Steam Leaderboards, Family Sharing","Free to Play, Survival, Multiplayer, Open World, Massively Multiplayer, Post-apocalyptic, Shooter, Zombies, Early Access, RPG",True,False,False,0,1655,2288,"500,000 .. 1,000,000",42,0,24,0,0,0,0,2016,4,750000.0,True,0.0,-0.14184925043885277,-0.3785632515835854,-0.14209042723478343,-0.3453586044247277,-0.33272933915924324,Massively Multiplayer,3943,0.41973116916053765
389140,Horizon Chase Turbo,2018-05-15,False,19.99,False,0,AQUIRIS,AQUIRIS,"Action, Casual, Indie, Racing, Sports","Single-player, Multi-player, PvP, Shared/Split Screen PvP, Shared/Split Screen, Steam Achievements, Full controller support, Steam Trading Cards, In-App Purchases, Steam Cloud, Remote Play on TV, Remote Play Together, Family Sharing","Racing, Arcade, Indie, Casual, Retro, Sports, Action, Local Multiplayer, Great Soundtrack, 4 Player Local",True,True,True,4087,5218,390,"200,000 .. 500,000",663,0,241,15,0,4,48,2018,5,350000.0,False,3.0440461338325417,-0.1131305067655952,-0.19147564049402893,0.026885041876391583,0.030306056451148037,0.12485038049781758,Action,5608,0.9304564907275321
33230,Assassin's Creed 2,2010-03-09,False,19.99,False,0,Ubisoft Montreal,Ubisoft,"Action, Adventure",Single-player,"Action, Open World, Parkour, Assassin, Stealth, Adventure, Historical, Third Person, Story Rich, Singleplayer",True,False,False,55830,48815,5831,"2,000,000 .. 5,000,000",1309,0,970,188,17,0,0,2010,3,3500000.0,False,3.0440461338325417,0.2504598905638311,0.0031436779662826434,-0.14209042723478343,-0.3453586044247277,-1.7054684981304258,Action,54646,0.8932950261684295
435030,Lost Lands: Mahjong,2016-03-14,False,0.0,True,0,FIVE-BN GAMES,FIVE-BN GAMES,"Adventure, Casual, Free To Play","Single-player, Steam Achievements, In-App Purchases, Steam Cloud","Free to Play, Casual, Adventure, Puzzle, Singleplayer, Mahjong, Board Game",True,True,False,0,4860,446,"200,000 .. 500,000",148,0,201,42,0,0,46,2016,3,350000.0,True,0.0,-0.14184925043885277,-0.3466288123315838,-0.14209042723478343,0.014653362247986548,-0.33272933915924324,Adventure,5306,0.9159442140972484
914800,Coffee Talk,2020-01-29,False,12.99,False,0,Toge Productions,Toge Productions,"Adventure, Casual, Indie","Single-player, Steam Achievements, Full controller support, Steam Trading Cards, Steam Workshop, Steam Cloud, Remote Play on Phone, Remote Play on Tablet, Remote Play on TV, Family Sharing","Conversation, Pixel Graphics, Visual Novel, Relaxing, Atmospheric, Story Rich, Interactive Fiction, LGBTQ+, Casual, Singleplayer",True,True,False,10931,10695,572,"200,000 .. 500,000",239,0,200,24,0,2,24,2020,1,350000.0,False,2.63834278867739,-0.06503873243239856,-0.3192133975020353,-0.05760269267919593,-0.15752627398678984,0.5824301001548784,Adventure,11267,0.9492322712345789
322190,SteamWorld Heist,2016-06-07,False,1.49,False,90,Image & Form Games,Image & Form Games,"RPG, Strategy","Single-player, Steam Achievements, Full controller support, Steam Trading Cards, Steam Cloud, Remote Play on TV, Family Sharing","Strategy, Turn-Based, Steampunk, RPG, Indie, Action, Adventure, 2D, Female Protagonist, Turn-Based Tactics",True,True,True,4288,5622,390,"500,000 .. 1,000,000",396,0,266,27,0,4,47,2016,6,750000.0,False,0.9122827104766162,-0.11171810953576287,-0.2719142752136933,0.026885041876391583,0.022479709349567292,-0.33272933915924324,RPG,6012,0.935129740518962
218820,Mercenary Kings: Reloaded Edition,2014-03-25,False,19.99,False,0,Tribute Games Inc.,Tribute Games Inc.,"Action, Adventure, Indie, RPG","Single-player, Multi-player, Co-op, Shared/Split Screen, Cross-Platform Multiplayer, Steam Achievements, Full controller support, Steam Trading Cards, Steam Cloud, Remote Play on TV, Remote Play Together, Family Sharing","Action, Indie, 2D, Co-op, Pixel Graphics, Platformer, Side Scroller, Local Co-Op, Crafting, Adventure",True,True,True,1183,1707,719,"500,000 .. 1,000,000",330,0,239,0,12,0,26,2014,3,750000.0,False,3.0440461338325417,-0.13353648465332213,-0.29179798267248674,-0.14209042723478343,-0.14187357978362836,-0.7903090588163041,Action,2426,0.7036273701566365
867290,Crossroads Inn Anniversary Edition,2019-10-23,False,3.74,False,75,Klabater,Klabater,"Adventure, Casual, RPG, Simulation, Strategy","Single-player, Steam Achievements, Family Sharing","City Builder, Immersive Sim, Life Sim, 3D, Economy, Funny, Stylized, Base-Building, Lore-Rich, Old School",True,False,False,3566,2205,1807,"200,000 .. 500,000",492,0,528,18,0,0,40,2019,10,350000.0,False,1.556037135706985,-0.11679149660013574,-0.24299251890999377,-0.14209042723478343,-0.032304720361497924,0.353640240326348,Adventure,4012,0.5496011964107677
253880,Earth 2150 Trilogy,2013-11-01,False,9.99,False,0,Reality Pump Studios,"Topware Interactive, ACE",Strategy,"Single-player, Multi-player, PvP, Online PvP, Cross-Platform Multiplayer, Steam Trading Cards, Steam Cloud, Includes level editor, Family Sharing","Strategy, RTS, Sci-fi, Classic, Space, Base-Building",True,True,True,440,669,205,"200,000 .. 500,000",310,0,332,2,0,2,0,2013,11,350000.0,False,2.39698576841553,-0.138757435607379,-0.2978233485690908,-0.05760269267919593,-0.3453586044247277,-1.0190989186448345,Strategy,874,0.7654462242562929
208730,Game of Thrones,2012-06-07,False,14.99,False,0,Cyanide Studios,Unknown,"Action, RPG","Single-player, Steam Achievements, Full controller support, Remote Play on TV, Family Sharing","RPG, Fantasy, Action, Story Rich, Third Person, Choices Matter, Medieval, Singleplayer, Adventure, Based On A Novel",True,False,False,1386,1681,640,"200,000 .. 500,000",94,0,77,2,0,3,50,2012,6,350000.0,False,2.771963526845863,-0.13211003371971036,-0.36289730025241485,-0.015358825401402173,0.04595875065430953,-1.247888778473365,Action,2321,0.7242567858681602
712100,A Total War Saga: THRONES OF BRITANNIA,2018-05-02,False,7.99,False,80,"CREATIVE ASSEMBLY, Feral Interactive (Mac), Feral Interactive (Linux)","SEGA, Feral Interactive (Mac), Feral Interactive (Linux)","Action, Strategy","Single-player, Multi-player, PvP, Online PvP, LAN PvP, Co-op, Online Co-op, LAN Co-op, Steam Achievements, Camera Comfort, Custom Volume Controls, Adjustable Difficulty, Playable without Timed Input, Save Anytime, Stereo Sound, Surround Sound, Family Sharing","Strategy, Historical, RTS, Turn-Based Strategy, Medieval, Action, War, Grand Strategy, Singleplayer, Multiplayer",True,True,True,12129,9929,4218,"500,000 .. 1,000,000",1487,0,782,232,0,1,137,2018,5,750000.0,False,2.196112848483529,-0.056620563868522246,0.0567694344460589,-0.09984655995698968,0.7268509484918343,0.12485038049781758,Action,14147,0.701844914116067
673610,Airport CEO,2021-03-04,False,24.99,False,0,Apog Labs,Apog Labs,"Indie, Simulation, Strategy","Single-player, Steam Achievements, Steam Workshop, Steam Cloud, Family Sharing","Flight, Resource Management, Moddable, Management, Simulation, Singleplayer, Building, Immersive Sim, Strategy, Sandbox",True,True,False,7575,6433,1251,"500,000 .. 1,000,000",3046,157,1571,182,0,5,35,2021,3,750000.0,False,3.2577118486533987,-0.08862084737427582,0.5264467060863465,0.06912890915418535,-0.07143645586940164,0.8112199599834088,Indie,7684,0.8371941697032795
38400,Fallout: A Post Nuclear Role Playing Game,2015-11-01,False,9.99,False,0,Interplay Inc.,Bethesda Softworks,RPG,"Single-player, Steam Cloud, Family Sharing","RPG, Post-apocalyptic, Classic, Open World, Isometric, Turn-Based, Turn-Based Combat, Singleplayer, Sci-fi, Atmospheric",True,False,False,16188,20902,1296,"2,000,000 .. 5,000,000",371,0,59,89,16,0,0,2015,11,3500000.0,False,2.39698576841553,-0.028098572048176663,-0.2794459825844484,-0.14209042723478343,-0.3453586044247277,-0.5615191989877737,RPG,22198,0.9416163618343995
509980,BIGFOOT,2017-01-31,False,19.99,False,0,CyberLight Game Studio,CyberLight Game Studio,"Action, Adventure, Indie, Early Access","Single-player, Multi-player, PvP, Online PvP, Co-op, Online Co-op, Steam Achievements, Steam Trading Cards, Family Sharing","Early Access, Horror, Multiplayer, Survival Horror, Online Co-Op, Co-op, PvP, PvE, Multiple Endings, FPS",True,False,False,17471,17125,3741,"1,000,000 .. 2,000,000",328,0,198,121,0,8,46,2017,1,1500000.0,False,3.0440461338325417,-0.01908312107367472,-0.29240051926214716,0.19586051098756663,0.014653362247986548,-0.10393947933071283,Action,20866,0.8207131218249785
1069640,This Land Is My Land,2021-10-20,False,29.99,False,0,Game-Labs,Game-Labs,"Action, Indie, RPG, Simulation","Single-player, Partial Controller Support, Family Sharing","Survival, Open World Survival Craft, Stealth, Open World, Western, RPG, Multiplayer, Simulation, Crafting, Action",True,False,False,4202,3070,1400,"200,000 .. 500,000",133,0,153,37,0,2,59,2021,10,350000.0,False,3.433664571799657,-0.1123224187982782,-0.3511478367540369,-0.05760269267919593,0.11639587456853623,0.8112199599834088,Action,4470,0.6868008948545862
2488620,F1® 24,2024-05-31,False,0.0,False,0,Codemasters,Electronic Arts,"Racing, Sports","Single-player, Multi-player, PvP, Online PvP, LAN PvP, Shared/Split Screen PvP, Co-op, Online Co-op, LAN Co-op, Shared/Split Screen, Steam Achievements, Full controller support, VR Supported, Steam Workshop, In-App Purchases, Adjustable Difficulty, Keyboard Only Option, Playable without Timed Input, Stereo Sound, Surround Sound, Steam Cloud, HDR available, Family Sharing","Racing, Driving, Sports, Multiplayer, Automobile Sim, VR, Simulation, Singleplayer, Early Access, Competitive",True,False,False,15490,11826,4370,"500,000 .. 1,000,000",2090,224,1045,2067,0,0,50,2024,5,750000.0,True,0.0,-0.03300331466719642,0.23843421622867172,-0.14209042723478343,0.04595875065430953,1.497589539469,Racing,16196,0.7301802914299828
610080,Realm Grinder,2017-06-15,False,0.0,True,0,Divine Games,Kongregate,"Free To Play, RPG, Strategy","Single-player, Steam Achievements, Steam Trading Cards, In-App Purchases","Free to Play, Clicker, Pixel Graphics, Strategy, City Builder, Singleplayer, Idler, RPG, 2D, Casual",True,True,False,0,6185,917,"1,000,000 .. 2,000,000",14321,0,169,595,0,0,14,2017,6,1500000.0,True,0.0,-0.14184925043885277,3.923246730296893,-0.14209042723478343,-0.23578974500259728,-0.10393947933071283,RPG,7102,0.8708814418473669
420110,NEKOPARA Vol. 2,2016-02-19,False,9.99,False,0,NEKO WORKs,Sekai Project,"Casual, Indie","Single-player, Steam Achievements, Steam Trading Cards, Steam Cloud, Family Sharing","Anime, Sexual Content, Cute, Nudity, Visual Novel, Dating Sim, Romance, Story Rich, Singleplayer, Hentai",True,False,False,10955,12222,376,"500,000 .. 1,000,000",210,0,170,14,0,3,20,2016,2,750000.0,False,2.39698576841553,-0.06487008798704545,-0.3279501780521112,-0.015358825401402173,-0.18883166239311283,-0.33272933915924324,Casual,12598,0.9701539926972536
489140,Mr. Shifty,2017-04-13,False,14.99,False,0,Team Shifty,tinyBuild,"Action, Adventure, Indie","Single-player, Steam Achievements, Full controller support, Steam Trading Cards, Family Sharing","Action, Indie, Adventure, Top-Down, Beat 'em up, Singleplayer, Fast-Paced, Difficult, Great Soundtrack, Superhero",True,True,True,850,1485,200,"200,000 .. 500,000",285,0,212,2,0,1,14,2017,4,350000.0,False,2.771963526845863,-0.1358764263325966,-0.3053550559398459,-0.09984655995698968,-0.23578974500259728,-0.10393947933071283,Action,1685,0.8813056379821959
423230,Furi,2016-07-05,False,19.99,False,0,The Game Bakers,The Game Bakers,"Action, Indie","Single-player, Steam Achievements, Full controller support, Steam Trading Cards, Steam Leaderboards, Remote Play on TV, Family Sharing","Bullet Hell, Hack and Slash, Difficult, Shoot 'Em Up, Beat 'em up, Top-Down, Boss Rush, Third Person, Atmospheric, Sci-fi",True,False,False,11010,11103,1101,"1,000,000 .. 2,000,000",356,0,215,15,0,3,33,2016,7,1500000.0,False,3.0440461338325417,-0.06448361113311123,-0.28396500700690147,-0.015358825401402173,-0.08708915007256314,-0.33272933915924324,Action,12204,0.9097836774827925
2232840,Garten of Banban,2023-01-06,False,0.0,True,0,Euphoric Brothers,Euphoric Brothers,"Action, Adventure, Casual, Indie, Free To Play",Single-player,"Horror, Singleplayer, Psychological Horror, First-Person, Puzzle, Cartoony, 3D, Dark, Survival Horror, Atmospheric",True,False,False,0,6120,5577,"200,000 .. 500,000",40,0,34,22,0,1,0,2023,1,350000.0,True,0.0,-0.14184925043885277,-0.3791657881732458,-0.09984655995698968,-0.3453586044247277,1.2687996796404697,Action,11697,0.523211079764042
1202900,Assemble with Care,2020-03-26,False,1.99,False,75,ustwo games,ustwo games,"Casual, Indie","Single-player, Steam Achievements, Camera Comfort, Color Alternatives, Custom Volume Controls, Mouse Only Option, Playable without Timed Input, Save Anytime, Steam Cloud, Family Sharing","Casual, Indie, Puzzle, Relaxing, Short, Female Protagonist, Singleplayer, Story Rich, Beautiful, Family Friendly",True,False,False,8554,7890,800,"200,000 .. 500,000",95,0,101,12,0,1,14,2020,3,350000.0,False,1.095273387402595,-0.08174155937424667,-0.3625960319575846,-0.09984655995698968,-0.23578974500259728,0.5824301001548784,Casual,8690,0.9079401611047181
222440,THE KING OF FIGHTERS 2002 UNLIMITED MATCH,2015-02-27,False,2.24,False,85,"SNK CORPORATION, Code Mystics",SNK CORPORATION,Action,"Single-player, Multi-player, Co-op, Shared/Split Screen Co-op, Steam Achievements, Steam Trading Cards, Partial Controller Support, Steam Leaderboards, Remote Play Together, Family Sharing","Fighting, Action, 2D Fighter, Arcade, Classic, Anime, Multiplayer, Local Multiplayer, Great Soundtrack, Pixel Graphics",True,False,False,4199,4463,247,"200,000 .. 500,000",1125,45,249,99,0,0,12,2015,2,350000.0,False,1.1755733298042381,-0.11234349935394734,-0.05228968828247483,-0.14209042723478343,-0.25144243920575876,-0.5615191989877737,Action,4710,0.9475583864118896
2967460,RED TREES RAIL. CO.,2024-06-14,False,4.99,False,0,Shayride Studios,Shayride Studios,"Adventure, Indie, Simulation","Single-player, VR Only, Family Sharing","VR, Simulation, Survival Horror, Supernatural, Trains, Psychological Horror, Adventure, Cartoony, Hand-drawn, Interactive Fiction",True,False,False,0,3,1,"500,000 .. 1,000,000",0,0,0,0,0,0,0,2024,6,750000.0,False,1.7900914121273581,-0.14184925043885277,-0.39121651996645396,-0.14209042723478343,-0.3453586044247277,1.497589539469,Adventure,4,0.75
1497440,COCOON,2023-09-29,False,12.49,False,50,Geometric Interactive,Annapurna Interactive,"Adventure, Indie","Single-player, Steam Achievements, Full controller support, Steam Trading Cards, Steam Cloud, Family Sharing","Adventure, Puzzle, Exploration, Indie, 3D, Puzzle-Platformer, Atmospheric, Stylized, Singleplayer, Futuristic",True,False,False,7512,7155,390,"200,000 .. 500,000",282,0,314,15,0,1,17,2023,9,350000.0,False,2.6019486702196644,-0.08906353904332776,-0.3062588608243365,-0.09984655995698968,-0.21231070369785507,1.2687996796404697,Adventure,7545,0.94831013916501
15750,Oddworld: Stranger's Wrath HD,2010-12-20,False,9.99,False,0,Oddworld Inhabitants,Oddworld Inhabitants,"Action, Adventure, Strategy","Single-player, Steam Achievements, Family Sharing","Adventure, Action, Western, Singleplayer, Classic, Strategy, Comedy, FPS, Third Person, Action-Adventure",True,False,False,1484,1448,211,"200,000 .. 500,000",288,0,156,2,0,1,36,2010,12,350000.0,False,2.39698576841553,-0.13142140223451848,-0.3044512510553553,-0.09984655995698968,-0.0636101087678209,-1.7054684981304258,Action,1659,0.8728149487643159
441380,PAC-MAN™ CHAMPIONSHIP EDITION 2,2016-09-13,False,12.99,False,0,BANDAI NAMCO Studios Inc.,BANDAI NAMCO Entertainment,Casual,"Single-player, Steam Achievements, Full controller support, Steam Trading Cards, Steam Leaderboards, Family Sharing","Casual, Arcade, Classic, Great Soundtrack, Retro, Singleplayer, Fast-Paced, Score Attack, Difficult, Action",True,False,False,544,1626,704,"200,000 .. 500,000",185,0,40,6,0,0,18,2016,9,350000.0,False,2.63834278867739,-0.13802664301084883,-0.3354818854228663,-0.14209042723478343,-0.2044843565962743,-0.33272933915924324,Casual,2330,0.6978540772532189
383230,Dungeon Souls,2016-12-02,False,12.99,False,0,Lamina Studios,Lamina Studios,"Action, Adventure, Indie, RPG","Single-player, Multi-player, Co-op, Shared/Split Screen Co-op, Shared/Split Screen, Steam Achievements, Steam Trading Cards, Partial Controller Support, Remote Play Together, Family Sharing","RPG, Action Roguelike, Pixel Graphics, Dungeon Crawler, Indie, Action, Rogue-like, Rogue-lite, Adventure, Hack and Slash",True,True,True,1311,1647,584,"200,000 .. 500,000",424,0,386,0,0,1,10,2016,12,350000.0,False,2.63834278867739,-0.13263704761143885,-0.26347876295844763,-0.09984655995698968,-0.26709513340892027,-0.33272933915924324,Action,2231,0.7382339757956073
474960,Quantum Break,2016-09-29,False,7.99,False,80,Remedy Entertainment,Xbox Game Studios,Action,"Single-player, Steam Achievements, Full controller support, Steam Cloud, Remote Play on TV, Family Sharing","Action, Story Rich, Time Manipulation, Sci-fi, Singleplayer, Cinematic, Third Person, Third-Person Shooter, Choices Matter, Atmospheric",True,False,False,22368,24117,4023,"1,000,000 .. 2,000,000",553,0,320,46,0,1,42,2016,9,1500000.0,False,2.196112848483529,0.015327372630250462,-0.22461515292535134,-0.09984655995698968,-0.01665202615833643,-0.33272933915924324,Action,28140,0.8570362473347548
755790,Ring of Elysium,2019-06-24,False,0.0,False,0,Aurora Studio,TCH Scarlet Limited,"Action, Free To Play, Massively Multiplayer","Multi-player, PvP, Online PvP, Family Sharing","Free to Play, Battle Royale, Shooter, Multiplayer, Survival, FPS, Action, Massively Multiplayer, Third-Person Shooter, Early Access",True,False,False,712,74345,25492,"10,000,000 .. 20,000,000",885,0,124,0,0,0,0,2019,6,15000000.0,True,0.0,-0.13684613189337702,-0.12459407904172372,-0.14209042723478343,-0.3453586044247277,0.353640240326348,Action,99837,0.7446638019972556
718650,Driftland: The Magic Revival,2019-04-18,False,19.99,False,0,Star Drifters,Star Drifters,"Indie, RPG, Simulation, Strategy","Single-player, Multi-player, PvP, Online PvP, Co-op, Online Co-op, Steam Achievements, Steam Workshop, Adjustable Text Size, Color Alternatives, Custom Volume Controls, Adjustable Difficulty, Playable without Timed Input, Save Anytime, Partial Controller Support, Steam Cloud, Includes level editor, Family Sharing","RTS, 4X, God Game, Grand Strategy, City Builder, Economy, Management, Survival, Strategy, Top-Down",True,True,False,1412,1407,523,"200,000 .. 500,000",221,0,81,6,0,1,40,2019,4,350000.0,False,3.0440461338325417,-0.13192733557057781,-0.32463622680897897,-0.09984655995698968,-0.032304720361497924,0.353640240326348,Indie,1930,0.7290155440414507
236110,Dungeon Defenders II,2017-06-20,False,0.0,True,0,Chromatic Games,Chromatic Games,"Action, Indie, RPG, Strategy, Free To Play","Single-player, Multi-player, Co-op, Online Co-op, Steam Achievements, Steam Trading Cards, Partial Controller Support","Multiplayer, Online Co-Op, Co-op Campaign, Tower Defense, Singleplayer, Strategy RPG, Survival, Action RPG, Building, Third Person",True,False,False,2982,16882,4941,"2,000,000 .. 5,000,000",1893,0,158,351,0,6,18,2017,6,3500000.0,True,0.0,-0.12089517810372821,0.1790843621471216,0.1113727764319791,-0.2044843565962743,-0.10393947933071283,Action,21823,0.7735874994272098
3620,Zuma's Revenge!,2009-09-15,False,4.99,False,0,"PopCap Games, Inc.","PopCap Games, Inc., Electronic Arts","Action, Casual","Single-player, Steam Achievements, Stats, Family Sharing","Casual, Action, Singleplayer, Puzzle, Match 3, Classic, Arcade, Difficult, Family Friendly, Addictive",True,False,False,2939,2688,140,"200,000 .. 500,000",763,0,342,205,0,0,14,2009,9,350000.0,False,1.7900914121273581,-0.12119733273498588,-0.16134881101100856,-0.14209042723478343,-0.23578974500259728,-1.934258357958956,Action,2828,0.9504950495049505
544550,Stationeers,2017-12-12,False,34.99,False,0,RocketWerkz,RocketWerkz,"Action, Indie, Simulation, Early Access","Single-player, Multi-player, Co-op, Online Co-op, LAN Co-op, Steam Achievements, Steam Workshop, Partial Controller Support, Steam Cloud, Stats, Family Sharing","Early Access, Space, Base-Building, Science, Automation, Survival, Colony Sim, Building, Sci-fi, Physics",True,False,False,8286,6040,1026,"200,000 .. 500,000",2669,3049,272,232,0,7,50,2017,12,350000.0,False,3.5832411220909393,-0.08362475568068979,0.4128685589353596,0.15361664370977285,0.04595875065430953,-0.10393947933071283,Action,7066,0.8547976224172091
1432100,The Bookwalker: Thief of Tales,2023-06-22,False,14.99,False,0,DO MY BEST,tinyBuild,"Adventure, Indie","Single-player, Steam Achievements, Full controller support, Steam Cloud, Family Sharing","Adventure, Singleplayer, Atmospheric, Isometric, Noir, Story Rich, Lore-Rich, Surreal, Dark Fantasy, Mystery",True,False,False,1836,1987,167,"200,000 .. 500,000",347,0,406,8,0,2,37,2023,6,350000.0,False,2.771963526845863,-0.12894795036933945,-0.28667642166037327,-0.05760269267919593,-0.055783761666240154,1.2687996796404697,Adventure,2154,0.9224698235840297
2320,Quake II,2007-08-03,False,9.99,False,0,"id Software, Nightdive Studios, MachineGames",Bethesda Softworks,Action,"Single-player, Multi-player, PvP, Online PvP, Shared/Split Screen PvP, Co-op, Online Co-op, Shared/Split Screen Co-op, Shared/Split Screen, Cross-Platform Multiplayer, Full controller support, Steam Trading Cards, Camera Comfort, Playable without Timed Input, Save Anytime, Stereo Sound, Surround Sound, Steam Cloud, Remote Play Together, Family Sharing","FPS, Classic, Action, Shooter, Boomer Shooter, 1990's, Sci-fi, Singleplayer, Great Soundtrack, Multiplayer",True,False,False,8192,8821,407,"1,000,000 .. 2,000,000",254,18,75,80,17,0,13,2007,8,1500000.0,False,2.39698576841553,-0.08428527975832283,-0.31469437307958226,-0.14209042723478343,-0.24361609210417803,-2.391838077616017,Action,9228,0.9558951018638925
206500,AirMech,2018-03-30,False,0.0,True,0,Carbon Games,Carbon Games,"Action, Indie, Strategy, Free To Play","Single-player, Multi-player, PvP, Online PvP, Co-op, Online Co-op, Steam Achievements, Steam Trading Cards, In-App Purchases, Partial Controller Support, Stats, Steam Leaderboards","Free to Play, Strategy, Multiplayer, Mechs, RTS, MOBA, Action, Robots, Online Co-Op, Indie",True,False,False,0,8984,1695,"1,000,000 .. 2,000,000",902,0,106,30,0,3,91,2018,3,1500000.0,True,0.0,-0.14184925043885277,-0.11947251802961026,-0.015358825401402173,0.36683898181912006,0.12485038049781758,Action,10679,0.8412772731529169
354240,"Please, Don’t Touch Anything",2015-03-26,False,4.99,False,0,Four Quarters,ForwardXP,"Casual, Indie","Single-player, Steam Achievements, Steam Trading Cards, Commentary available, Family Sharing","Puzzle, Indie, Pixel Graphics, Point & Click, Singleplayer, Multiple Endings, Illuminati, Great Soundtrack, Casual, Difficult",True,True,True,4906,4684,607,"200,000 .. 500,000",163,0,107,7,0,1,15,2015,3,350000.0,False,1.7900914121273581,-0.10737551506792016,-0.34210978790913077,-0.09984655995698968,-0.22796339790101655,-0.5615191989877737,Casual,5291,0.8852768852768853
243200,The Dark Eye: Memoria,2013-08-29,False,19.99,False,0,Daedalic Entertainment,Daedalic Entertainment,"Adventure, Indie","Single-player, Steam Achievements, Steam Trading Cards, Steam Cloud, Family Sharing","Adventure, Point & Click, Puzzle, Story Rich, Singleplayer, 2D, Classic, Fantasy, Retro, 1990's",True,True,False,2040,2113,247,"200,000 .. 500,000",293,0,223,2,0,1,31,2013,8,350000.0,False,3.0440461338325417,-0.12751447258383797,-0.3029449095812043,-0.09984655995698968,-0.10274184427572462,-1.0190989186448345,Adventure,2360,0.8953389830508475
397950,Clustertruck,2016-09-27,False,14.99,False,0,Landfall,tinyBuild,"Action, Indie","Single-player, Steam Achievements, Full controller support, Steam Workshop, Stats, Steam Leaderboards, Includes level editor, Remote Play on TV, Family Sharing","Parkour, Automobile Sim, Action, First-Person, 3D Platformer, Singleplayer, Physics, Fast-Paced, Indie, Difficult",True,True,True,14368,16041,1113,"1,000,000 .. 2,000,000",282,0,209,56,0,1,19,2016,9,1500000.0,False,2.771963526845863,-0.04088744248745455,-0.3062588608243365,-0.09984655995698968,-0.19665800949469356,-0.33272933915924324,Action,17154,0.935117173837006
491650,Reset 1-1,2016-08-30,False,1.99,False,0,Panda Indie Studio,New Reality Games,Indie,"Single-player, Steam Achievements, Full controller support, Steam Trading Cards, Family Sharing","Indie, Platformer, Pixel Graphics, 2D",True,False,False,148,172,92,"200,000 .. 500,000",229,0,234,0,0,0,12,2016,8,350000.0,False,1.095273387402595,-0.1408092763591752,-0.32222608045033735,-0.14209042723478343,-0.25144243920575876,-0.33272933915924324,Indie,264,0.6515151515151515
1519350,Madden NFL 22,2021-08-19,False,0.0,False,0,Tiburon,Electronic Arts,"Casual, Simulation, Sports, Strategy","Single-player, Multi-player, PvP, Online PvP, Shared/Split Screen PvP, Co-op, Online Co-op, Shared/Split Screen Co-op, Shared/Split Screen, Steam Achievements, Full controller support, In-App Purchases","Football (American), Sports, Controller, PvP, Realistic, Casual, e-sports, Immersive Sim, Physics, Third Person",True,False,False,5418,3856,3395,"500,000 .. 1,000,000",4441,0,3432,24,0,0,16,2021,8,750000.0,True,0.0,-0.10377776690038704,0.9467159773744804,-0.14209042723478343,-0.2201370507994358,0.8112199599834088,Casual,7251,0.5317887187974073
506610,Five Nights at Freddy's: Sister Location,2016-10-07,False,7.99,False,0,Scott Cawthon,Scott Cawthon,"Action, Indie, Simulation","Single-player, Family Sharing","Horror, Survival Horror, Singleplayer, Robots, First-Person, Dark, Difficult, Survival, Strategy, Indie",True,False,False,11264,10566,1099,"500,000 .. 1,000,000",208,0,136,30,0,0,0,2016,10,750000.0,False,2.196112848483529,-0.0626987907531241,-0.3285527146417716,-0.14209042723478343,-0.3453586044247277,-0.33272933915924324,Action,11665,0.9057865409344192
429470,Space Pilgrim Episode I: Alpha Centauri,2015-12-21,False,0.0,True,0,"Pilgrim Adventures, GrabTheGames Studios","GrabTheGames, TheGamesFortress","Adventure, Indie","Single-player, Steam Achievements, Steam Trading Cards","Adventure, RPGMaker, Sci-fi, Space, Indie, Female Protagonist, Story Rich, Casual, Comedy, Point & Click",True,False,False,758,1101,149,"500,000 .. 1,000,000",200,0,218,1,0,0,7,2015,12,750000.0,True,0.0,-0.1365228967064502,-0.3309628610004132,-0.14209042723478343,-0.2905741747136625,-0.5615191989877737,Adventure,1250,0.8808
405820,Turok,2015-12-17,False,19.99,False,0,"Iguana Entertainment, Nightdive Studios","Nightdive Studios, Atari","Action, Adventure","Single-player, Steam Achievements, Full controller support, Steam Cloud, Remote Play on TV, Family Sharing","Action, Dinosaurs, FPS, Adventure, Classic, Retro, Shooter, Singleplayer, First-Person, 1990's",True,True,True,3285,3490,255,"200,000 .. 500,000",334,0,118,15,0,0,10,2015,12,350000.0,False,3.0440461338325417,-0.11876604198114514,-0.29059290949316596,-0.14209042723478343,-0.26709513340892027,-0.5615191989877737,Action,3745,0.931909212283044
305620,The Long Dark,2017-08-01,False,19.99,False,0,Hinterland Studio Inc.,Hinterland Studio Inc.,"Adventure, Indie, Simulation, Strategy","Single-player, Steam Achievements, Full controller support, Steam Trading Cards, Steam Cloud, Remote Play on TV, Family Sharing","Survival, Open World Survival Craft, Open World, Exploration, Atmospheric, Singleplayer, First-Person, Adventure, Crafting, Sandbox",True,True,True,108617,101846,10729,"2,000,000 .. 5,000,000",1736,1347,414,2575,0,4,87,2017,8,3500000.0,False,3.0440461338325417,0.6213863212661179,0.1317852398587796,0.026885041876391583,0.3355335934127971,-0.10393947933071283,Adventure,112575,0.9046946480124362
218640,Lucius,2012-10-26,False,9.99,False,0,Shiver Games,Shiver Games,"Action, Adventure, Indie","Single-player, Steam Achievements, Full controller support, Steam Trading Cards, Steam Cloud, Family Sharing","Horror, Adventure, Villain Protagonist, Gore, Nudity, Singleplayer, Puzzle, Indie, Third Person, Action",True,False,False,7661,8528,1987,"500,000 .. 1,000,000",208,0,154,20,0,0,58,2012,10,750000.0,False,2.39698576841553,-0.0880165381117605,-0.3285527146417716,-0.14209042723478343,0.10856952746695549,-1.247888778473365,Action,10515,0.8110318592486924
20,Team Fortress Classic,1999-04-01,False,4.99,False,0,Valve,Valve,Action,"Multi-player, PvP, Online PvP, Shared/Split Screen PvP, Custom Volume Controls, Keyboard Only Option, Stereo Sound, Valve Anti-Cheat enabled, Remote Play Together, Family Sharing","Action, FPS, Multiplayer, Classic, Hero Shooter, Shooter, Team-Based, Class-Based, First-Person, 1990's",True,True,True,6890,7602,1136,"1,000,000 .. 2,000,000",116,0,14,66,0,0,0,1999,4,1500000.0,False,1.7900914121273581,-0.09343424091872932,-0.35626939776615035,-0.14209042723478343,-0.3453586044247277,-4.22215695624426,Action,8738,0.8699931334401465
513570,Wooden House,2016-09-05,False,0.99,False,0,GDNomaD,GDNomaD,"Action, Adventure, Indie","Single-player, Steam Trading Cards, Family Sharing","Walking Simulator, Short, Indie, Dark, Survival Horror, Adventure, First-Person, Singleplayer, PvE, Ambient",True,False,False,157,185,124,"200,000 .. 500,000",351,0,262,0,0,0,0,2016,9,350000.0,False,0.688134638736401,-0.1407460346921678,-0.2854713484810525,-0.14209042723478343,-0.3453586044247277,-0.33272933915924324,Action,309,0.598705501618123
204180,Waveform,2012-03-20,False,1.99,False,0,Eden Industries,Eden Industries,"Adventure, Indie, Strategy","Single-player, Steam Achievements, Steam Trading Cards, Steam Cloud, Stats, Steam Leaderboards, Family Sharing","Indie, Puzzle, Great Soundtrack, Singleplayer, Casual, Strategy, Arcade, Space, Difficult, Action",True,True,True,1876,1774,369,"200,000 .. 500,000",123,0,98,0,0,2,65,2012,3,350000.0,False,1.095273387402595,-0.12866687629375093,-0.3541605197023389,-0.05760269267919593,0.1633539571780207,-1.247888778473365,Adventure,2143,0.8278114792347177
248820,Risk of Rain (2013),2013-11-08,False,1.99,False,80,Hopoo Games,Gearbox Publishing,"Action, Indie, RPG","Single-player, Multi-player, Co-op, Shared/Split Screen, Steam Achievements, Steam Trading Cards, Adjustable Text Size, Custom Volume Controls, Adjustable Difficulty, Keyboard Only Option, Playable without Timed Input, Stereo Sound, Partial Controller Support, Remote Play on Tablet, Remote Play Together, Family Sharing","Action Roguelike, Rogue-like, Indie, Platformer, Action, Pixel Graphics, Great Soundtrack, Online Co-Op, Difficult, Perma Death",True,True,True,20711,27648,1978,"500,000 .. 1,000,000",765,1,287,25,0,1,15,2013,11,750000.0,False,1.095273387402595,0.00368387904899581,-0.16074627442134815,-0.09984655995698968,-0.22796339790101655,-1.0190989186448345,Action,29626,0.9332343212043476
666150,Prehistoric Kingdom,2022-04-27,False,20.99,False,30,Blue Meridian,Crytivo,"Indie, Simulation, Strategy, Early Access","Single-player, Steam Achievements, Steam Workshop, Steam Cloud, Family Sharing","Dinosaurs, Management, Simulation, Sandbox, Building, Singleplayer, Strategy, Resource Management, 3D, Economy",True,False,False,4812,3476,521,"200,000 .. 500,000",297,0,401,126,0,2,28,2022,4,350000.0,False,3.09058780456667,-0.1080360391455532,-0.30173983640188345,-0.05760269267919593,-0.12622088558046687,1.0400098198119392,Indie,3997,0.8696522391793845
475550,Beholder,2016-11-09,False,0.83,False,94,Alawar Stargaze (Warm Lamp Games),Alawar,"Adventure, Indie, Strategy","Single-player, Steam Achievements, Steam Trading Cards, Partial Controller Support, Steam Cloud, Family Sharing","Dystopian , Choices Matter, Political Sim, Strategy, Dark, Atmospheric, Singleplayer, Simulation, Story Rich, Multiple Endings",True,True,True,22474,25444,2303,"1,000,000 .. 2,000,000",331,0,147,138,1,2,60,2016,11,1500000.0,False,0.6043159668533294,0.016072218930560052,-0.29149671437765656,-0.05760269267919593,0.12422222167011698,-0.33272933915924324,Adventure,27747,0.9170000360399323
37400,"Time Gentlemen, Please! and Ben There, Dan That! Special Edition  Double Pack",2009-08-25,False,4.99,False,0,Size Five Games,Size Five Games,"Adventure, Indie","Single-player, Family Sharing","Point & Click, Adventure, Indie, Comedy, 2D, Singleplayer, Funny, Time Travel, Retro, 1990's",True,False,False,460,556,133,"200,000 .. 500,000",4,0,5,0,0,0,0,2009,8,350000.0,False,1.7900914121273581,-0.13861689856958473,-0.3900114467871332,-0.14209042723478343,-0.3453586044247277,-1.934258357958956,Adventure,689,0.806966618287373
2300320,Farming Simulator 25,2024-11-12,False,29.99,False,0,GIANTS Software,GIANTS Software,Simulation,"Single-player, Multi-player, Co-op, Online Co-op, Steam Achievements, Full controller support, Steam Cloud, Family Sharing","Simulation, Farming Sim, Realistic, 3D, First-Person, Immersive Sim, Time Management, Multiplayer, Economy, Third Person",True,True,False,33746,28079,5496,"1,000,000 .. 2,000,000",6785,455,2606,13431,0,11,45,2024,11,1500000.0,False,3.433664571799657,0.09527889343140641,1.652888860456478,0.3225921128209479,0.006827015146405804,1.497589539469,Simulation,33575,0.8363067758749069
476460,Picross Touch,2016-08-24,False,0.0,True,0,Jon Gallant,jgallant,"Casual, Free To Play, Indie, Strategy","Single-player, Steam Achievements, Steam Workshop, Steam Cloud, Steam Leaderboards, Includes level editor","Puzzle, Free to Play, Casual, Indie, Strategy, Singleplayer, Touch-Friendly, Level Editor",True,True,True,0,1595,96,"200,000 .. 500,000",3475,0,512,75,0,5,18,2016,8,350000.0,True,0.0,-0.14184925043885277,0.6556908045685037,0.06912890915418535,-0.2044843565962743,-0.33272933915924324,Casual,1691,0.9432288586635127
453090,Parkitect,2018-11-29,False,29.99,False,0,Texel Raptor,Texel Raptor,"Casual, Indie, Simulation, Strategy","Single-player, Multi-player, Co-op, Online Co-op, Steam Achievements, Steam Trading Cards, Steam Workshop, Adjustable Text Size, Camera Comfort, Color Alternatives, Custom Volume Controls, Playable without Timed Input, Save Anytime, Stereo Sound, Steam Cloud, Stats, Includes level editor, Family Sharing","Relaxing, Level Editor, Simulation, Management, Strategy, Building, Singleplayer, Economy, Retro, Family Friendly",True,True,True,6689,7142,418,"500,000 .. 1,000,000",722,0,368,74,0,4,34,2018,11,750000.0,False,3.433664571799657,-0.09484663814856165,-0.17370081109904692,0.026885041876391583,-0.07926280297098239,0.12485038049781758,Casual,7560,0.9447089947089947
1388770,Cruelty Squad,2021-06-15,False,19.99,False,0,Consumer Softproducts,Consumer Softproducts,"Action, Indie, Simulation","Single-player, Steam Achievements, Steam Cloud, Family Sharing","Capitalism, Surreal, Immersive Sim, FPS, Psychological Horror, Psychedelic, Shooter, Cyberpunk, First-Person, Dark Humor",True,False,False,21635,20136,655,"1,000,000 .. 2,000,000",640,416,448,50,0,1,38,2021,6,1500000.0,False,3.0440461338325417,0.010176690195090739,-0.1984048112751236,-0.09984655995698968,-0.04795741456465941,0.8112199599834088,Action,20791,0.9684959838391611
671610,Warfork,2019-08-16,False,0.0,True,0,Team Forbidden,Team Forbidden,"Action, Indie, RPG, Free To Play, Early Access","Multi-player, PvP, Online PvP, Steam Cloud","Free to Play, Arena Shooter, Action, FPS, Multiplayer, Indie, Fast-Paced, Shooter, PvP, Early Access",True,True,True,0,1988,239,"200,000 .. 500,000",0,0,0,5,0,0,0,2019,8,350000.0,True,0.0,-0.14184925043885277,-0.39121651996645396,-0.14209042723478343,-0.3453586044247277,0.353640240326348,Action,2227,0.8926807364167041
400940,Budget Cuts,2018-06-14,False,14.99,False,0,Neat Corporation,"Neat Corporation, Creature Label","Action, Adventure, Indie","Single-player, Steam Achievements, Tracked Controller Support, VR Only, Captions available, VR Support, Steam Cloud, Stats, Family Sharing","Action, Adventure, VR, Indie, Stealth, Singleplayer, Robots, Horror, Colorful, First-Person",True,False,False,1645,1483,362,"200,000 .. 500,000",132,0,74,2,0,0,30,2018,6,350000.0,False,2.771963526845863,-0.13029007908027465,-0.35144910504886706,-0.14209042723478343,-0.11056819137730538,0.12485038049781758,Action,1845,0.8037940379403794
65600,Gothic 3: Forsaken Gods Enhanced Edition,2011-03-22,False,9.99,False,0,"Trine Studios, G3 Community Patch Team, Mad Vulture Games",THQ Nordic,RPG,"Single-player, Family Sharing","RPG, Open World, Action, Singleplayer, Adventure, Fantasy, Gothic, Third Person, Action RPG, Atmospheric",True,False,False,979,616,623,"200,000 .. 500,000",221,0,91,5,0,0,0,2011,3,350000.0,False,2.39698576841553,-0.13496996243882362,-0.32463622680897897,-0.14209042723478343,-0.3453586044247277,-1.4766786383018953,RPG,1239,0.4971751412429379
1029550,Torque Drift,2021-04-20,False,0.0,True,0,Grease Monkey Games,Grease Monkey Games,Racing,"Single-player, Multi-player, PvP, Online PvP, Cross-Platform Multiplayer, Steam Achievements, In-App Purchases, Partial Controller Support","Free to Play, Racing, Multiplayer, Driving, Controller, Open World, Asynchronous Multiplayer, Automobile Sim, Realistic, Sports",True,False,False,424,9259,2867,"1,000,000 .. 2,000,000",250,111,36,91,0,42,20,2021,4,1500000.0,True,0.0,-0.13886986523761438,-0.31589944625890304,1.6321519984325543,-0.18883166239311283,0.8112199599834088,Racing,12126,0.7635658914728682
302590,Of Guards And Thieves,2014-07-16,False,0.0,True,0,"Subvert Games, Polygon Moon","Subvert Games, Polygon Moon","Action, Casual, Free To Play, Indie, Massively Multiplayer, Racing, Strategy, Early Access","Multi-player, MMO, PvP, Online PvP, Co-op, Online Co-op, Cross-Platform Multiplayer, Steam Achievements, Steam Trading Cards, In-App Purchases, Steam Cloud, Includes level editor","Multiplayer, Free to Play, Stealth, Action, Indie, Shooter, Co-op, Top-Down, Early Access, Casual",True,False,False,384,3697,631,"500,000 .. 1,000,000",175,13,77,14,0,8,57,2014,7,750000.0,True,0.0,-0.1391509393132029,-0.3384945683711683,0.19586051098756663,0.10074318036537475,-0.7903090588163041,Action,4328,0.8542051756007394
404540,Nex Machina,2017-06-20,False,19.99,False,0,Housemarque,Housemarque,"Action, Indie","Single-player, Multi-player, Co-op, Shared/Split Screen Co-op, Shared/Split Screen, Steam Achievements, Full controller support, Steam Trading Cards, Steam Cloud, Remote Play on Phone, Remote Play on Tablet, Remote Play on TV, Remote Play Together, Family Sharing","Twin Stick Shooter, Bullet Hell, Action, Arcade, Great Soundtrack, Indie, Shoot 'Em Up, Cyberpunk, Difficult, Local Co-Op",True,False,False,1458,1848,275,"200,000 .. 500,000",205,0,251,4,0,0,39,2017,6,350000.0,False,3.0440461338325417,-0.13160410038365103,-0.3294565195262622,-0.14209042723478343,-0.040131067463078665,-0.10393947933071283,Action,2123,0.8704663212435233
280140,Millennium - A New Hope,2014-04-25,False,9.99,False,0,Aldorlea Games,Aldorlea Games,"Adventure, Casual, Indie, RPG","Single-player, Steam Achievements, Full controller support, Steam Trading Cards, Steam Cloud, Family Sharing","JRPG, Story Rich, Replay Value, Female Protagonist, RPG, Exploration, Emotional, RPGMaker, Adventure, Episodic",True,False,False,174,319,114,"200,000 .. 500,000",323,0,253,1,0,2,52,2014,4,350000.0,False,2.39698576841553,-0.14062657821004268,-0.2939068607362982,-0.05760269267919593,0.06161144485747102,-0.7903090588163041,Adventure,433,0.7367205542725174
363490,Escape Machines,2015-04-14,False,1.99,False,0,Mint Age Studios,Back To Basics Gaming,"Action, Adventure, Indie, RPG, Strategy, Early Access","Single-player, Includes level editor, Family Sharing","Early Access, Action, Indie, Strategy, Adventure, RPG, Robots, Sci-fi",True,False,False,405,280,402,"500,000 .. 1,000,000",190,0,211,0,0,0,0,2015,4,750000.0,False,1.095273387402595,-0.13900337542351893,-0.33397554394871526,-0.14209042723478343,-0.3453586044247277,-0.5615191989877737,Action,682,0.41055718475073316
329110,Gems of War - Puzzle RPG,2014-11-20,False,0.0,True,0,Infinity Plus 2,505 Games,"Action, Adventure, Casual, RPG, Strategy, Free To Play","Single-player, Multi-player, Cross-Platform Multiplayer, Steam Achievements, Steam Trading Cards, In-App Purchases, Partial Controller Support, Steam Cloud","Free to Play, Match 3, Puzzle, PvE, PvP, Card Game, Strategy RPG, Turn-Based Strategy, RPG, Strategy",True,False,False,0,7067,1723,"1,000,000 .. 2,000,000",5102,199,812,2002,0,6,159,2014,11,1500000.0,True,0.0,-0.14184925043885277,1.145854320257245,0.1113727764319791,0.8990305847266107,-0.7903090588163041,Action,8790,0.8039817974971558
292620,Pressured,2014-07-18,False,2.99,False,0,Paul Marrable,Funbox Media Ltd,Indie,"Single-player, Steam Trading Cards, Family Sharing","Indie, Puzzle, Casual",True,False,False,287,272,283,"200,000 .. 500,000",184,0,205,0,0,0,0,2014,7,350000.0,False,1.3837912309017721,-0.1398325439465051,-0.3357831537176965,-0.14209042723478343,-0.3453586044247277,-0.7903090588163041,Indie,555,0.4900900900900901
2820,X3: Terran Conflict,2008-10-16,False,15.99,False,0,Egosoft,Egosoft,"Action, Simulation, Strategy","Single-player, Steam Achievements, Full controller support, Captions available, Steam Cloud, Family Sharing","Space, Simulation, Sandbox, Sci-fi, Strategy, Space Sim, Open World, Trading, Singleplayer, Economy",True,True,True,2068,2383,408,"500,000 .. 1,000,000",1917,0,341,32,0,5,33,2008,10,750000.0,False,2.8326249356838407,-0.127317720730926,0.18631480122304647,0.06912890915418535,-0.08708915007256314,-2.1630482177874866,Action,2791,0.8538158366176998
300380,Road Redemption,2017-10-04,False,19.99,False,0,"Redemption Road, Pixel Dash Studios",Tripwire Presents,"Action, Adventure, Indie, Racing, Simulation","Single-player, Multi-player, Co-op, Shared/Split Screen Co-op, Shared/Split Screen, Steam Achievements, Full controller support, Steam Trading Cards, Captions available, Steam Cloud, Stats, Remote Play on Phone, Remote Play on Tablet, Remote Play on TV, Remote Play Together, Family Sharing","Vehicular Combat, Racing, Beat 'em up, Action, Motorbike, Violent, Multiplayer, Controller, Indie, Local Co-Op",True,True,True,10669,10485,2262,"1,000,000 .. 2,000,000",415,0,94,21,0,5,55,2017,10,1500000.0,False,3.0440461338325417,-0.0668797676275034,-0.26619017761191943,0.06912890915418535,0.08509048616221325,-0.10393947933071283,Action,12747,0.8225464815250647
760160,Vampire: The Masquerade - Bloodhunt,2022-04-27,False,0.0,True,0,Sharkmob AB,Sharkmob AB,"Action, Free To Play","Multi-player, PvP, Online PvP, Cross-Platform Multiplayer, Steam Achievements, Full controller support, In-App Purchases","Multiplayer, Battle Royale, Vampire, PvP, Third-Person Shooter, Combat, Survival, Shooter, Supernatural, Action",True,False,False,0,43433,13651,"2,000,000 .. 5,000,000",360,1,116,362,18,0,35,2022,4,3500000.0,True,0.0,-0.14184925043885277,-0.28275993382758063,-0.14209042723478343,-0.07143645586940164,1.0400098198119392,Action,57084,0.7608611870226333
2552430,KINGDOM HEARTS -HD 1.5+2.5 ReMIX-,2024-06-13,False,49.99,False,0,Square Enix,Square Enix,"Action, Adventure, RPG","Single-player, Steam Achievements, Full controller support, Steam Cloud, Family Sharing","Action, RPG, Adventure, JRPG, Great Soundtrack, Action-Adventure, Emotional, Story Rich, Singleplayer, Fantasy",True,False,False,8418,6361,1241,"1,000,000 .. 2,000,000",1892,633,480,886,0,0,197,2024,6,1500000.0,False,3.9316295350670645,-0.08269721123124765,0.17878309385229138,-0.14209042723478343,1.196431774586679,1.497589539469,Action,7602,0.8367534859247566
834530,Yakuza Kiwami (Legacy),2019-02-19,False,0.0,False,0,Ryu Ga Gotoku Studio,SEGA,"Action, Adventure, RPG","Single-player, Multi-player, Steam Achievements, Full controller support, Steam Trading Cards, Steam Cloud, Remote Play on Tablet, Remote Play on TV, Family Sharing","Action, Story Rich, Adventure, Beat 'em up, RPG, Open World, Crime, Singleplayer, Great Soundtrack, Violent",True,False,False,17199,20429,1448,"500,000 .. 1,000,000",1208,28,732,188,17,0,55,2019,2,750000.0,True,0.0,-0.020994424787676692,-0.027284419811567928,-0.14209042723478343,0.08509048616221325,0.353640240326348,Action,21877,0.9338117657814142
892970,Valheim,2021-02-02,False,19.99,False,0,Iron Gate AB,Coffee Stain Publishing,"Action, Adventure, Indie, RPG, Early Access","Single-player, Multi-player, Co-op, Online Co-op, Full controller support, Camera Comfort, Custom Volume Controls, Adjustable Difficulty, Save Anytime, Stereo Sound, Steam Cloud, Remote Play on Tablet, Family Sharing","Open World Survival Craft, Survival, Online Co-Op, Open World, Multiplayer, Building, Crafting, Base-Building, Exploration, Co-op",True,True,True,450092,471451,28377,"10,000,000 .. 20,000,000",4571,876,1699,14439,0,1,0,2021,2,15000000.0,False,3.0440461338325417,3.020880570305908,0.9858808557024069,-0.09984655995698968,-0.3453586044247277,0.8112199599834088,Action,499828,0.9432264699056475
1293830,Forza Horizon 4,2021-03-09,False,0.0,False,0,Playground Games,Xbox Game Studios,Racing,"Single-player, Multi-player, PvP, Online PvP, Co-op, Online Co-op, Cross-Platform Multiplayer, Steam Achievements, Full controller support, Steam Trading Cards, Steam Cloud, Family Sharing","Racing, Open World, Driving, Multiplayer, Automobile Sim, Realistic, Online Co-Op, Singleplayer, Controller, Simulation",True,False,False,276580,263942,26975,"5,000,000 .. 10,000,000",2346,292,795,4864,0,0,178,2021,3,7500000.0,True,0.0,1.8016374452180037,0.31555889970520384,-0.14209042723478343,1.0477311796566449,0.8112199599834088,Racing,290917,0.9072759584348801
307670,Hard West,2015-11-18,False,19.99,False,0,CreativeForge Games,Good Shepherd Entertainment,"Adventure, Indie, RPG, Strategy","Single-player, Steam Achievements, Full controller support, Steam Trading Cards, Steam Cloud, Family Sharing","Western, Turn-Based Strategy, Strategy, RPG, Turn-Based Combat, Adventure, Turn-Based, Tactical, Indie, Turn-Based Tactics",True,True,True,4058,3585,1178,"200,000 .. 500,000",223,0,84,12,0,3,35,2015,11,350000.0,False,3.0440461338325417,-0.1133342854703969,-0.32403369021931855,-0.015358825401402173,-0.07143645586940164,-0.5615191989877737,Adventure,4763,0.7526768843166072
317470,Cubic Castles,2014-08-13,False,0.0,True,0,Cosmic Cow LLC,Cosmic Cow LLC,"Action, Adventure, Casual, Free To Play, Indie, Massively Multiplayer","Multi-player, MMO","Free to Play, Open World Survival Craft, Building, Multiplayer, Sandbox, Open World, Massively Multiplayer, Crafting, Adventure, Cute",True,False,False,0,3172,1108,"500,000 .. 1,000,000",229,0,68,22,0,0,0,2014,8,750000.0,True,0.0,-0.14184925043885277,-0.32222608045033735,-0.14209042723478343,-0.3453586044247277,-0.7903090588163041,Action,4280,0.7411214953271028
351140,Rustbucket Rumble,2015-05-04,False,0.0,True,0,Reactor Zero,"Scrap Yard Productions, LLC","Action, Casual, Free To Play, Indie","Multi-player, Cross-Platform Multiplayer, Steam Achievements, Full controller support, Steam Trading Cards, Stats, Steam Leaderboards","Free to Play, Action, Indie, Casual, Multiplayer, Robots, 2D, Team-Based, Controller, Class-Based",True,True,True,0,209,163,"200,000 .. 500,000",11,0,14,2,0,2,21,2015,5,350000.0,True,0.0,-0.14184925043885277,-0.38790256872332174,-0.05760269267919593,-0.18100531529153208,-0.5615191989877737,Action,372,0.5618279569892473
979060,Bloons Adventure Time TD,2019-01-16,False,0.0,True,0,Ninja Kiwi,Ninja Kiwi,"Action, Strategy","Single-player, Steam Achievements, In-App Purchases","Strategy, Action, Tower Defense, Free to Play, Cartoon, Singleplayer, Multiplayer, Family Friendly, Adventure, Funny",True,True,False,0,3743,559,"200,000 .. 500,000",454,0,109,101,0,0,71,2019,1,350000.0,True,0.0,-0.14184925043885277,-0.2544407141135415,-0.14209042723478343,0.21031203978750518,0.353640240326348,Action,4302,0.8700604370060437
1178830,Bright Memory: Infinite,2021-11-11,False,19.99,False,0,FYQD-Studio,"FYQD-Studio, PLAYISM","Action, Indie","Single-player, Steam Achievements, Partial Controller Support, Steam Cloud, Family Sharing","Action, Female Protagonist, Sexual Content, FPS, Indie, Singleplayer, Shooter, Sci-fi, Hack and Slash, First-Person",True,False,False,35978,35622,3089,"1,000,000 .. 2,000,000",168,0,120,44,0,10,30,2021,11,1500000.0,False,3.0440461338325417,0.11096282684924612,-0.34060344643497975,0.28034824554315413,-0.11056819137730538,0.8112199599834088,Action,38711,0.9202035597117099
586030,"Shardbound: Forge Your Path, Master Your Strategy",2017-04-06,False,0.0,True,0,Bazooka Tango,Bazooka Tango,"Action, Indie, Strategy, Free To Play, Early Access","Multi-player, PvP, Online PvP, In-App Purchases","Early Access, Turn-Based Tactics, Card Battler, Tactical RPG, PvP, Trading Card Game, Competitive, Turn-Based, Card Game, Turn-Based Strategy",True,False,False,0,962,371,"200,000 .. 500,000",1048,0,61,3,0,0,0,2017,4,350000.0,True,0.0,-0.14184925043885277,-0.07548734698440052,-0.14209042723478343,-0.3453586044247277,-0.10393947933071283,Action,1333,0.7216804201050263
427290,Vampyr,2018-06-04,False,3.99,False,90,DONTNOD Entertainment,Focus Entertainment,"Action, RPG","Single-player, Steam Achievements, Full controller support, Steam Trading Cards, Steam Cloud, Remote Play on TV, Family Sharing","Vampire, RPG, Choices Matter, Story Rich, Open World, Action, Singleplayer, Atmospheric, Third Person, Horror",True,False,False,18918,17075,5009,"1,000,000 .. 2,000,000",637,0,211,267,0,1,28,2018,6,1500000.0,False,1.6074359097634274,-0.008915266389259826,-0.19930861615961423,-0.09984655995698968,-0.12622088558046687,0.12485038049781758,Action,22084,0.7731842057598262
922460,Cheeky Chooks,2018-10-31,False,0.0,True,0,Trilum Studios,"Trilum Studios, RSPCA","Casual, Free To Play, Indie, Strategy",Single-player,"Free to Play, Casual, Strategy, Indie, Cute, Simulation, Clicker, Management, Singleplayer, Farming",True,True,False,0,2503,167,"200,000 .. 500,000",0,0,0,8,0,0,33,2018,10,350000.0,True,0.0,-0.14184925043885277,-0.39121651996645396,-0.14209042723478343,-0.08708915007256314,0.12485038049781758,Casual,2670,0.9374531835205993
1700870,Clanfolk,2022-07-14,False,14.99,False,50,MinMax Games Ltd.,Hooded Horse,"RPG, Simulation, Strategy, Early Access","Single-player, Adjustable Text Size, Custom Volume Controls, Adjustable Difficulty, Save Anytime, Stereo Sound, Steam Cloud, Family Sharing","Strategy, Simulation, City Builder, Colony Sim, Base-Building, RTS, Open World, Management, Sandbox, Building",True,False,False,3503,2832,276,"200,000 .. 500,000",460,0,624,386,0,0,0,2022,7,350000.0,False,2.771963526845863,-0.11723418826918768,-0.25263310434456027,-0.14209042723478343,-0.3453586044247277,1.0400098198119392,RPG,3108,0.9111969111969112
441870,OutDrive,2016-02-22,False,2.99,False,0,DNVR Prod,DNVR Prod,"Casual, Indie, Racing","Single-player, Steam Achievements, Steam Trading Cards, Partial Controller Support, Steam Leaderboards, Family Sharing","Racing, Indie, Casual, Retro, 1980s, Music, Great Soundtrack, Arcade, Singleplayer, Cyberpunk",True,False,False,3622,3529,1120,"200,000 .. 500,000",206,0,213,2,0,2,48,2016,2,350000.0,False,1.3837912309017721,-0.11639799289431181,-0.329155251231432,-0.05760269267919593,0.030306056451148037,-0.33272933915924324,Casual,4649,0.7590879759087976
673750,Super Bunny Man,2023-05-16,False,8.99,False,40,Catobyte,Catobyte Ltd,"Action, Indie","Single-player, Multi-player, PvP, Online PvP, Shared/Split Screen PvP, Co-op, Online Co-op, Shared/Split Screen Co-op, Shared/Split Screen, Full controller support, Steam Cloud, Remote Play on Phone, Remote Play on Tablet, Remote Play on TV, Remote Play Together, Family Sharing","Platformer, Sandbox, Multiplayer, Co-op, Singleplayer, Funny, Online Co-Op, Physics, Party, Local Co-Op",True,True,True,9440,8567,1316,"500,000 .. 1,000,000",260,241,162,131,0,0,0,2023,5,750000.0,False,2.301584592660462,-0.07551576859996084,-0.312886763310601,-0.14209042723478343,-0.3453586044247277,1.2687996796404697,Action,9883,0.8668420520084994
939850,The Dark Pictures Anthology: Man of Medan,2019-08-29,False,19.99,False,0,Supermassive Games,BANDAI NAMCO Entertainment Europe,Adventure,"Single-player, Multi-player, PvP, Online PvP, Shared/Split Screen PvP, Steam Achievements, Full controller support, Steam Cloud, Remote Play on Phone, Remote Play on Tablet, Remote Play on TV, Remote Play Together, Family Sharing","Choices Matter, Co-op, Horror, Adventure, Multiplayer, Cinematic, Story Rich, Gore, Violent, Singleplayer",True,False,False,8830,8812,2797,"500,000 .. 1,000,000",317,0,248,41,17,0,30,2019,8,750000.0,False,3.0440461338325417,-0.07980214825268585,-0.2957144705052794,-0.14209042723478343,-0.11056819137730538,0.353640240326348,Adventure,11609,0.7590662417090188
1067310,Gravitas,2019-08-23,False,0.0,True,0,Galaxy Shark Studios,Galaxy Shark Studios,"Action, Adventure, Free To Play, Indie","Single-player, Steam Achievements, Full controller support, Steam Cloud","Free to Play, Puzzle, Puzzle-Platformer, Indie, Singleplayer, First-Person, Adventure, Funny, Sci-fi, 3D Platformer",True,False,False,0,6738,137,"200,000 .. 500,000",0,0,0,3,0,0,20,2019,8,350000.0,True,0.0,-0.14184925043885277,-0.39121651996645396,-0.14209042723478343,-0.18883166239311283,0.353640240326348,Action,6875,0.9800727272727273
1364390,Animaze by FaceRig,2021-11-17,False,0.0,True,0,Holotech Studios Inc.,Holotech Studios Inc.,"Animation & Modeling, Video Production",In-App Purchases,"Animation & Modeling, Video Production, Software, 3D, Memes, Fantasy, Cute, Funny, Epic, Free to Play",True,False,False,0,2283,1019,"500,000 .. 1,000,000",381,0,30,290,0,7,0,2021,11,750000.0,True,0.0,-0.14184925043885277,-0.2764332996361464,0.15361664370977285,-0.3453586044247277,0.8112199599834088,Other,3302,0.6913991520290733
37420,"Time Gentlemen, Please! and Ben There, Dan That! Special Edition  Double Pack",2009-08-25,False,4.99,False,0,Size Five Games,Size Five Games,"Adventure, Indie","Single-player, Family Sharing","Point & Click, Adventure, Comedy, Indie, 2D, Singleplayer, Funny, Time Travel, Retro, 1990's",True,False,False,460,500,121,"200,000 .. 500,000",39,0,8,0,0,0,0,2009,8,350000.0,False,1.7900914121273581,-0.13861689856958473,-0.37946705646807605,-0.14209042723478343,-0.3453586044247277,-1.934258357958956,Adventure,621,0.8051529790660226
1629520,A Little to the Left,2022-11-08,False,14.99,False,0,Max Inferno,Secret Mode,"Casual, Indie","Single-player, Steam Achievements, Full controller support, Steam Trading Cards, Camera Comfort, Color Alternatives, Custom Volume Controls, Adjustable Difficulty, Keyboard Only Option, Mouse Only Option, Playable without Timed Input, Touch Only Option, Steam Cloud, Family Sharing","Puzzle, Relaxing, Wholesome, Casual, Cute, Cozy, Logic, 2D, Cats, Colorful",True,True,False,15664,12461,1075,"200,000 .. 500,000",465,64,322,422,0,2,65,2022,11,350000.0,False,2.771963526845863,-0.03178064243838634,-0.25112676287040925,-0.05760269267919593,0.1633539571780207,1.0400098198119392,Casual,13536,0.9205821513002365
1281080,Train Station Renovation - First Job,2020-04-21,False,0.0,True,0,Live Motion Games,"Live Motion Games, PlayWay S.A.","Casual, Indie, Simulation, Strategy",Single-player,"Simulation, Casual, Indie, Strategy, Free to Play, Multiplayer, First-Person, Singleplayer, Sandbox, Resource Management",True,False,False,0,740,118,"200,000 .. 500,000",144,52,120,0,0,0,0,2020,4,350000.0,True,0.0,-0.14184925043885277,-0.34783388551090466,-0.14209042723478343,-0.3453586044247277,0.5824301001548784,Casual,858,0.8624708624708625
1343400,RuneScape ®,2020-10-14,False,0.0,True,0,Jagex Ltd,Jagex Ltd,"Massively Multiplayer, RPG, Free To Play","Multi-player, MMO, Cross-Platform Multiplayer, Steam Achievements, In-App Purchases, Adjustable Text Size, Camera Comfort, Color Alternatives, Custom Volume Controls, Save Anytime, Subtitle Options, Touch Only Option","Free to Play, MMORPG, Open World, Massively Multiplayer, RPG, Multiplayer, Fantasy, Character Customization, Adventure, Story Rich",True,True,False,0,20941,4397,"2,000,000 .. 5,000,000",8245,314,98,2496,0,3,20,2020,10,3500000.0,True,0.0,-0.14184925043885277,2.092740570908575,-0.015358825401402173,-0.18883166239311283,0.5824301001548784,Massively Multiplayer,25338,0.8264661772831321
22230,Rock of Ages,2011-09-07,False,9.99,False,0,ACE Team,SEGA,"Action, Indie, Racing, Strategy","Single-player, Multi-player, PvP, Online PvP, Shared/Split Screen PvP, Co-op, Shared/Split Screen, Steam Achievements, Steam Trading Cards, Partial Controller Support, Steam Cloud, Steam Leaderboards, Family Sharing","Comedy, Strategy, Indie, Tower Defense, Action, Racing, Historical, Multiplayer, Funny, Local Multiplayer",True,False,False,3251,3472,312,"200,000 .. 500,000",120,287,91,2,0,0,19,2011,9,350000.0,False,2.39698576841553,-0.11900495494539538,-0.3550643245868295,-0.14209042723478343,-0.19665800949469356,-1.4766786383018953,Action,3784,0.9175475687103594
907270,eSports Legend,2018-10-15,False,9.99,False,0,90Games,Coconut Island Games,"Casual, Indie, Simulation, Strategy","Single-player, Steam Achievements, Steam Cloud, Family Sharing","Simulation, Strategy, Indie, Casual, e-sports, Management, Sports, Rogue-lite",True,False,False,1039,746,452,"200,000 .. 500,000",1480,0,620,4,0,0,30,2018,10,350000.0,False,2.39698576841553,-0.13454835132544082,0.05466055638224747,-0.14209042723478343,-0.11056819137730538,0.12485038049781758,Casual,1198,0.6227045075125208
288160,The Room,2014-07-28,False,4.99,False,0,Fireproof Games,Fireproof Games,"Adventure, Indie","Single-player, Steam Achievements, Steam Trading Cards, Steam Cloud, Family Sharing","Puzzle, Mystery, Point & Click, Atmospheric, Singleplayer, Adventure, Indie, Hidden Object, Short, Horror",True,False,False,29695,28356,641,"500,000 .. 1,000,000",270,0,164,42,0,0,5,2014,7,750000.0,False,1.7900914121273581,0.06681311642617854,-0.30987408036229896,-0.14209042723478343,-0.306226868916824,-0.7903090588163041,Adventure,28997,0.9778942649239577
107410,Arma 3,2013-09-12,False,29.99,False,0,Bohemia Interactive,Bohemia Interactive,"Action, Simulation, Strategy","Single-player, Multi-player, PvP, Online PvP, LAN PvP, Co-op, Online Co-op, LAN Co-op, Steam Achievements, Steam Trading Cards, Captions available, Steam Workshop, Stats, Steam Leaderboards, Includes level editor, Steam Timeline","Military, Action, Multiplayer, Shooter, Simulation, Realistic, First-Person, Open World, Tactical, FPS",True,True,False,228146,256128,27136,"10,000,000 .. 20,000,000",12797,535,834,7181,17,21,123,2013,9,15000000.0,False,3.433664571799657,1.4612989007916382,3.4641138489756624,0.7450307855988855,0.6172820890697039,-1.0190989186448345,Action,283264,0.9042024401265251
373330,All Is Dust,2015-06-26,False,0.0,True,0,Mannequin Games LLC,Mannequin Games LLC,"Adventure, Free To Play","Single-player, VR Supported, VR Support, Partial Controller Support","Free to Play, Horror, First-Person, Multiplayer, Survival, Adventure, Singleplayer, Walking Simulator, Survival Horror, Dark",True,False,False,0,593,729,"200,000 .. 500,000",2460,0,17,3,0,0,0,2015,6,350000.0,True,0.0,-0.14184925043885277,0.3499034853158471,-0.14209042723478343,-0.3453586044247277,-0.5615191989877737,Adventure,1322,0.4485627836611195
252610,Death Road to Canada,2016-07-21,False,2.99,False,80,"Rocketcat Games, Madgarden",Rocketcat Games,"Action, Indie, RPG","Single-player, Multi-player, PvP, Shared/Split Screen PvP, Co-op, Shared/Split Screen Co-op, Shared/Split Screen, Steam Achievements, Full controller support, Steam Trading Cards, Remote Play on Phone, Remote Play on Tablet, Remote Play on TV, Remote Play Together, Family Sharing","Pixel Graphics, Zombies, Action Roguelike, Local Co-Op, Survival, Action, Rogue-like, Character Customization, Indie, Comedy",True,True,True,8783,8712,673,"200,000 .. 500,000",710,80,174,269,0,0,72,2016,7,350000.0,False,1.3837912309017721,-0.08013241029150237,-0.17731603063700935,-0.14209042723478343,0.2181383868890859,-0.33272933915924324,Action,9385,0.9282898241875333
905370,Conqueror's Blade,2019-05-30,False,0.0,False,0,Booming Tech,Poros Interactive,"Action, Massively Multiplayer, Strategy, Free To Play","Multi-player, MMO, PvP, Online PvP, Co-op, Online Co-op, In-App Purchases, Remote Play on Tablet, Family Sharing","Medieval, Tactical, Strategy, Action, Free to Play, Multiplayer, Massively Multiplayer, War, Singleplayer, Grand Strategy",True,False,False,1042,22576,7558,"2,000,000 .. 5,000,000",5127,0,294,2,0,0,48,2019,5,3500000.0,True,0.0,-0.13452727076977167,1.1533860276280001,-0.14209042723478343,0.030306056451148037,0.353640240326348,Action,30134,0.7491869648901573
220260,Farming Simulator 2013 Titanium Edition,2013-10-09,False,14.99,False,0,Giants Software,Giants Software,"Casual, Simulation","Single-player, Multi-player, Co-op, Steam Achievements, Steam Trading Cards, Partial Controller Support, Steam Cloud, Family Sharing","Simulation, Farming Sim, Multiplayer, Casual, Farming, Open World, Relaxing, Co-op, Moddable, Management",True,True,False,3900,4857,396,"200,000 .. 500,000",2264,0,865,23,0,7,16,2013,10,350000.0,False,2.771963526845863,-0.11444452806897157,0.29085489952912713,0.15361664370977285,-0.2201370507994358,-1.0190989186448345,Casual,5253,0.9246145059965734
434250,Masked Shooters 2,2016-01-14,False,29.99,False,0,Nightbinder,My Way Games,"Action, Indie","Single-player, Multi-player, Steam Achievements, Steam Trading Cards, Partial Controller Support, Stats, Steam Leaderboards, Family Sharing","Action, Indie, FPS, Shooter, Multiplayer, Singleplayer, First-Person, Arena Shooter, PvP, Sniper",True,False,False,616,1128,472,"200,000 .. 500,000",215,0,211,0,0,1,12,2016,1,350000.0,False,3.433664571799657,-0.13752070967478947,-0.32644383657796017,-0.09984655995698968,-0.25144243920575876,-0.33272933915924324,Action,1600,0.705
407330,Sakura Dungeon,2016-06-03,False,19.99,False,0,Winged Cloud,Winged Cloud,"Adventure, Indie, RPG","Single-player, Steam Achievements, Full controller support, Steam Trading Cards, Family Sharing","Nudity, Sexual Content, Mature, Anime, Dungeon Crawler, RPG, Female Protagonist, Visual Novel, Adventure, JRPG",True,True,True,1366,1722,167,"200,000 .. 500,000",753,0,851,5,0,0,37,2016,6,350000.0,False,3.0440461338325417,-0.13225057075750463,-0.1643614939593106,-0.14209042723478343,-0.055783761666240154,-0.33272933915924324,Adventure,1889,0.9115934356802541
527230,For The King,2018-04-19,False,19.99,False,0,IronOak Games,Curve Games,"Adventure, Indie, RPG, Strategy","Single-player, Multi-player, PvP, Online PvP, Shared/Split Screen PvP, Co-op, Online Co-op, Shared/Split Screen Co-op, Shared/Split Screen, Steam Achievements, Full controller support, Steam Trading Cards, Adjustable Difficulty, Keyboard Only Option, Mouse Only Option, Save Anytime, Steam Cloud, Remote Play on Phone, Remote Play on Tablet, Remote Play on TV, Remote Play Together, Family Sharing","RPG, Online Co-Op, Strategy, Turn-Based, Rogue-like, Open World, Multiplayer, Turn-Based Combat, Co-op, Tabletop",True,True,True,30604,36581,4906,"2,000,000 .. 5,000,000",1767,424,880,428,0,7,78,2018,4,3500000.0,False,3.0440461338325417,0.07320052479392777,0.14112455699851592,0.15361664370977285,0.2650964694985704,0.12485038049781758,Adventure,41487,0.881746089136356
1230530,Atlas Fallen: Reign Of Sand,2023-08-09,False,11.99,False,70,Deck13,Focus Entertainment,"Action, Adventure, RPG","Single-player, Multi-player, Co-op, Online Co-op, Steam Achievements, Full controller support, Steam Trading Cards, Camera Comfort, Custom Volume Controls, Adjustable Difficulty, Playable without Timed Input, Stereo Sound, Subtitle Options, Surround Sound, Steam Cloud, Family Sharing","Action, Adventure, Action RPG, Action-Adventure, Exploration, 3D, Online Co-Op, Fantasy, Cinematic, Demons",True,False,False,2617,2572,1010,"200,000 .. 500,000",483,0,196,27,0,2,38,2023,8,350000.0,False,2.5641798306825083,-0.1234599790434735,-0.2457039335634656,-0.05760269267919593,-0.04795741456465941,1.2687996796404697,Action,3582,0.718034617532105
2050650,Resident Evil 4,2023-03-23,False,39.99,False,0,"CAPCOM Co., Ltd.","CAPCOM Co., Ltd.","Action, Adventure","Single-player, Steam Achievements, Full controller support, Steam Trading Cards, Steam Cloud, HDR available, Family Sharing","Horror, Action, Survival Horror, Third-Person Shooter, Singleplayer, Zombies, Story Rich, Survival, Cinematic, Dark",True,False,False,160824,177539,4169,"5,000,000 .. 10,000,000",2476,556,1488,3748,0,27,46,2023,3,7500000.0,False,3.7133281345162463,0.9882371778723711,0.3547237780331303,0.998493989265648,0.014653362247986548,1.2687996796404697,Action,181708,0.9770565962973562
429050,Feed and Grow: Fish,2016-01-08,False,14.99,False,0,Old B1ood,Greens s.r.o.,"Action, Indie, Simulation, Early Access","Single-player, Multi-player, Steam Achievements, Partial Controller Support, Family Sharing","Simulation, Underwater, Survival, Multiplayer, Early Access, Action, Open World, Indie, Singleplayer, Adventure",True,False,False,19884,14733,4239,"500,000 .. 1,000,000",549,0,333,189,0,0,23,2016,1,750000.0,False,2.771963526845863,-0.0021273274637969453,-0.22582022610467214,-0.14209042723478343,-0.1653526210883706,-0.33272933915924324,Action,18972,0.7765654648956357
816340,Kingdom Rush Origins - Tower Defense,2018-10-17,False,14.99,False,0,Ironhide Game Studio,Ironhide Game Studio,"Indie, Strategy","Single-player, Steam Achievements, Steam Cloud, Family Sharing","Tower Defense, Strategy, 2D, Singleplayer, Difficult, Casual, Building, Tactical, Medieval, Cartoony",True,True,True,7187,6792,292,"200,000 .. 500,000",1760,0,739,136,0,0,83,2018,10,350000.0,False,2.771963526845863,-0.09134726590748452,0.1390156789347045,-0.14209042723478343,0.30422820500647413,0.12485038049781758,Indie,7084,0.9587803500846979
613830,CHRONO TRIGGER®,2018-02-27,False,14.99,False,0,Square Enix,Square Enix,RPG,"Single-player, Steam Achievements, Steam Trading Cards, Custom Volume Controls, Keyboard Only Option, Mouse Only Option, Playable without Timed Input, Touch Only Option, Partial Controller Support, Steam Cloud, Remote Play on Phone, Remote Play on Tablet, Family Sharing","JRPG, RPG, Classic, Story Rich, Great Soundtrack, Time Travel, Singleplayer, Retro, Turn-Based, Pixel Graphics",True,False,False,11589,9887,1313,"500,000 .. 1,000,000",567,133,201,172,10,0,13,2018,2,750000.0,False,2.771963526845863,-0.06041506388896733,-0.2203973967977285,-0.14209042723478343,-0.24361609210417803,0.12485038049781758,RPG,11200,0.8827678571428571
563560,Alien Swarm: Reactive Drop,2017-04-20,False,0.0,True,0,Reactive Drop Team,Reactive Drop Team,"Action, Free To Play","Single-player, Multi-player, PvP, Online PvP, LAN PvP, Co-op, Online Co-op, LAN Co-op, Steam Achievements, Full controller support, Captions available, Steam Workshop, Camera Comfort, Color Alternatives, Custom Volume Controls, Adjustable Difficulty, Keyboard Only Option, Mouse Only Option, Playable without Timed Input, Stereo Sound, Subtitle Options, Surround Sound, Steam Cloud, Stats, Steam Leaderboards, Includes level editor, Includes Source SDK","Twin Stick Shooter, PvE, Top-Down Shooter, Co-op, Class-Based, Third-Person Shooter, Aliens, Level Editor, Hacking, PvP",True,False,False,0,21500,1149,"200,000 .. 500,000",270,46,103,179,0,0,198,2017,4,350000.0,True,0.0,-0.14184925043885277,-0.30987408036229896,-0.14209042723478343,1.2042581216882597,-0.10393947933071283,Action,22649,0.9492692834120712
20820,Shatter,2010-03-15,False,1.99,False,0,Sidhe,PikPok,"Action, Indie","Single-player, Multi-player, Shared/Split Screen, Steam Achievements, Partial Controller Support, Steam Cloud, Steam Leaderboards, Remote Play Together, Family Sharing","Great Soundtrack, Indie, Arcade, Action, Local Co-Op, Fast-Paced, Singleplayer, Co-op, Psychedelic, Stylized",True,True,True,651,1209,81,"200,000 .. 500,000",36,0,24,0,0,1,30,2010,3,350000.0,False,1.095273387402595,-0.1372747698586495,-0.38037086135256665,-0.09984655995698968,-0.11056819137730538,-1.7054684981304258,Action,1290,0.9372093023255814
301860,Submerged,2015-08-03,False,19.99,False,0,Uppercut Games Pty Ltd,Uppercut Games Pty Ltd,Adventure,"Single-player, Steam Achievements, Full controller support, Steam Trading Cards, Steam Cloud, Remote Play on TV, Family Sharing","Exploration, Relaxing, Female Protagonist, Walking Simulator, Family Friendly, Nature, Third Person, Casual, Adventure, Atmospheric",True,False,False,4290,3598,1143,"200,000 .. 500,000",194,0,81,1,0,1,10,2015,8,350000.0,False,3.0440461338325417,-0.11170405583198344,-0.3327704707693945,-0.09984655995698968,-0.26709513340892027,-0.5615191989877737,Adventure,4741,0.7589116220206708
2128940,THE 4 SINS,2024-06-02,False,9.99,False,0,奇门互娱,"Gamirror Games, 奇门互娱","Adventure, Indie, RPG, Strategy","Multi-player, Co-op, Online Co-op, Steam Achievements, Steam Workshop, Family Sharing","Horror, Logic, Party-Based RPG, Drama, RPG, 3D Platformer, Puzzle, Strategy, Immersive Sim, 3D",True,False,False,3344,959,2983,"500,000 .. 1,000,000",243,0,258,10,0,0,26,2024,6,750000.0,False,2.39698576841553,-0.11835145771965207,-0.3180083243227145,-0.14209042723478343,-0.14187357978362836,1.497589539469,Adventure,3942,0.2432775240994419
1421230,Syberia: The World Before - Prologue,2020-10-08,False,0.0,False,0,Microids Studio Paris,Microids,Adventure,"Single-player, Full controller support, Family Sharing","Adventure, Puzzle, Exploration, Point & Click, Visual Novel, Choose Your Own Adventure, Investigation, Third Person, Linear, Narration",True,False,False,0,1048,351,"200,000 .. 500,000",83,0,62,0,0,0,5,2020,10,350000.0,True,0.0,-0.14184925043885277,-0.36621125149554706,-0.14209042723478343,-0.306226868916824,0.5824301001548784,Adventure,1399,0.7491065046461758
244070,Sid Meier’s Ace Patrol,2013-08-27,False,4.99,False,0,Firaxis Games,2K,"Casual, Strategy","Single-player, Multi-player, Steam Achievements, Steam Trading Cards, Steam Cloud, Steam Leaderboards, Family Sharing","Strategy, Casual, Turn-Based, Turn-Based Strategy, World War I, Historical, Singleplayer, Flight, Touch-Friendly",True,False,False,403,546,251,"200,000 .. 500,000",304,2182,127,3,0,0,52,2013,8,350000.0,False,1.7900914121273581,-0.13901742912729836,-0.2996309583380721,-0.14209042723478343,0.06161144485747102,-1.0190989186448345,Casual,797,0.685069008782936
3027930,Karate Survivor,2024-10-30,False,1.74,False,65,Alawar,Alawar,"Action, Casual, Indie","Single-player, Steam Achievements, Full controller support, Steam Trading Cards, Steam Cloud, Steam Leaderboards, Family Sharing","Fighting, Casual, Action Roguelike, Martial Arts, Bullet Hell, 2D, Combat, Rogue-like, Rogue-lite, Singleplayer",True,True,False,2865,2224,383,"200,000 .. 500,000",641,57,510,38,0,1,22,2024,10,350000.0,False,1.007957920399979,-0.12171731977482465,-0.19810354298029342,-0.09984655995698968,-0.17317896818995132,1.497589539469,Action,2607,0.8530878404296126
1483870,Draw & Guess,2021-03-12,False,2.99,False,0,Acureus,Acureus,"Casual, Indie","Single-player, Multi-player, PvP, Online PvP, Co-op, Online Co-op, Steam Trading Cards, Steam Workshop, In-App Purchases, Custom Volume Controls, Mouse Only Option, Playable without Timed Input, Touch Only Option, Includes level editor, Family Sharing","Party, Multiplayer, Funny, Casual, Online Co-Op, Party Game, Relaxing, Comedy, 2D, PvP",True,True,True,31236,28294,5381,"1,000,000 .. 2,000,000",623,233,389,296,0,0,0,2021,3,1500000.0,False,1.3837912309017721,0.07764149518822647,-0.20352637228723708,-0.14209042723478343,-0.3453586044247277,0.8112199599834088,Casual,33675,0.8402078693392725
2479830,The Braves,2024-05-03,False,0.0,True,0,101XP GAME STUDIOS,101XP,"Action, Casual, Indie, RPG, Free To Play","Single-player, Steam Achievements, Full controller support, In-App Purchases","Action Roguelike, Arena Shooter, Rogue-lite, Vampire, Shoot 'Em Up, RPG, Action, Top-Down, Rogue-like, Action RPG",True,True,False,0,1170,473,"200,000 .. 500,000",792,0,674,140,0,0,244,2024,5,350000.0,True,0.0,-0.14184925043885277,-0.15261203046093266,-0.14209042723478343,1.5642700883609741,1.497589539469,Action,1643,0.7121119902617163
732690,FIVE NIGHTS AT FREDDY'S: HELP WANTED,2019-05-28,False,29.99,False,0,Steel Wool Studios,ScottGames,"Action, Casual","Single-player, Steam Achievements, Tracked Controller Support, VR Supported, Partial Controller Support, Family Sharing","Horror, VR, Singleplayer, Robots, Survival Horror, First-Person, Action, Psychological Horror, Dark, Survival",True,False,False,12098,11969,494,"500,000 .. 1,000,000",437,0,248,29,0,1,15,2019,5,750000.0,False,3.433664571799657,-0.05683839627710335,-0.25956227512565494,-0.09984655995698968,-0.22796339790101655,0.353640240326348,Action,12463,0.9603626735136003
1076200,Roguebook,2021-06-17,False,1.74,False,93,Abrakam Entertainment SA,Nacon,"Adventure, Indie, RPG, Strategy","Single-player, Steam Achievements, Full controller support, Steam Cloud, Family Sharing","RPG, Indie, Card Game, Deckbuilding, Strategy, Singleplayer, Rogue-lite, Rogue-like, Turn-Based, Turn-Based Tactics",True,True,True,3201,3231,625,"200,000 .. 500,000",1538,5,646,43,0,5,61,2021,6,350000.0,False,1.007957920399979,-0.11935629753988104,0.07213411748239928,0.06912890915418535,0.1320485687716977,0.8112199599834088,Adventure,3856,0.8379149377593361
560260,Super Blue Boy Planet,2016-12-16,False,0.0,True,0,NanningsGames,NanningsGames,"Indie, Free To Play","Single-player, Steam Achievements, Full controller support, Steam Cloud","Free to Play, Pixel Graphics, Indie, 2D, Platformer, Retro, Multiplayer, Adventure, GameMaker, Singleplayer",True,False,False,663,2467,239,"200,000 .. 500,000",44,0,40,0,0,0,8,2016,12,350000.0,True,0.0,-0.13719044763597296,-0.37796071499392503,-0.14209042723478343,-0.2827478276120818,-0.33272933915924324,Indie,2706,0.9116777531411677
545650,High Profits,2017-01-12,False,0.0,False,0,Double Coconut,Double Coconut,"Free To Play, Indie, Simulation","Single-player, Steam Achievements, In-App Purchases, Stats, Family Sharing","Free to Play, Indie, Clicker, Simulation",True,True,True,196,464,494,"200,000 .. 500,000",912,0,241,8,0,0,11,2017,1,350000.0,True,0.0,-0.14047198746846898,-0.11645983508130822,-0.14209042723478343,-0.2592687863073395,-0.10393947933071283,Indie,958,0.48434237995824636
1740720,Have a Nice Death,2023-03-22,False,24.99,False,0,Magic Design Studios,Arc Games,"Action, Indie","Single-player, Full controller support, Family Sharing","Action Roguelike, Hack and Slash, Singleplayer, 2D, Funny, Action, 2D Platformer, Cartoony, Dark Humor, Cartoon",True,False,False,9543,8588,1351,"200,000 .. 500,000",1102,0,497,91,0,2,37,2023,3,350000.0,False,3.2577118486533987,-0.0747920028553204,-0.059218859063569516,-0.05760269267919593,-0.055783761666240154,1.2687996796404697,Action,9939,0.8640708320756615
587790,Deadly Animal Duel,2017-09-12,False,1.99,False,0,Night Animals,New Reality Games,"Action, Casual","Single-player, Multi-player, Family Sharing","Action, Casual",True,True,False,0,16,41,"500,000 .. 1,000,000",306,0,317,1,0,0,0,2017,9,750000.0,False,1.095273387402595,-0.14184925043885277,-0.29902842174841165,-0.14209042723478343,-0.3453586044247277,-0.10393947933071283,Action,57,0.2807017543859649
339200,Oceanhorn: Monster of Uncharted Seas,2015-03-17,False,14.99,False,0,Cornfox & Brothers Ltd.,Cornfox & Brothers Ltd.,"Action, Adventure, Indie, RPG","Single-player, Steam Achievements, Full controller support, Steam Trading Cards, Steam Cloud, Steam Leaderboards, Remote Play on TV, Family Sharing","Adventure, RPG, Action, Indie, Puzzle, Singleplayer, Action-Adventure, Fantasy, Open World, Isometric",True,True,False,1316,1649,421,"200,000 .. 500,000",365,0,175,10,0,0,63,2015,3,350000.0,False,2.771963526845863,-0.13260191335199029,-0.2812535923534296,-0.14209042723478343,0.14770126297485922,-0.5615191989877737,Action,2070,0.7966183574879228
381210,Dead by Daylight,2016-06-14,False,19.99,False,0,Behaviour Interactive Inc.,Behaviour Interactive Inc.,Action,"Multi-player, PvP, Online PvP, Co-op, Online Co-op, Cross-Platform Multiplayer, Steam Achievements, Full controller support, Steam Trading Cards, Color Alternatives, Custom Volume Controls, Stereo Sound, Subtitle Options, Surround Sound, Steam Cloud, Remote Play on Phone, Remote Play on Tablet, Remote Play on TV, Family Sharing","Horror, Multiplayer, Survival Horror, Online Co-Op, Co-op, Survival, Gore, Team-Based, Blood, Stealth",True,False,False,652542,630223,166993,"20,000,000 .. 50,000,000",13481,844,1448,44886,17,37,297,2016,6,35000000.0,False,3.0440461338325417,4.443466735378331,3.670181362639522,1.4209326620435854,1.9790664847447534,-0.33272933915924324,Action,797216,0.7905297936820134
1551220,King and Kingdoms,2022-05-05,False,0.0,True,0,Bad Button Studio,Bad Button Studio,"Massively Multiplayer, Strategy","Multi-player, MMO, PvP, Online PvP, Steam Achievements, In-App Purchases","Strategy, Grand Strategy, Real Time Tactics, Action RTS, 3D Vision, Realistic, Military, Multiplayer, Building, Medieval",True,False,False,0,26,41,"200,000 .. 500,000",0,0,0,0,0,0,40,2022,5,350000.0,True,0.0,-0.14184925043885277,-0.39121651996645396,-0.14209042723478343,-0.032304720361497924,1.0400098198119392,Massively Multiplayer,67,0.3880597014925373
911430,Good Company,2022-06-21,False,24.99,False,0,Chasing Carrots,Chasing Carrots,"Indie, Simulation, Strategy","Single-player, Multi-player, Co-op, Online Co-op, Steam Achievements, Steam Trading Cards, Steam Cloud, Family Sharing","Management, Economy, Building, Simulation, Resource Management, Automation, Strategy, Sandbox, Online Co-Op, Base-Building",True,False,False,1468,1263,450,"200,000 .. 500,000",266,0,196,9,0,0,76,2022,6,350000.0,False,3.2577118486533987,-0.1315338318647539,-0.3110791535416198,-0.14209042723478343,0.2494437752954089,1.0400098198119392,Indie,1713,0.7373029772329247
744190,Rusty Lake Paradise,2018-01-11,False,3.99,False,0,Rusty Lake,Rusty Lake,"Adventure, Indie","Single-player, Steam Achievements, Steam Trading Cards, Steam Cloud, Family Sharing","Puzzle, Point & Click, Indie, Adventure, Psychological Horror, Horror, Atmospheric, Singleplayer, Mystery, 2D",True,True,False,6595,5582,266,"200,000 .. 500,000",321,0,334,111,0,0,50,2018,1,350000.0,False,1.6074359097634274,-0.09550716222619468,-0.2945093973259586,-0.14209042723478343,0.04595875065430953,0.12485038049781758,Adventure,5848,0.9545143638850889
651670,Star Renegades,2020-09-08,False,4.24,False,83,"Massive Damage, Inc.",Raw Fury,"Action, Indie, RPG, Simulation, Strategy","Single-player, Steam Achievements, Full controller support, Steam Trading Cards, Steam Cloud, Family Sharing","Rogue-like, Pixel Graphics, Turn-Based, Rogue-lite, JRPG, Singleplayer, Tactical RPG, Mechs, RPG, Strategy RPG",True,False,False,2621,2357,483,"200,000 .. 500,000",1019,0,133,26,0,7,44,2020,9,350000.0,False,1.6563214983329508,-0.12343187163591465,-0.08422412753447642,0.15361664370977285,-0.0009993319551749415,0.5824301001548784,Action,2840,0.8299295774647887
692660,Invictus: In the Shadow of Olympus,2017-12-18,False,9.99,False,0,Quicksilver Software,Interplay,"Adventure, RPG, Strategy","Single-player, Multi-player, Family Sharing","Adventure, Strategy, RPG, Isometric, Mythology, Action, Real-Time, RTS, Hack and Slash, CRPG",True,False,False,0,4,2,"200,000 .. 500,000",0,0,0,0,0,0,0,2017,12,350000.0,False,2.39698576841553,-0.14184925043885277,-0.39121651996645396,-0.14209042723478343,-0.3453586044247277,-0.10393947933071283,Adventure,6,0.6666666666666666
409710,BioShock™ Remastered,2016-09-15,False,19.99,False,0,"2K Boston, 2K Australia, Blind Squirrel, Feral Interactive (Mac)","2K, Feral Interactive (Mac)","Action, RPG","Single-player, Steam Achievements, Full controller support, Steam Trading Cards, Steam Cloud, Commentary available, Remote Play on Phone, Remote Play on Tablet, Remote Play on TV, Family Sharing","FPS, Story Rich, Atmospheric, Horror, Singleplayer, First-Person, Action, Dystopian , Shooter, Underwater",True,True,False,50598,47962,10301,"2,000,000 .. 5,000,000",412,83,199,364,17,0,65,2016,9,3500000.0,False,3.0440461338325417,0.21369540147685204,-0.26709398249641003,-0.14209042723478343,0.1633539571780207,-0.33272933915924324,Action,58263,0.8231982561831694
1937500,Let's School,2023-07-26,False,19.99,False,0,Pathea Games,"Pathea Games, PM Studios, inc.","Casual, Indie, Simulation","Single-player, Steam Achievements, Full controller support, Steam Trading Cards, Steam Workshop, Steam Workshop, Steam Cloud, Family Sharing","Management, City Builder, Strategy, Simulation, Sandbox, Building, Education, Medical Sim, Funny, Relaxing",True,False,False,5649,5853,440,"200,000 .. 500,000",1397,0,1310,205,0,3,44,2023,7,350000.0,False,3.0440461338325417,-0.10215456411386331,0.029655287911340568,-0.015358825401402173,-0.0009993319551749415,1.2687996796404697,Casual,6293,0.9300810424280948
412220,DDNet,2020-08-17,False,0.0,True,0,DDNet Team,DDNet Team,"Action, Indie, Free To Play","Single-player, Multi-player, Co-op, Online Co-op, LAN Co-op, Cross-Platform Multiplayer, Includes level editor","Online Co-Op, Free to Play, Multiplayer, 2D Platformer, Precision Platformer, 2D, Level Editor, Puzzle-Platformer, Platformer, Team-Based",True,True,True,0,33440,4010,"1,000,000 .. 2,000,000",0,0,0,2679,0,0,0,2020,8,1500000.0,True,0.0,-0.14184925043885277,-0.39121651996645396,-0.14209042723478343,-0.3453586044247277,0.5824301001548784,Action,37450,0.8929238985313752
4570,"Warhammer 40,000: Dawn of War - Anniversary Edition (Classic)",2007-08-07,False,9.89,False,34,Relic Entertainment,Relic Entertainment,Strategy,"Single-player, Multi-player, Steam Trading Cards, Steam Cloud, Family Sharing","Strategy, RTS, Warhammer 40K, Base-Building, Sci-fi, Multiplayer, Real-Time, Games Workshop, Tactical, Singleplayer",True,False,False,8684,10634,572,"1,000,000 .. 2,000,000",241,0,125,76,17,0,0,2007,8,1500000.0,False,2.387844936944869,-0.08082806862858397,-0.3186108609123749,-0.14209042723478343,-0.3453586044247277,-2.391838077616017,Strategy,11206,0.9489559164733179
2130,Dark Messiah of Might & Magic,2006-10-25,False,2.49,False,75,Arkane Studios,Ubisoft,"Action, RPG","Single-player, Multi-player, Valve Anti-Cheat enabled, Family Sharing","RPG, First-Person, Action, Fantasy, Adventure, Dark Fantasy, Swordplay, Magic, Classic, Masterpiece",True,False,False,9013,4769,355,"1,000,000 .. 2,000,000",47,0,33,0,17,0,0,2006,10,1500000.0,False,1.2499017362143359,-0.07851623435686834,-0.3770569101094344,-0.14209042723478343,-0.3453586044247277,-2.620627937444547,Action,5124,0.9307181889149102
1369320,Virtual Cottage,2020-10-07,False,0.0,True,0,DU&I,DU&I,"Casual, Indie, Simulation, Free To Play","Single-player, Steam Achievements, Custom Volume Controls, Mouse Only Option, Playable without Timed Input, Touch Only Option","Cozy, Relaxing, Casual, Life Sim, Utilities, Wholesome, Music, Design & Illustration, Atmospheric, Cute",True,True,True,0,10173,229,"200,000 .. 500,000",1660,299,269,274,0,2,8,2020,10,350000.0,True,0.0,-0.14184925043885277,0.10888884945168413,-0.05760269267919593,-0.2827478276120818,0.5824301001548784,Casual,10402,0.9779850028840608
570940,DARK SOULS™: REMASTERED,2018-05-23,False,39.99,False,0,"QLOC, FromSoftware, Inc.","FromSoftware, Inc., Bandai Namco Entertainment",Action,"Single-player, Multi-player, Steam Achievements, Full controller support, Remote Play on Phone, Remote Play on Tablet, Remote Play on TV, Family Sharing","Souls-like, Dark Fantasy, RPG, Difficult, Action, Dark, Fantasy, Atmospheric, Great Soundtrack, Action RPG",True,False,False,95553,119152,10147,"2,000,000 .. 5,000,000",2464,265,1751,2879,17,0,41,2018,5,3500000.0,False,3.7133281345162463,0.5295875281789056,0.35110855849516787,-0.14209042723478343,-0.024478373259917176,0.12485038049781758,Action,129299,0.9215229816162538
675260,Batman: The Enemy Within - The Telltale Series,2017-08-08,False,14.99,False,0,Telltale,Telltale,Adventure,"Single-player, Steam Achievements, Full controller support, Family Sharing","Adventure, Story Rich, Choices Matter, Point & Click, Singleplayer, Superhero, Episodic, Comic Book, Detective, Action",True,False,False,8555,8401,738,"500,000 .. 1,000,000",630,0,657,50,0,1,30,2017,8,750000.0,False,2.771963526845863,-0.08173453252235696,-0.20141749422342564,-0.09984655995698968,-0.11056819137730538,-0.10393947933071283,Adventure,9139,0.9192471824050772
226580,F1 2014,2014-10-16,False,0.0,False,0,Codemasters,"Codemasters, Electronic Arts","Racing, Sports","Single-player, Multi-player, Co-op, Steam Achievements, Full controller support, Steam Trading Cards, Steam Cloud, Steam Leaderboards, Remote Play on TV, Family Sharing",Unknown,True,False,False,2091,0,0,,0,0,0,0,0,0,49,2014,10,750000.0,True,0.0,-0.12715610313746262,-0.39121651996645396,-0.14209042723478343,0.03813240355272878,-0.7903090588163041,Racing,0,0.8471660663060372
238260,Pinball Arcade,2013-11-04,False,0.0,True,0,FarSight Studios,FarSight Studios,"Free To Play, Simulation","Single-player, Multi-player, Steam Achievements, Steam Trading Cards, Partial Controller Support","Pinball, Free to Play, Simulation, Arcade, Classic, Casual, Singleplayer, Multiplayer, Retro, Action",True,True,False,0,3002,1078,"500,000 .. 1,000,000",164,0,53,27,0,9,300,2013,11,750000.0,True,0.0,-0.14184925043885277,-0.3418085196143006,0.23810437826536038,2.002545526049496,-1.0190989186448345,Simulation,4080,0.7357843137254902
377300,Thunder Tier One,2021-12-07,False,0.0,True,0,"KRAFTON, Inc.","KRAFTON, Inc.","Action, Simulation, Free To Play","Single-player, Multi-player, PvP, Online PvP, Co-op, Online Co-op, Steam Achievements, Steam Workshop, Steam Cloud, Stats, Steam Leaderboards","Free to Play, Online Co-Op, Top-Down Shooter, Tactical, Shooter, Realistic, Top-Down, Military, Multiplayer, Co-op",True,False,False,4037,3162,1573,"1,000,000 .. 2,000,000",165,0,92,102,0,0,36,2021,12,1500000.0,True,0.0,-0.11348184936008086,-0.34150725131947035,-0.14209042723478343,-0.0636101087678209,0.8112199599834088,Action,4735,0.6677930306230201
601220,Zup! F,2019-12-11,False,1.99,False,0,Quiet River,Quiet River,"Casual, Indie","Single-player, Steam Achievements, Steam Trading Cards, Steam Cloud, Family Sharing","Puzzle, Casual, Indie, Fast-Paced, 2D, Physics, Short, Relaxing, Minimalist, Puzzle-Platformer",True,False,False,7735,7476,211,"200,000 .. 500,000",263,0,130,2,0,0,640,2019,12,350000.0,False,1.095273387402595,-0.08749655107192172,-0.3119829584261104,-0.14209042723478343,4.663503540586949,0.353640240326348,Casual,7687,0.9725510602315598
71250,Sonic Adventure DX,2011-03-04,False,7.99,False,0,SEGA,SEGA,Unknown,"Single-player, Full controller support, Family Sharing","Platformer, Great Soundtrack, 3D Platformer, Classic, Adventure, Singleplayer, Action, Fast-Paced, Retro, Third Person",True,False,False,15101,15415,1432,"500,000 .. 1,000,000",638,0,194,88,0,0,15,2011,3,750000.0,False,2.196112848483529,-0.03573676005229483,-0.19900734786478402,-0.14209042723478343,-0.22796339790101655,-1.4766786383018953,Unknown,16847,0.9149997032112542
1735700,Back to the Dawn,2025-07-17,False,23.99,False,0,Metal Head Games,Spiral Up Games,"Adventure, Indie, RPG, Simulation, Strategy","Single-player, Steam Achievements, Full controller support, Steam Trading Cards, Color Alternatives, Adjustable Difficulty, Stereo Sound, Steam Cloud, Family Sharing","RPG, Story Rich, Pixel Graphics, Detective, Choices Matter, Multiple Endings, Adventure, Strategy RPG, Crime, Investigation",True,False,False,8158,4579,356,"200,000 .. 500,000",1637,13,523,209,0,3,46,2025,7,350000.0,False,3.218475744846861,-0.08452419272257307,0.10195967867058944,-0.015358825401402173,0.014653362247986548,1.7263793992975305,Adventure,4935,0.9278622087132725
1809540,Nine Sols,2024-05-28,False,29.99,False,0,RedCandleGames,RedCandleGames,"Action, Adventure, Indie","Single-player, Steam Achievements, Full controller support, Color Alternatives, Custom Volume Controls, Adjustable Difficulty, Keyboard Only Option, Stereo Sound, Steam Cloud, Steam Leaderboards, Family Sharing","Metroidvania, Souls-like, Difficult, Action, 2D, Platformer, Hand-drawn, Atmospheric, Adventure, Story Rich",True,True,False,34747,27488,1408,"1,000,000 .. 2,000,000",916,158,352,625,0,2,35,2024,5,1500000.0,False,3.433664571799657,0.10231277217300926,-0.1152547619019874,-0.05760269267919593,-0.07143645586940164,1.497589539469,Action,28896,0.9512735326688815
635200,Distrust: Polar Survival,2017-08-23,False,0.77,False,94,Cheerdealers,Alawar,"Adventure, Indie, Strategy","Single-player, Steam Achievements, Steam Trading Cards, Partial Controller Support, Steam Cloud, Family Sharing","Survival, Isometric, Adventure, Procedural Generation, Horror, Psychedelic, Survival Horror, Singleplayer, Top-Down, Atmospheric",True,True,False,1735,1745,680,"200,000 .. 500,000",473,0,155,2,0,0,56,2017,8,350000.0,False,0.5709795465857378,-0.1296576624102005,-0.24871661651176763,-0.14209042723478343,0.092916833263794,-0.10393947933071283,Adventure,2425,0.7195876288659794
32470,STAR WARS™ Empire at War - Gold Pack,2010-05-25,False,19.99,False,0,Petroglyph,"LucasArts, Lucasfilm, Disney",Strategy,"Single-player, Multi-player, PvP, Online PvP, Steam Cloud, Family Sharing","Strategy, RTS, Space, Sci-fi, Multiplayer, Singleplayer, Moddable, Mod, Tactical, War",True,False,False,35059,38503,932,"1,000,000 .. 2,000,000",2699,13,563,2818,0,0,0,2010,5,1500000.0,False,3.0440461338325417,0.10450514996259976,0.42190660778026573,-0.14209042723478343,-0.3453586044247277,-1.7054684981304258,Strategy,39435,0.9763661721820718
1862520,Just Go,2022-08-09,False,9.99,False,0,Studio Amateur,Studio Amateur,"Casual, Indie, Simulation, Strategy","Single-player, Multi-player, PvP, Online PvP, Shared/Split Screen PvP, Co-op, Shared/Split Screen Co-op, Shared/Split Screen, Steam Achievements, Steam Cloud, Stats, Steam Leaderboards, Remote Play Together, Family Sharing","Casual, Simulation, Strategy, Board Game, Turn-Based Strategy, Card Game, Puzzle, Immersive Sim, 3D Platformer, 3D",True,True,False,3118,2761,197,"200,000 .. 500,000",1000,0,383,60,0,0,20,2022,8,350000.0,False,2.39698576841553,-0.11993952624672723,-0.0899482251362503,-0.14209042723478343,-0.18883166239311283,1.0400098198119392,Casual,2958,0.9334009465855307
367670,Controller Companion,2015-05-04,False,2.99,False,0,Koga Tech Limited,Koga Tech Limited,Utilities,"Full controller support, Steam Workshop","Utilities, Controller, Software",True,False,False,2514,2342,249,"200,000 .. 500,000",535,0,2,119,0,0,0,2015,5,350000.0,False,1.3837912309017721,-0.12418374478811396,-0.230037982232295,-0.14209042723478343,-0.3453586044247277,-0.5615191989877737,Other,2591,0.9038981088382864
568780,Multishop Tycoon Deluxe,2017-03-10,False,6.99,False,0,Maulidan Games,Maulidan Games,"Indie, Simulation, Strategy","Single-player, Steam Achievements, Steam Trading Cards, Steam Cloud, Stats, Steam Leaderboards, Family Sharing","Simulation, Resource Management, Casual, Management, Inventory Management, Strategy, Turn-Based Strategy, Indie, Isometric, Singleplayer",True,False,False,0,23,9,"200,000 .. 500,000",372,0,397,0,0,0,20,2017,3,350000.0,False,2.0781907597781832,-0.14184925043885277,-0.2791447142896182,-0.14209042723478343,-0.18883166239311283,-0.10393947933071283,Indie,32,0.71875
1578390,My Garage,2021-08-10,False,19.99,False,0,Viking Game Studio,Viking Game Studio,"Indie, Racing, Simulation, Early Access","Single-player, Partial Controller Support, Family Sharing","Early Access, Automobile Sim, Simulation, Realistic, Racing, Open World, Sandbox, First-Person, Singleplayer, Motorbike",True,False,False,3700,2867,267,"200,000 .. 500,000",437,0,698,175,0,0,0,2021,8,350000.0,False,3.0440461338325417,-0.11584989844691419,-0.25956227512565494,-0.14209042723478343,-0.3453586044247277,0.8112199599834088,Indie,3134,0.9148053605615827
1214670,Mr. Sun's Hatbox,2023-04-20,False,4.49,False,70,Kenny Sun,Raw Fury,"Action, Indie","Single-player, Multi-player, PvP, Shared/Split Screen PvP, Co-op, Shared/Split Screen Co-op, Shared/Split Screen, Steam Achievements, Full controller support, Captions available, Steam Cloud, Steam Leaderboards, Remote Play Together, Family Sharing","Action, Online Co-Op, Metroidvania, Adventure, Tactical, Shooter, Story Rich, RPG, Exploration, Comedy",True,True,False,401,384,61,"1,000,000 .. 2,000,000",40,0,50,5,0,1,54,2023,4,1500000.0,False,1.7029282555214393,-0.1390314828310778,-0.3791657881732458,-0.09984655995698968,0.07726413906063251,1.2687996796404697,Action,445,0.8629213483146068
202530,Sonic the Hedgehog 4 - Episode I,2012-01-19,False,9.99,False,0,SEGA,SEGA,Unknown,"Single-player, Partial Controller Support, Family Sharing","Platformer, 2D, Action, Adventure, Colorful, Singleplayer, Fast-Paced, 2.5D, Family Friendly, Great Soundtrack",True,False,False,2486,1401,2064,"500,000 .. 1,000,000",90,0,28,7,0,0,12,2012,1,750000.0,False,2.39698576841553,-0.12438049664102592,-0.3641023734317356,-0.14209042723478343,-0.25144243920575876,-1.247888778473365,Unknown,3465,0.4043290043290043
375510,New kind of adventure,2015-06-04,False,1.99,False,0,Mint Age Studios,Back To Basics Gaming,"Adventure, Indie, RPG, Early Access","Single-player, Steam Trading Cards, Family Sharing","Early Access, Indie, Adventure, RPG, Psychological Horror, Horror, Nudity, Singleplayer, Survival Horror, Memes",True,False,False,849,632,881,"500,000 .. 1,000,000",215,0,211,0,0,0,0,2015,6,750000.0,False,1.095273387402595,-0.1358834531844863,-0.32644383657796017,-0.14209042723478343,-0.3453586044247277,-0.5615191989877737,Adventure,1513,0.41771315267680104
252490,Rust,2018-02-08,False,39.99,False,0,Facepunch Studios,Facepunch Studios,"Action, Adventure, Indie, Massively Multiplayer, RPG","Multi-player, MMO, PvP, Online PvP, Co-op, Online Co-op, Cross-Platform Multiplayer, Steam Achievements, Steam Trading Cards, Steam Workshop, In-App Purchases, Adjustable Text Size, Camera Comfort, Color Alternatives, Custom Volume Controls, Adjustable Difficulty, Stereo Sound, Subtitle Options, Surround Sound, Valve Anti-Cheat enabled, Stats, Remote Play on Tablet","Survival, Crafting, Multiplayer, Open World, Open World Survival Craft, Building, PvP, Sandbox, Adventure, First-Person",True,True,False,1126145,1071135,156649,"20,000,000 .. 50,000,000",20315,1157,3043,143870,0,5,102,2018,2,35000000.0,False,3.7133281345162463,7.771404870902136,5.729048889509134,0.06912890915418535,0.45292879993650825,0.12485038049781758,Action,1227784,0.8724132257791273
225320,Tomb Raider III (1998),2012-11-28,False,6.99,False,0,Core Design,Crystal Dynamics,"Action, Adventure","Single-player, Family Sharing","Adventure, Action, Female Protagonist, Classic, Puzzle, Third Person, Action-Adventure, Singleplayer, Third-Person Shooter, Shooter",True,False,False,1304,1253,239,"200,000 .. 500,000",159,0,16,3,13,0,0,2012,11,350000.0,False,2.0781907597781832,-0.13268623557466683,-0.3433148610884516,-0.14209042723478343,-0.3453586044247277,-1.247888778473365,Action,1492,0.8398123324396782
409510,Genesis Online,2015-11-10,False,0.0,True,0,Shumkov Dmitriy,Shumkov Dmitriy,"Action, Free To Play","Multi-player, Co-op","Free to Play, Survival, Multiplayer, Sandbox, Open World, Action, Adventure, First-Person, Co-op, Building",True,False,False,0,610,1281,"200,000 .. 500,000",54,0,37,2,0,0,48,2015,11,350000.0,True,0.0,-0.14184925043885277,-0.374948032045623,-0.14209042723478343,0.030306056451148037,-0.5615191989877737,Action,1891,0.3225806451612903
404680,Hob,2017-09-26,False,19.99,False,0,Runic Games,Arc Games,"Action, Adventure, Indie","Single-player, Steam Achievements, Full controller support, Steam Cloud, Remote Play on TV, Family Sharing","Adventure, Action, Singleplayer, Indie, Puzzle, Platformer, Exploration, Open World, Puzzle-Platformer, Metroidvania",True,False,False,4581,4632,611,"200,000 .. 500,000",533,0,646,9,0,1,37,2017,9,350000.0,False,3.0440461338325417,-0.10965924193207692,-0.2306405188219554,-0.09984655995698968,-0.055783761666240154,-0.10393947933071283,Action,5243,0.8834636658401679
1792250,Serious Sam: Siberian Mayhem,2022-01-25,False,19.99,False,0,"Croteam, Timelock Studio",Devolver Digital,"Action, Adventure","Single-player, Multi-player, Co-op, Online Co-op, Steam Achievements, Full controller support, Steam Trading Cards, Steam Workshop, Steam Cloud, Includes level editor, Family Sharing","Boomer Shooter, Action, Adventure, Shooter, First-Person, 3D, Dark, Atmospheric, Old School, Horror",True,False,False,4456,4121,331,"500,000 .. 1,000,000",557,314,323,29,0,1,51,2022,1,750000.0,False,3.0440461338325417,-0.11053759841829107,-0.22341007974603053,-0.09984655995698968,0.05378509775589027,1.0400098198119392,Action,4452,0.9256513926325247
2840,X: Beyond the Frontier,2010-10-08,False,4.99,False,0,Egosoft,Egosoft,"Simulation, Strategy","Single-player, Steam Cloud, Family Sharing","Simulation, Space, Strategy, Sci-fi, Singleplayer, Space Sim, Trading, Economy, Sandbox, Action",True,False,False,284,272,94,"200,000 .. 500,000",497,141,728,5,0,0,0,2010,10,350000.0,False,1.7900914121273581,-0.13985362450217423,-0.24148617743584275,-0.14209042723478343,-0.3453586044247277,-1.7054684981304258,Simulation,366,0.7431693989071039
343780,Cat Goes Fishing,2015-01-19,False,6.99,False,0,Cat5Games,Unknown,"Casual, Indie, Simulation","Single-player, Steam Achievements, Steam Trading Cards, Steam Cloud, Family Sharing","Fishing, Cats, Casual, Cute, Singleplayer, Relaxing, Indie, 2D, Simulation, Underwater",True,False,False,14705,13316,840,"500,000 .. 1,000,000",470,0,331,117,0,0,86,2015,1,750000.0,False,2.0781907597781832,-0.03851939340062123,-0.24962042139625823,-0.14209042723478343,0.32770724631121634,-0.5615191989877737,Casual,14156,0.9406612037298672
648430,Hand of the Gods,2018-02-20,False,0.0,False,0,Hi-Rez Studios,Hi-Rez Studios,"Free To Play, Strategy","Single-player, Online PvP, Steam Achievements, Steam Trading Cards, In-App Purchases, Family Sharing","Free to Play, Card Game, Strategy, Turn-Based Strategy, Tactical, Turn-Based Tactics, Multiplayer, Trading Card Game, Early Access, Mythology",True,False,False,0,734,543,"200,000 .. 500,000",341,0,80,0,0,0,43,2018,2,350000.0,True,0.0,-0.14184925043885277,-0.2884840314293545,-0.14209042723478343,-0.008825679056755686,0.12485038049781758,Strategy,1277,0.5747846515270164
900270,Reventure,2019-06-04,False,4.99,False,0,Pixelatto,Pixelatto,"Adventure, Indie","Single-player, Steam Achievements, Full controller support, Steam Trading Cards, Steam Cloud, Family Sharing","Adventure, Indie, Pixel Graphics, Multiple Endings, Comedy, 2D, Platformer, Singleplayer, Dark Humor, Exploration",True,False,False,8354,8752,472,"500,000 .. 1,000,000",376,0,291,17,0,1,101,2019,6,750000.0,False,1.7900914121273581,-0.08314692975218929,-0.2779396411102974,-0.09984655995698968,0.4451024528349275,0.353640240326348,Adventure,9224,0.9488291413703382
1118310,RetroArch,2022-05-27,False,0.0,True,0,Libretro,Libretro,Free To Play,"Single-player, Multi-player, PvP, Online PvP, LAN PvP, Shared/Split Screen PvP, Co-op, Online Co-op, LAN Co-op, Shared/Split Screen Co-op, Shared/Split Screen, Full controller support, Steam Cloud, Remote Play on Phone, Remote Play on Tablet, Remote Play on TV, Remote Play Together, HDR available","Free to Play, Retro, Software, Arcade, Singleplayer, Classic, Multiplayer, Local Multiplayer, Simulation, Old School",True,True,True,0,7224,839,"1,000,000 .. 2,000,000",0,0,0,619,0,65,0,2022,5,1500000.0,True,0.0,-0.14184925043885277,-0.39121651996645396,2.6037609458218105,-0.3453586044247277,1.0400098198119392,Other,8063,0.8959444375542602
388880,Oxenfree,2016-01-14,False,9.99,False,0,Night School Studio,Night School Studio,"Adventure, Indie","Single-player, Steam Achievements, Full controller support, Steam Trading Cards, Captions available, Steam Cloud, Remote Play on TV, Family Sharing","Story Rich, Choices Matter, Atmospheric, Supernatural, Female Protagonist, Indie, Mystery, Adventure, Horror, Great Soundtrack",True,True,True,9440,10861,979,"500,000 .. 1,000,000",245,0,253,11,0,1,13,2016,1,750000.0,False,2.39698576841553,-0.07551576859996084,-0.31740578773305406,-0.09984655995698968,-0.24361609210417803,-0.33272933915924324,Adventure,11840,0.9173141891891892
1263370,Seek Girl:Fog Ⅰ,2020-08-28,False,3.99,False,0,DSGame,DSGame,"Action, Adventure, Casual, Indie, RPG, Strategy","Single-player, Steam Cloud, Family Sharing","Sexual Content, Nudity, Mature, NSFW, FPS, Hentai, Indie, Multiple Endings, Strategy, Puzzle",True,False,False,4491,3961,725,"200,000 .. 500,000",148,0,105,3,0,1,100,2020,8,350000.0,False,1.6074359097634274,-0.11029165860215111,-0.3466288123315838,-0.09984655995698968,0.4372761057333468,0.5824301001548784,Action,4686,0.8452838241570636
610370,Desperados III,2020-06-16,False,39.99,False,0,Mimimi Games,THQ Nordic,Strategy,"Single-player, Steam Achievements, Full controller support, Steam Trading Cards, Steam Cloud, Remote Play on TV, Family Sharing","Real Time Tactics, Strategy, Stealth, Western, Tactical, Isometric, Singleplayer, Assassin, Difficult, Third Person",True,True,True,11573,14055,485,"500,000 .. 1,000,000",748,0,316,116,17,5,36,2020,6,750000.0,False,3.7133281345162463,-0.060527493519202745,-0.16586783543346162,0.06912890915418535,-0.0636101087678209,0.5824301001548784,Strategy,14540,0.9666437414030261
1515210,The Past Within,2022-11-02,False,5.99,False,0,Rusty Lake,Rusty Lake,"Adventure, Indie","Multi-player, Co-op, Online Co-op, Cross-Platform Multiplayer, Steam Achievements, Steam Cloud, Family Sharing","Co-op, Puzzle, Online Co-Op, Multiplayer, Escape Room, Horror, Mystery, Point & Click, Adventure, Indie",True,True,False,14188,14362,794,"1,000,000 .. 2,000,000",157,0,146,51,0,1,24,2022,11,1500000.0,False,1.944480556245719,-0.04215227582760291,-0.34391739767811197,-0.09984655995698968,-0.15752627398678984,1.0400098198119392,Adventure,15156,0.9476115069939298
304530,Agents of Mayhem,2017-08-15,False,29.99,False,0,Deep Silver Volition,Deep Silver,Action,"Single-player, Steam Achievements, Full controller support, Steam Trading Cards, Captions available, Steam Cloud, Remote Play on TV, Family Sharing","Action, Open World, Third Person, Singleplayer, Comedy, Funny, Third-Person Shooter, Shooter, Sexual Content, Adventure",True,False,False,3242,2781,1970,"500,000 .. 1,000,000",1321,0,1040,3,0,10,49,2017,8,750000.0,False,3.433664571799657,-0.1190681966124028,0.006758897504245087,0.28034824554315413,0.03813240355272878,-0.10393947933071283,Action,4751,0.5853504525363081
227200,Waking Mars,2012-12-13,False,9.99,False,0,Tiger Style,Tiger Style,"Action, Adventure, Indie","Single-player, Steam Achievements, Full controller support, Steam Cloud, Family Sharing","Sci-fi, Adventure, Indie, Exploration, Platformer, Puzzle, Action, Atmospheric, Singleplayer, Metroidvania",True,True,True,651,1054,133,"200,000 .. 500,000",177,0,56,0,0,1,17,2012,12,350000.0,False,2.39698576841553,-0.1372747698586495,-0.3378920317815079,-0.09984655995698968,-0.21231070369785507,-1.247888778473365,Action,1187,0.8879528222409435
355050,Sky Force Anniversary,2015-04-29,False,9.99,False,0,Infinite Dreams,Infinite Dreams,"Action, Indie","Single-player, Multi-player, Shared/Split Screen, Steam Achievements, Full controller support, Steam Trading Cards, Steam Cloud, Steam Leaderboards, Remote Play on TV, Remote Play Together, Family Sharing","Shoot 'Em Up, Bullet Hell, Action, Arcade, Indie, Top-Down Shooter, Retro, Local Co-Op, Shooter, Score Attack",True,True,True,2058,1923,159,"200,000 .. 500,000",238,0,271,3,0,1,27,2015,4,350000.0,False,2.39698576841553,-0.12738798924982314,-0.3195146657968655,-0.09984655995698968,-0.1340472326820476,-0.5615191989877737,Action,2082,0.9236311239193083
1292940,Cube Escape Collection,2020-10-14,False,4.99,False,0,Rusty Lake,Rusty Lake,Unknown,"Single-player, Steam Achievements, Steam Cloud, Family Sharing","Puzzle, Point & Click, Mystery, Horror, Psychological Horror, Story Rich, Indie, Singleplayer, Escape Room, Detective",True,True,False,7121,6674,122,"200,000 .. 500,000",542,0,502,123,0,0,72,2020,10,350000.0,False,1.7900914121273581,-0.09181103813220558,-0.22792910416848358,-0.14209042723478343,0.2181383868890859,0.5824301001548784,Unknown,6796,0.9820482636845203
681660,Bless Online,2018-10-23,False,0.0,False,0,NEOWIZ BLESS STUDIO,NEOWIZ,"Action, Adventure, Free To Play, Massively Multiplayer, RPG","Single-player, Multi-player, MMO, PvP, Online PvP, Co-op, Online Co-op, Steam Achievements, Steam Trading Cards, In-App Purchases, Family Sharing","MMORPG, Massively Multiplayer, RPG, Adventure, Open World, Free to Play, Action, Sexual Content, PvP, Character Customization",True,False,False,7130,3683,6185,"1,000,000 .. 2,000,000",822,0,113,0,0,0,55,2018,10,1500000.0,True,0.0,-0.09174779646519816,-0.14357398161602655,-0.14209042723478343,0.08509048616221325,0.12485038049781758,Action,9868,0.3732265910012161
1003890,Blacksad: Under the Skin,2019-11-14,False,19.99,False,0,"Pendulo Studios, YS Interactive",Microids,Adventure,"Single-player, Steam Achievements, Full controller support, Family Sharing","Adventure, Detective, Choices Matter, Story Rich, Noir, Crime, Multiple Endings, Singleplayer, Mystery, Comic Book",True,True,False,5188,5031,929,"200,000 .. 500,000",412,0,624,4,17,1,39,2019,11,350000.0,False,3.0440461338325417,-0.10539394283502106,-0.26709398249641003,-0.09984655995698968,-0.040131067463078665,0.353640240326348,Adventure,5960,0.8441275167785235
2192640,The Iron Union,2022-12-21,False,0.99,False,0,Horn of the sea,Horn of the sea,"Action, Adventure, Casual, Indie, Simulation","Single-player, Full controller support, Family Sharing","Adventure, Shooter, Arcade, 3D Platformer, Top-Down Shooter, Twin Stick Shooter, Bullet Hell, 3D Vision, Top-Down, Cartoony",True,False,True,0,4,1,"200,000 .. 500,000",0,0,0,0,0,0,15,2022,12,350000.0,False,0.688134638736401,-0.14184925043885277,-0.39121651996645396,-0.14209042723478343,-0.22796339790101655,1.0400098198119392,Action,5,0.8
373390,Contradiction: Spot The Liar,2015-07-10,False,12.99,False,0,Baggy Cat Ltd.,Baggy Cat Ltd.,"Adventure, Indie, RPG, Strategy","Single-player, Steam Achievements, Steam Cloud, Remote Play Together, Family Sharing","Detective, Crime, FMV, Investigation, Atmospheric, Indie, Interactive Fiction, Mystery, Point & Click, Exploration",True,True,False,2809,2984,147,"200,000 .. 500,000",593,0,710,4,12,0,17,2015,7,350000.0,False,2.63834278867739,-0.12211082348064858,-0.2125644211321432,-0.14209042723478343,-0.21231070369785507,-0.5615191989877737,Adventure,3131,0.9530501437240498
214970,Intrusion 2,2012-09-11,False,9.99,False,0,Aleksei Abramenko,Aleksei Abramenko,"Action, Indie","Single-player, Steam Achievements, Partial Controller Support, Steam Cloud, Remote Play on Phone, Remote Play on Tablet, Family Sharing","Action, Indie, Platformer, 2D, Physics, Shooter, Sci-fi, Singleplayer, Side Scroller, Difficult",True,False,True,1592,1850,221,"200,000 .. 500,000",128,0,45,1,0,0,14,2012,9,350000.0,False,2.39698576841553,-0.13066250223042947,-0.3526541782281879,-0.14209042723478343,-0.23578974500259728,-1.247888778473365,Action,2071,0.8932882665379044
233290,Murdered: Soul Suspect,2014-06-03,False,19.99,False,0,Airtight Games,Square Enix,"Action, Adventure, RPG","Single-player, Steam Achievements, Full controller support, Steam Trading Cards, Camera Comfort, Custom Volume Controls, Stereo Sound, Family Sharing","Detective, Adventure, Mystery, Supernatural, Horror, Atmospheric, Singleplayer, Action, Crime, Story Rich",True,False,False,11836,14278,2373,"1,000,000 .. 2,000,000",299,0,181,11,17,0,48,2014,6,1500000.0,False,3.0440461338325417,-0.058679431472208186,-0.3011372998122231,-0.14209042723478343,0.030306056451148037,-0.7903090588163041,Action,16651,0.8574860368746622
2835570,Buckshot Roulette,2024-04-04,False,2.99,False,0,Mike Klubnika,CRITICAL REFLEX,"Action, Indie, Simulation","Single-player, Multi-player, PvP, Online PvP, Steam Achievements, Steam Trading Cards, Partial Controller Support, Steam Leaderboards, Family Sharing","Multiplayer, Dark, Gambling, Horror, First-Person, Strategy, Singleplayer, Indie, 3D, Psychological",True,False,True,102087,91745,3796,"2,000,000 .. 5,000,000",212,65,136,793,0,0,16,2024,4,3500000.0,False,1.3837912309017721,0.5755009784262911,-0.32734764146245077,-0.14209042723478343,-0.2201370507994358,1.497589539469,Action,95541,0.9602683664604724
1601580,Frostpunk 2,2024-09-20,False,22.49,False,50,11 bit studios,11 bit studios,"Simulation, Strategy","Single-player, Steam Achievements, Full controller support, Steam Trading Cards, Steam Workshop, Adjustable Text Size, Custom Volume Controls, Adjustable Difficulty, Save Anytime, Stereo Sound, Surround Sound, Steam Cloud, Family Sharing","Strategy, City Builder, Survival, Resource Management, Post-apocalyptic, Simulation, Singleplayer, Steampunk, Sequel, Management",True,True,False,19750,16477,5151,"500,000 .. 1,000,000",1106,34,624,525,0,3,71,2024,9,750000.0,False,3.1565747986708215,-0.0030689256170185046,-0.0580137858842487,-0.015358825401402173,0.21031203978750518,1.497589539469,Simulation,21628,0.7618365082300721
34190,Sonic & SEGA All-Stars Racing,2010-03-03,False,9.99,False,0,Sumo Digital,SEGA,Racing,"Single-player, Multi-player, PvP, Shared/Split Screen PvP, Full controller support, Remote Play on Phone, Remote Play on Tablet, Remote Play on TV, Remote Play Together, Family Sharing","Racing, Local Multiplayer, Arcade, Multiplayer, Split Screen, Great Soundtrack, Family Friendly, Action, Controller, Fast-Paced",True,False,False,2535,2738,416,"200,000 .. 500,000",131,0,56,23,0,0,0,2010,3,350000.0,False,2.39698576841553,-0.12403618089842998,-0.3517503733436973,-0.14209042723478343,-0.3453586044247277,-1.7054684981304258,Racing,3154,0.8681039949270767
500810,Arcanum: Of Steamworks and Magick Obscura,2016-08-29,False,5.99,False,0,Troika Games,Activision,RPG,"Single-player, Family Sharing","RPG, Steampunk, Story Rich, Isometric, Classic, Fantasy, CRPG, Open World, Singleplayer, Atmospheric",True,False,False,1750,1609,195,"200,000 .. 500,000",109,0,80,24,0,0,0,2016,8,350000.0,False,1.944480556245719,-0.1295522596318548,-0.3583782758299618,-0.14209042723478343,-0.3453586044247277,-0.33272933915924324,RPG,1804,0.8919068736141907
221640,Super Hexagon,2012-11-27,False,2.99,False,0,Terry Cavanagh,Terry Cavanagh,"Action, Indie","Single-player, Full controller support, Family Sharing","Difficult, Great Soundtrack, Indie, Fast-Paced, Arcade, Addictive, Rhythm, Singleplayer, Minimalist, Action",True,True,True,18248,23905,771,"1,000,000 .. 2,000,000",247,2,95,12,0,0,6,2012,11,1500000.0,False,1.3837912309017721,-0.013623257155367621,-0.31680325114339364,-0.14209042723478343,-0.29840052181524324,-1.247888778473365,Action,24676,0.9687550656508348
289780,Requiem: Desiderium Mortis,2015-03-04,False,0.0,True,0,"Gravity Interactive, Inc.","Gravity Interactive, Inc.","Action, Adventure, Casual, Massively Multiplayer, RPG, Free To Play","Multi-player, MMO, Steam Trading Cards","Free to Play, Massively Multiplayer, RPG, Action, Gore, MMORPG, Horror, Multiplayer, Violent, Hack and Slash",True,False,False,0,610,293,"200,000 .. 500,000",40,0,27,13,17,0,0,2015,3,350000.0,True,0.0,-0.14184925043885277,-0.3791657881732458,-0.14209042723478343,-0.3453586044247277,-0.5615191989877737,Action,903,0.6755260243632336
386360,SMITE®,2015-09-08,False,0.0,True,0,Titan Forge Games,Hi-Rez Studios,"Action, Adventure, Casual, Indie, Massively Multiplayer, RPG, Simulation, Strategy, Free To Play","Multi-player, PvP, Steam Achievements, Full controller support, Steam Trading Cards, In-App Purchases","Free to Play, MOBA, Multiplayer, Action, Third Person, Mythology, Strategy, MMORPG, Team-Based, Nostalgia",True,False,False,1393,94368,25428,"10,000,000 .. 20,000,000",8170,492,280,1853,0,13,319,2015,9,15000000.0,True,0.0,-0.13206084575648236,2.07014544879631,0.4070798473765354,2.15124612097953,-0.5615191989877737,Action,119796,0.7877391565661624
1509510,Settlement Survival,2022-10-24,False,7.3,False,66,Gleamer Studio,"Team17, Gleamer Studio","Simulation, Strategy","Single-player, Steam Achievements, Steam Workshop, Steam Cloud, Family Sharing","City Builder, Building, Colony Sim, Survival, Management, Simulation, Sandbox, Exploration, Strategy, Resource Management",True,True,False,7536,6309,971,"200,000 .. 500,000",1040,0,306,111,0,2,51,2022,10,350000.0,False,2.1162555148025524,-0.08889489459797463,-0.07789749334304215,-0.05760269267919593,0.05378509775589027,1.0400098198119392,Simulation,7280,0.8666208791208792
230410,Warframe,2013-03-25,False,0.0,True,0,Digital Extremes,Digital Extremes,"Action, RPG, Free To Play","Single-player, Multi-player, Co-op, Online Co-op, Cross-Platform Multiplayer, Steam Achievements, Full controller support, Steam Trading Cards, Steam Workshop, In-App Purchases, Camera Comfort, Color Alternatives, Custom Volume Controls, Playable without Timed Input, Stereo Sound, Surround Sound, Remote Play on Phone, Remote Play on Tablet, Remote Play on TV, HDR available","Free to Play, Action RPG, Looter Shooter, Third-Person Shooter, Action, RPG, Third Person, Character Customization, Massively Multiplayer, Online Co-Op",True,False,False,2881,545393,81110,"20,000,000 .. 50,000,000",14399,1056,550,36195,17,17,193,2013,3,35000000.0,True,0.0,-0.12160489014458924,3.946745657293649,0.5760553164877105,1.165126386180356,-1.0190989186448345,Action,626503,0.8705353366224903
312520,Rain World,2017-03-28,False,11.24,False,55,Videocult,Akupara Games,"Action, Adventure, Indie","Single-player, Multi-player, PvP, Shared/Split Screen PvP, Steam Achievements, Full controller support, Steam Trading Cards, Steam Workshop, Custom Volume Controls, Adjustable Difficulty, Keyboard Only Option, Stereo Sound, Steam Cloud, Remote Play on TV, Remote Play Together, Family Sharing","Difficult, Atmospheric, Survival, Exploration, Indie, Pixel Graphics, Platformer, 2D, Post-apocalyptic, Open World",True,False,False,41299,39787,2490,"1,000,000 .. 2,000,000",1810,2,237,836,0,5,47,2017,3,1500000.0,False,2.50470927708418,0.14835270575440967,0.1540790936762147,0.06912890915418535,0.022479709349567292,-0.10393947933071283,Action,42277,0.9411027272512241
1230410,Chaos,2020-04-28,False,0.0,True,0,Frinky,Frinky,"Action, Casual, Free To Play, Indie","Multi-player, PvP, Online PvP, Partial Controller Support, Steam Cloud","Action, Indie, Free to Play, FPS, Multiplayer, Casual, Shooter, Parkour, Fast-Paced, Destruction",True,False,False,0,3403,449,"200,000 .. 500,000",0,0,0,0,0,0,5,2020,4,350000.0,True,0.0,-0.14184925043885277,-0.39121651996645396,-0.14209042723478343,-0.306226868916824,0.5824301001548784,Action,3852,0.8834371754932503
209670,Cortex Command,2012-09-28,False,19.99,False,0,Data Realms,"Data Realms, LLC","Action, Indie, Strategy","Single-player, Multi-player, Shared/Split Screen, Steam Achievements, Full controller support, Steam Trading Cards, Steam Workshop, Steam Cloud, Includes level editor, Remote Play Together, Family Sharing","Strategy, Indie, Action, 2D, Physics, Sandbox, Pixel Graphics, Moddable, Local Co-Op, Sci-fi",True,True,False,1999,4293,1692,"1,000,000 .. 2,000,000",227,0,212,4,0,0,11,2012,9,1500000.0,False,3.0440461338325417,-0.12780257351131621,-0.3228286170399977,-0.14209042723478343,-0.2592687863073395,-1.247888778473365,Action,5985,0.7172932330827068
562360,"Planes, Bullets and Vodka",2016-12-13,False,0.49,False,90,NukGames,NukGames,"Action, Casual, Indie","Single-player, Steam Achievements, Full controller support, Steam Trading Cards, Steam Cloud, Steam Leaderboards, Family Sharing","Casual, Action, Shoot 'Em Up, Retro, Bullet Hell, Arcade, Shooter, 2D, Singleplayer, Pixel Graphics",True,False,False,2548,1698,296,"200,000 .. 500,000",353,0,334,49,0,1,9,2016,12,350000.0,False,0.3987761199573678,-0.1239448318238637,-0.28486881189139207,-0.09984655995698968,-0.274921480510501,-0.33272933915924324,Action,1994,0.8515546639919759
960170,DJMAX RESPECT V,2020-03-11,False,49.99,False,0,NEOWIZ,NEOWIZ,"Action, Casual, Sports","Single-player, Multi-player, PvP, Online PvP, Steam Achievements, Steam Trading Cards, In-App Purchases, Partial Controller Support, Remote Play on Phone, Remote Play on Tablet, Family Sharing","Rhythm, Music, Casual, Action, Anime, Multiplayer, Singleplayer, 2D, Competitive, Arcade",True,False,False,29210,26014,3112,"1,000,000 .. 2,000,000",2268,41,794,854,0,60,274,2020,3,1500000.0,False,3.9316295350670645,0.06340509325966767,0.29205997270844797,2.392541609432842,1.7990605014083965,0.5824301001548784,Action,29126,0.8931538831284763
702320,March of Empires,2017-12-11,False,0.0,True,0,Gameloft,Gameloft,"Massively Multiplayer, RPG, Strategy, Free To Play","Multi-player, PvP, Online PvP, Steam Achievements, In-App Purchases","Free to Play, Medieval, Wargame, Strategy, War, Massively Multiplayer, Base-Building, PvP, Action RTS, 4X",True,False,False,0,1082,600,"200,000 .. 500,000",2033,0,3043,846,0,0,87,2017,12,350000.0,True,0.0,-0.14184925043885277,0.2212619234233501,-0.14209042723478343,0.3355335934127971,-0.10393947933071283,Massively Multiplayer,1682,0.643281807372176
1030840,Mafia: Definitive Edition,2020-09-24,False,5.99,False,85,Hangar 13,2K,"Action, Adventure","Single-player, Steam Achievements, Full controller support, Steam Trading Cards, Steam Cloud, Remote Play on Tablet, Family Sharing","Open World, Crime, Story Rich, Action, Singleplayer, Adventure, Sexual Content, Multiplayer, Third-Person Shooter, Remake",True,False,False,84693,79686,12107,"1,000,000 .. 2,000,000",588,89,576,686,17,1,43,2020,9,1500000.0,False,1.944480556245719,0.4532759166566211,-0.2140707626062942,-0.09984655995698968,-0.008825679056755686,0.5824301001548784,Action,91793,0.8681054110879914
482730,Football Manager 2017,2016-11-03,False,0.0,False,0,Sports Interactive,SEGA,"Simulation, Sports","Single-player, Multi-player, Steam Achievements, Steam Trading Cards, Steam Workshop, Steam Cloud, Steam Leaderboards, Remote Play on Tablet, Family Sharing","Sports, Football (Soccer), Simulation, Management, Football (American), Strategy, Tactical, Multiplayer, Singleplayer, Casual",True,True,True,7785,6576,4465,"2,000,000 .. 5,000,000",27310,0,14325,388,0,0,86,2016,11,3500000.0,True,0.0,-0.08714520847743606,7.836420611846408,-0.14209042723478343,0.32770724631121634,-0.33272933915924324,Simulation,11041,0.5955982247984783
1199030,Tainted Grail: Conquest,2021-05-27,False,19.99,False,0,Questline,Awaken Realms,"Action, Indie, RPG","Single-player, Steam Achievements, Full controller support, Steam Trading Cards, Steam Cloud, Steam Leaderboards, Family Sharing","Deckbuilding, Card Game, Dark Fantasy, Rogue-like, Story Rich, Turn-Based, RPG, Choices Matter, Singleplayer, Base-Building",True,False,True,7392,6875,726,"200,000 .. 500,000",1080,0,654,199,0,1,40,2021,5,350000.0,False,3.0440461338325417,-0.08990676127009332,-0.065846761549834,-0.09984655995698968,-0.032304720361497924,0.8112199599834088,Action,7601,0.9044862518089725
525300,Starship Annihilator,2016-09-02,False,0.49,False,51,IR Studio,IR Studio,"Action, Indie","Single-player, Steam Achievements, Steam Trading Cards, Partial Controller Support, Family Sharing","Indie, Action, Shoot 'Em Up",True,False,False,165,205,112,"200,000 .. 500,000",282,0,307,0,0,0,13,2016,9,350000.0,False,0.3987761199573678,-0.1406898198770501,-0.3062588608243365,-0.14209042723478343,-0.24361609210417803,-0.33272933915924324,Action,317,0.6466876971608833
41070,Serious Sam 3: BFE,2011-11-22,False,29.99,False,0,Croteam,Devolver Digital,"Action, Indie","Single-player, Multi-player, PvP, Online PvP, Shared/Split Screen PvP, Co-op, Online Co-op, Shared/Split Screen Co-op, Shared/Split Screen, Cross-Platform Multiplayer, Steam Achievements, Full controller support, Steam Trading Cards, Steam Workshop, Steam Cloud, Steam Leaderboards, Includes level editor, Remote Play on TV, Remote Play Together, Family Sharing","FPS, Action, Co-op, Gore, Comedy, Online Co-Op, Multiplayer, Aliens, Shooter, First-Person",True,True,True,21530,24491,3224,"2,000,000 .. 5,000,000",470,0,221,105,0,2,62,2011,11,3500000.0,False,3.433664571799657,0.00943887074667086,-0.24962042139625823,-0.05760269267919593,0.13987491587327847,-1.4766786383018953,Action,27715,0.8836731012087318
623550,Timen runner,2017-05-26,False,4.99,False,0,REX PEX GAMES,REX PEX GAMES,"Casual, Indie","Single-player, Steam Achievements, Steam Trading Cards, Steam Leaderboards, Family Sharing","Indie, Casual, Platformer, 2D, Pixel Graphics, Great Soundtrack, Side Scroller, Difficult, Runner",True,False,False,114,98,64,"200,000 .. 500,000",347,0,331,5,0,0,13,2017,5,350000.0,False,1.7900914121273581,-0.14104818932342547,-0.28667642166037327,-0.14209042723478343,-0.24361609210417803,-0.10393947933071283,Casual,162,0.6049382716049383
11140,Sherlock Holmes: The Awakened (2008),2009-08-06,False,0.99,False,90,Frogwares,Frogwares,Adventure,"Single-player, Family Sharing","Adventure, Lovecraftian, Detective, Point & Click, Mystery, Puzzle, First-Person, Investigation, Horror, Third Person",True,False,False,747,588,209,"200,000 .. 500,000",111,0,42,2,0,0,0,2009,8,350000.0,False,0.688134638736401,-0.13660019207723706,-0.35777573924030137,-0.14209042723478343,-0.3453586044247277,-1.934258357958956,Adventure,797,0.7377666248431619
1367160,Wetlands,2021-02-05,False,6.99,False,0,New World Computing,Ziggurat,Action,"Single-player, Family Sharing","On-Rails Shooter, FMV, Hand-drawn, Cinematic, Shoot 'Em Up, Dystopian , Noir, Sci-fi, Action, Cyberpunk",True,True,False,0,2,3,"200,000 .. 500,000",0,0,0,0,0,0,0,2021,2,350000.0,False,2.0781907597781832,-0.14184925043885277,-0.39121651996645396,-0.14209042723478343,-0.3453586044247277,0.8112199599834088,Action,5,0.4
383080,Sakura Clicker,2015-07-29,False,0.0,True,0,Winged Cloud,Winged Cloud,"Casual, Free To Play, Indie","Single-player, Steam Trading Cards, Steam Cloud","Nudity, Free to Play, Anime, Sexual Content, Mature, Clicker, Female Protagonist, Singleplayer, Hentai, Casual",True,False,False,230,12127,2429,"1,000,000 .. 2,000,000",22166,0,62,58,0,21,0,2015,7,1500000.0,True,0.0,-0.14023307450421874,6.28669650323984,0.7450307855988855,-0.3453586044247277,-0.5615191989877737,Casual,14556,0.8331272327562517
272230,Sub Rosa,2021-03-25,False,19.99,False,0,Cryptic Sea,Devolver Digital,"Action, Indie, Massively Multiplayer, Early Access","Multi-player, PvP, Online PvP, Co-op, Online Co-op, Cross-Platform Multiplayer, Family Sharing","Multiplayer, FPS, Action, Shooter, Early Access, Indie, Open World, Crime, First-Person, Simulation",True,False,True,2847,2347,996,"200,000 .. 500,000",360,0,257,8,0,0,0,2021,3,350000.0,False,3.0440461338325417,-0.12184380310883948,-0.28275993382758063,-0.14209042723478343,-0.3453586044247277,0.8112199599834088,Action,3343,0.7020640143583607
1276760,DRAGON BALL: THE BREAKERS,2022-10-13,False,4.99,False,75,Dimps Corporation,Bandai Namco Entertainment,"Action, Adventure, Casual","Multi-player, PvP, Online PvP, Co-op, Online Co-op, Steam Achievements, Steam Trading Cards, In-App Purchases, Partial Controller Support, Family Sharing","Multiplayer, Anime, Survival, PvP, Online Co-Op, Villain Protagonist, Funny, Team-Based, Action, Third Person",True,False,False,4895,3058,3083,"200,000 .. 500,000",1937,0,855,60,0,0,42,2022,10,350000.0,False,1.7900914121273581,-0.107452810438707,0.19234016711965055,-0.14209042723478343,-0.01665202615833643,1.0400098198119392,Action,6141,0.4979645008956196
2622000,Astral Party ,2024-02-28,False,0.0,True,0,STAR ENGINE PROJECT,Neverland Entertainment,"Casual, Indie, RPG, Strategy","Multi-player, PvP, Online PvP, Co-op, Online Co-op, In-App Purchases","Sexual Content, Hentai, Anime, Board Game, Free to Play, Multiplayer, PvP, Cute, Party Game, Turn-Based",True,False,False,0,9547,7422,"1,000,000 .. 2,000,000",1012,167,160,3227,0,0,0,2024,2,1500000.0,True,0.0,-0.14184925043885277,-0.08633300559828785,-0.14209042723478343,-0.3453586044247277,1.497589539469,Casual,16969,0.5626141787966291
573100,Battlefleet Gothic: Armada 2,2019-01-24,False,3.99,False,80,Tindalos Interactive,Focus Entertainment,Strategy,"Single-player, Multi-player, PvP, Online PvP, Co-op, Online Co-op, Cross-Platform Multiplayer, Steam Achievements, Steam Trading Cards, Steam Cloud, Family Sharing","Space, Strategy, Warhammer 40K, RTS, Real Time Tactics, Sci-fi, Singleplayer, Games Workshop, Multiplayer, Co-op",True,False,False,9477,7566,2514,"500,000 .. 1,000,000",596,239,205,251,0,2,90,2019,1,750000.0,False,1.6074359097634274,-0.07525577508004146,-0.2116606162476526,-0.05760269267919593,0.3590126347175393,0.353640240326348,Strategy,10080,0.7505952380952381
360940,The Mean Greens - Plastic Warfare,2015-12-08,False,9.99,False,0,"Virtual Basement LLC, Code Headquarters LLC",Virtual Basement LLC,"Action, Indie","Multi-player, PvP, Online PvP, Steam Achievements, Full controller support, Steam Trading Cards, Valve Anti-Cheat enabled, Family Sharing","Action, Multiplayer, Third-Person Shooter, Shooter, Funny, Indie, Great Soundtrack, Colorful, Co-op, Fast-Paced",True,False,False,8285,8332,1879,"500,000 .. 1,000,000",147,0,73,4,0,2,24,2015,12,750000.0,False,2.39698576841553,-0.0836317825325795,-0.346930080626414,-0.05760269267919593,-0.15752627398678984,-0.5615191989877737,Action,10211,0.8159827636862207
1179680,Wurm Online,2020-07-24,False,0.0,True,0,Code Club AB,Code Club AB,"Adventure, Free To Play, Indie, Massively Multiplayer, RPG","Multi-player, MMO, PvP, Online PvP, Co-op, Online Co-op, Cross-Platform Multiplayer, In-App Purchases","Free to Play, Sandbox, RPG, Massively Multiplayer, Adventure, Indie, MMORPG, Open World Survival Craft, Building, PvE",True,True,True,0,1444,884,"500,000 .. 1,000,000",110,0,97,151,0,0,80,2020,7,750000.0,True,0.0,-0.14184925043885277,-0.35807700753513155,-0.14209042723478343,0.28074916370173186,0.5824301001548784,Adventure,2328,0.6202749140893471
349460,Lord of the Dark Castle,2015-08-13,False,0.99,False,0,Craze Creative Studios,Conglomerate 5,"Action, Adventure, Casual, Indie, RPG, Strategy","Single-player, Steam Achievements, Steam Trading Cards, Family Sharing","RPG, Turn-Based, Action, Dungeon Crawler, Strategy, Casual, Adventure, Indie, Rogue-like, Point & Click",True,True,True,109,120,42,"200,000 .. 500,000",304,0,333,1,0,0,25,2015,8,350000.0,False,0.688134638736401,-0.14108332358287404,-0.2996309583380721,-0.14209042723478343,-0.14969992688520908,-0.5615191989877737,Action,162,0.7407407407407407
1942660,WWE 2K23,2023-03-16,False,0.0,False,0,Visual Concepts,2K,"Simulation, Sports","Single-player, Multi-player, PvP, Online PvP, Shared/Split Screen PvP, Co-op, Online Co-op, Shared/Split Screen Co-op, Shared/Split Screen, Steam Achievements, In-App Purchases, Partial Controller Support, Steam Cloud, Remote Play Together, Family Sharing","Sports, Simulation, Wrestling, Multiplayer, PvP, Co-op, Controller, Singleplayer, Local Multiplayer, Local Co-Op",True,False,False,4784,5879,1644,"200,000 .. 500,000",3806,0,1500,72,13,0,63,2023,3,350000.0,True,0.0,-0.10823279099846515,0.7554106101573012,-0.14209042723478343,0.14770126297485922,1.2687996796404697,Simulation,7523,0.7814701581815765
298630,The Escapists,2015-02-13,False,17.99,False,0,Mouldy Toof Studios,Team17,"Action, Adventure, Indie, Simulation, Strategy","Single-player, Steam Achievements, Steam Trading Cards, Steam Workshop, Steam Cloud, Steam Leaderboards, Family Sharing","Pixel Graphics, Strategy, Crafting, Singleplayer, 2D, Simulation, Indie, Action, Survival, Difficult",True,True,True,14256,14481,1569,"500,000 .. 1,000,000",812,0,314,45,0,5,37,2015,2,750000.0,False,2.9439125248241944,-0.04167444989910242,-0.1465866645643286,0.06912890915418535,-0.055783761666240154,-0.5615191989877737,Action,16050,0.9022429906542057
1122750,异化之恶〇Abnormal Treatment,2019-08-02,False,0.0,True,0,Eternal Dream,"Eternal Dream, 迷糊的安安","Adventure, Indie, RPG, Free To Play","Single-player, Steam Achievements","RPGMaker, RPG, Cute, Adventure, Anime, Psychological Horror, Story Rich, Pixel Graphics, Female Protagonist, Puzzle",True,False,False,0,3414,88,"500,000 .. 1,000,000",0,0,0,4,0,1,14,2019,8,750000.0,True,0.0,-0.14184925043885277,-0.39121651996645396,-0.09984655995698968,-0.23578974500259728,0.353640240326348,Adventure,3502,0.9748715019988577
211820,Starbound,2016-07-22,False,7.49,False,50,Chucklefish,Chucklefish,"Action, Adventure, Casual, Indie, RPG","Single-player, Multi-player, PvP, Online PvP, Co-op, Online Co-op, Cross-Platform Multiplayer, Steam Achievements, Steam Trading Cards, Steam Workshop, Family Sharing","Open World Survival Craft, Sandbox, Survival, Space, Adventure, Crafting, Pixel Graphics, Online Co-Op, Multiplayer, Open World",True,True,True,120556,152150,12756,"2,000,000 .. 5,000,000",4179,171,1031,894,0,1,51,2016,7,3500000.0,False,2.138889000323256,0.7052799059774029,0.8677836841289671,-0.09984655995698968,0.05378509775589027,-0.33272933915924324,Action,164906,0.9226468412307618
485980,Syrian Warfare,2017-02-21,False,13.99,False,0,Cats Who Play,Cats Who Play,"Indie, Strategy","Single-player, Steam Achievements, Steam Trading Cards, Family Sharing","Real Time Tactics, RTS, Realistic, Military, Wargame, Atmospheric, Modern, Historical, Strategy, Tactical",True,False,False,5108,4543,689,"200,000 .. 500,000",576,0,93,28,0,3,51,2017,2,350000.0,False,2.7073833121145063,-0.10595609098619811,-0.21768598214425666,-0.015358825401402173,0.05378509775589027,-0.10393947933071283,Indie,5232,0.8683103975535168
423880,Carpe Diem,2015-11-30,False,0.0,True,0,Moonlit Works,Moonlit Works,"Casual, Indie, Free To Play","Single-player, Steam Achievements, Steam Cloud","Free to Play, Anime, Visual Novel, Short, Singleplayer, Indie, Cute, Dating Sim, Casual, Sexual Content",True,True,True,121,7614,928,"200,000 .. 500,000",17,0,15,1,0,1,2,2015,11,350000.0,True,0.0,-0.14099900136019747,-0.3860949589543405,-0.09984655995698968,-0.32970591022156626,-0.5615191989877737,Casual,8542,0.8913603371575743
12220,Grand Theft Auto: Episodes from Liberty City,2010-04-12,False,0.0,False,0,Rockstar North / Toronto,Rockstar Games,Action,"Single-player, Multi-player","Open World, Action, Automobile Sim, Third Person, Multiplayer, Crime, Adventure, Shooter, Sandbox, Singleplayer",True,False,False,7238,7524,2647,"2,000,000 .. 5,000,000",0,0,0,0,17,0,0,2010,4,3500000.0,True,0.0,-0.09098889646110915,-0.39121651996645396,-0.14209042723478343,-0.3453586044247277,-1.7054684981304258,Action,10171,0.7397502703765608
72200,Universe Sandbox Legacy,2011-04-29,False,0.0,False,0,Giant Army,Giant Army,"Casual, Indie, Simulation","Single-player, Steam Achievements, Steam Trading Cards, Stats, Family Sharing","Simulation, Sandbox, Space, Physics, Science, Education, Indie, Casual, Singleplayer, God Game",True,False,False,2267,2372,579,"500,000 .. 1,000,000",249,0,37,14,0,0,16,2011,4,750000.0,True,0.0,-0.1259193772048731,-0.3162007145537333,-0.14209042723478343,-0.2201370507994358,-1.4766786383018953,Casual,2951,0.8037953236191122
38700,Toki Tori,2010-01-28,False,4.99,False,0,Two Tribes,Two Tribes Publishing,"Casual, Indie","Single-player, Steam Achievements, Full controller support, Steam Cloud, Includes level editor, Family Sharing","Puzzle, Indie, Casual, Platformer, Cute, Singleplayer, Difficult, 2D, Family Friendly, Puzzle-Platformer",True,True,True,1620,1855,256,"200,000 .. 500,000",79,0,27,3,0,0,38,2010,1,350000.0,False,1.7900914121273581,-0.13046575037751748,-0.3674163246748679,-0.14209042723478343,-0.04795741456465941,-1.7054684981304258,Casual,2111,0.8787304594978683
586140,BlazBlue Centralfiction,2017-04-25,False,39.99,False,0,Arc System Works,"H2 Interactive Co., Ltd.",Action,"Single-player, Multi-player, PvP, Online PvP, Shared/Split Screen PvP, Shared/Split Screen, Steam Achievements, Full controller support, Steam Trading Cards, Steam Cloud, Remote Play Together, Family Sharing","Fighting, Anime, 2D Fighter, Action, Great Soundtrack, Story Rich, Visual Novel, Multiplayer, Sexual Content, Local Multiplayer",True,False,False,9137,10363,664,"500,000 .. 1,000,000",3927,881,379,221,0,1,48,2017,4,750000.0,False,3.7133281345162463,-0.07764490472254391,0.7918640738317558,-0.09984655995698968,0.030306056451148037,-0.10393947933071283,Action,11027,0.9397841661376621
327220,Anna's Quest,2015-07-02,False,19.99,False,0,Daedalic Entertainment,Daedalic Entertainment,"Adventure, Indie","Single-player, Steam Achievements, Full controller support, Steam Trading Cards, Steam Cloud, Remote Play on Phone, Remote Play on Tablet, Family Sharing","Adventure, Point & Click, Indie, Female Protagonist, Fantasy, Dark Humor, Singleplayer, Puzzle, Dark, Atmospheric",True,True,True,1787,2054,277,"200,000 .. 500,000",298,0,264,10,0,0,39,2015,7,350000.0,False,3.0440461338325417,-0.1292922661119354,-0.3014385681070533,-0.14209042723478343,-0.040131067463078665,-0.5615191989877737,Adventure,2331,0.8811668811668811
527770,Russian SuperHero Dead Ivan,2016-10-19,False,0.99,False,0,Anatoliy Loginovskikh,Sometimes You,"Casual, Indie","Single-player, Steam Achievements, Full controller support, Steam Trading Cards, Family Sharing","Indie, Casual",True,False,False,0,131,136,"200,000 .. 500,000",248,0,219,0,0,0,17,2016,10,350000.0,False,0.688134638736401,-0.14184925043885277,-0.31650198284856346,-0.14209042723478343,-0.21231070369785507,-0.33272933915924324,Casual,267,0.49063670411985016
582500,We Were Here,2017-02-03,False,0.0,True,0,Total Mayhem Games,Total Mayhem Games,"Action, Adventure, Indie, Free To Play","Multi-player, Co-op, Online Co-op, Cross-Platform Multiplayer, Steam Achievements, Custom Volume Controls, Subtitle Options, Partial Controller Support, Steam Cloud","Free to Play, Co-op, Escape Room, Puzzle, Horror, Multiplayer, Co-op Campaign, Mystery, Adventure, Psychological Horror",True,True,False,1724,27014,2983,"1,000,000 .. 2,000,000",135,0,107,142,0,1,26,2017,2,1500000.0,True,0.0,-0.12973495778098731,-0.35054530016437646,-0.09984655995698968,-0.14187357978362836,-0.10393947933071283,Action,29997,0.9005567223389006
12770,Rise of the Argonauts,2009-01-07,False,0.0,False,0,Liquid Entertainment,"Codemasters, Electronic Arts",RPG,"Single-player, Full controller support, Remote Play on TV, Family Sharing","RPG, Action, Mythology, Adventure, Third Person, Hack and Slash, Fantasy, Singleplayer, Story Rich, Action RPG",True,False,False,391,573,220,"200,000 .. 500,000",276,0,59,1,17,0,0,2009,1,350000.0,True,0.0,-0.13910175134997493,-0.30806647059331776,-0.14209042723478343,-0.3453586044247277,-1.934258357958956,RPG,793,0.7225725094577553
654880,Dream Daddy: A Dad Dating Simulator,2017-07-20,False,14.99,False,0,Game Grumps,Game Grumps,"Casual, Indie, Simulation","Single-player, Captions available, Partial Controller Support, Family Sharing","LGBTQ+, Dating Sim, Sexual Content, Romance, Visual Novel, Simulation, Character Customization, Indie, Memes, Casual",True,True,True,5382,5578,509,"1,000,000 .. 2,000,000",545,1,391,21,0,1,19,2017,7,1500000.0,False,2.771963526845863,-0.1040307335684167,-0.22702529928399295,-0.09984655995698968,-0.19665800949469356,-0.10393947933071283,Casual,6087,0.9163791687202234
1845910,Dragon Age™: The Veilguard,2024-10-31,False,59.99,False,0,BioWare,Electronic Arts,"Action, Adventure, RPG, Strategy","Single-player, Steam Achievements, Full controller support, Steam Trading Cards, Color Alternatives, Custom Volume Controls, Adjustable Difficulty, Save Anytime, Stereo Sound, Subtitle Options, Surround Sound, Steam Cloud, Remote Play on TV, HDR available, Family Sharing","LGBTQ+, Fantasy, Singleplayer, RPG, Politics, Action RPG, Strategy, CRPG, Turn-Based Tactics, Character Customization",True,False,False,40427,28118,12361,"2,000,000 .. 5,000,000",2344,0,1687,804,17,2,52,2024,10,3500000.0,False,4.110709916308365,0.14222529090657982,0.3149563631155434,-0.05760269267919593,0.06161144485747102,1.497589539469,Action,40479,0.6946317843820252
237630,DuckTales: Remastered,2013-08-13,False,14.99,False,0,WayForward,Capcom,"Action, Adventure, Casual","Single-player, Steam Achievements, Full controller support, Steam Trading Cards, Steam Cloud, Steam Leaderboards, Remote Play on Phone, Remote Play on Tablet, Remote Play on TV, Family Sharing","Platformer, Adventure, Remake, Action, Retro, Casual, Classic, Great Soundtrack, Singleplayer, Cartoon",True,False,False,6456,6472,909,"200,000 .. 500,000",255,0,149,21,0,0,20,2013,8,350000.0,False,2.771963526845863,-0.09648389463886481,-0.314393104784752,-0.14209042723478343,-0.18883166239311283,-1.0190989186448345,Action,7381,0.876845955832543
212010,Galaxy on Fire 2™ Full HD,2012-08-21,False,7.99,False,0,Fishlabs Entertainment GmbH,bitComposer Games,"Action, Indie, Simulation, Strategy","Single-player, Steam Achievements, Partial Controller Support, Family Sharing","Space, Third-Person Shooter, Exploration, 3D Fighter, Space Sim, Shooter, Arcade, Action-Adventure, 3D, 3D Vision",True,False,False,1444,1637,513,"200,000 .. 500,000",102,0,42,10,0,0,92,2012,8,350000.0,False,2.196112848483529,-0.131702476310107,-0.36048715389377317,-0.14209042723478343,0.3746653289207008,-1.247888778473365,Action,2150,0.7613953488372093
287371,CoH 2 - The Western Front Armies: Oberkommando West,2014-06-23,False,3.24,False,75,"Relic Entertainment, Feral Interactive (Mac), Feral Interactive (Linux)","Relic Entertainment, Feral Interactive (Mac), Feral Interactive (Linux)",Strategy,"Multi-player, Steam Achievements, Steam Workshop, Steam Cloud, Stats, Includes level editor, Family Sharing","Strategy, World War II, Multiplayer, Singleplayer, RTS",True,True,True,196,316,83,"200,000 .. 500,000",0,0,0,0,17,0,0,2014,6,350000.0,False,1.4445632692438664,-0.14047198746846898,-0.39121651996645396,-0.14209042723478343,-0.3453586044247277,-0.7903090588163041,Strategy,399,0.7919799498746867
107200,Space Pirates and Zombies,2011-08-15,False,9.99,False,0,MinMax Games Ltd.,MinMax Games Ltd.,"Action, Indie, RPG, Strategy","Single-player, Steam Achievements, Steam Trading Cards, Steam Cloud, Stats, Family Sharing","Space, Action, Indie, Sci-fi, Top-Down, Strategy, RPG, Zombies, Singleplayer, Procedural Generation",True,True,True,2213,2819,283,"500,000 .. 1,000,000",930,0,211,10,0,0,48,2011,8,750000.0,False,2.39698576841553,-0.1262988272069176,-0.11103700577436455,-0.14209042723478343,0.030306056451148037,-1.4766786383018953,Action,3102,0.908768536428111
270210,Melody's Escape,2016-05-20,False,9.99,False,0,Icetesy,Icetesy,Indie,"Single-player, Steam Achievements, Full controller support, Steam Trading Cards, Steam Workshop, Family Sharing","Music-Based Procedural Generation, Rhythm, Character Customization, Colorful, Female Protagonist, Moddable, Stylized, Runner, Side Scroller, 2D",True,True,True,4335,4481,339,"200,000 .. 500,000",369,0,276,1,0,0,8,2016,5,350000.0,False,2.39698576841553,-0.11138784749694636,-0.28004851917410883,-0.14209042723478343,-0.2827478276120818,-0.33272933915924324,Indie,4820,0.9296680497925311
316010,Magic Duels,2015-07-29,False,0.0,False,0,Stainless Games Ltd.,Wizards of the Coast LLC,"Free To Play, Strategy","Single-player, Multi-player, Co-op, Shared/Split Screen, Steam Achievements, Full controller support, In-App Purchases, Steam Cloud, Remote Play Together, Family Sharing","Free to Play, Card Game, Trading Card Game, Magic, Strategy, Multiplayer, Fantasy, Singleplayer, Co-op, Turn-Based",True,False,False,1385,16916,6928,"2,000,000 .. 5,000,000",12929,0,117,37,0,0,49,2015,7,3500000.0,True,0.0,-0.13211706057160008,3.5038812638932497,-0.14209042723478343,0.03813240355272878,-0.5615191989877737,Strategy,23844,0.7094447240395907
234390,Teleglitch: Die More Edition,2013-07-24,False,12.99,False,0,Test3 Projects,Paradox Interactive,"Action, Indie","Single-player, Steam Achievements, Full controller support, Steam Trading Cards, Steam Cloud, Family Sharing","Action Roguelike, Rogue-like, Indie, Top-Down Shooter, Difficult, Action, Perma Death, Singleplayer, Sci-fi, Rogue-lite",True,True,True,997,2434,435,"500,000 .. 1,000,000",184,0,97,2,0,1,39,2013,7,750000.0,False,2.63834278867739,-0.13484347910480876,-0.3357831537176965,-0.09984655995698968,-0.040131067463078665,-1.0190989186448345,Action,2869,0.8483792262112234
255520,Viscera Cleanup Detail: Shadow Warrior,2013-10-11,False,0.0,False,0,RuneStorm,Devolver Digital,"Indie, Simulation","Single-player, Multi-player, Co-op, Shared/Split Screen, Steam Achievements, Full controller support, Steam Cloud, Remote Play Together, Family Sharing","Simulation, Gore, First-Person, Indie, Blood, Action, Comedy, Funny, Multiplayer, Singleplayer",True,False,False,2402,3572,862,"500,000 .. 1,000,000",65,0,42,3,0,0,2,2013,10,750000.0,True,0.0,-0.12497075219976182,-0.3716340808024907,-0.14209042723478343,-0.32970591022156626,-1.0190989186448345,Indie,4434,0.8055931438881371
1104640,New Frontier,2019-12-27,False,0.0,False,0,Free Reign Entertainment,Free Reign Entertainment,"Free To Play, Indie, Massively Multiplayer, RPG","Multi-player, MMO, PvP, Online PvP, Co-op, Online Co-op, Steam Achievements, In-App Purchases, Family Sharing","Free to Play, Survival, Multiplayer, Open World, Western, Massively Multiplayer, RPG, Base-Building, Indie, Violent",True,False,False,0,1834,1883,"500,000 .. 1,000,000",74,0,23,1,0,0,42,2019,12,750000.0,True,0.0,-0.14184925043885277,-0.3689226661490189,-0.14209042723478343,-0.01665202615833643,0.353640240326348,Indie,3717,0.4934086629001883
530890,Haydee,2016-09-26,False,14.99,False,0,Haydee Interactive,Haydee Interactive,"Action, Indie","Single-player, Steam Achievements, Full controller support, Steam Workshop, Steam Cloud, Includes level editor, Family Sharing","Sexual Content, Nudity, Mature, Female Protagonist, NSFW, Puzzle, Third-Person Shooter, Singleplayer, Difficult, Robots",True,False,False,6171,5506,987,"200,000 .. 500,000",160,0,47,12,0,0,23,2016,9,350000.0,False,2.771963526845863,-0.09848654742743305,-0.34301359279362137,-0.14209042723478343,-0.1653526210883706,-0.33272933915924324,Action,6493,0.847990143231172
418180,Tempest: Pirate Action RPG,2016-08-22,False,14.99,False,0,HeroCraft,HeroCraft PC,"Action, Indie, RPG","Single-player, Multi-player, Co-op, Steam Achievements, Full controller support, Steam Trading Cards, Steam Cloud, Remote Play on TV, Family Sharing","Pirates, Action, Naval, RPG, Open World, Action RPG, Multiplayer, Indie, Singleplayer, Co-op",True,True,False,1767,1756,761,"200,000 .. 500,000",222,0,190,6,0,4,24,2016,8,350000.0,False,2.771963526845863,-0.12943280314972966,-0.32433495851414873,0.026885041876391583,-0.15752627398678984,-0.33272933915924324,Action,2517,0.6976559396106476
32400,"STAR WARS™ Dark Forces (Classic, 1995)",2009-09-16,False,0.0,False,0,LucasArts,"LucasArts, Lucasfilm, Disney",Action,"Single-player, Steam Cloud, Family Sharing","FPS, Action, Classic, Sci-fi, Shooter, Retro, First-Person, Singleplayer, Old School, 1990's",True,True,False,2380,2644,327,"200,000 .. 500,000",108,0,22,9,0,0,0,2009,9,350000.0,True,0.0,-0.1251253429413355,-0.35867954412479197,-0.14209042723478343,-0.3453586044247277,-1.934258357958956,Action,2971,0.8899360484685291
24200,DC Universe™ Online,2011-11-02,False,0.0,True,0,Dimensional Ink Games,Daybreak Game Company,"Action, Adventure, Massively Multiplayer, RPG, Free To Play","Multi-player, MMO, PvP, Online PvP, Co-op, Online Co-op, Cross-Platform Multiplayer, Steam Achievements, Partial Controller Support","Free to Play, Superhero, MMORPG, Massively Multiplayer, Character Customization, Action, Comic Book, RPG, Multiplayer, Adventure",True,False,False,215,16923,4093,"1,000,000 .. 2,000,000",2323,0,601,546,0,2,202,2011,11,1500000.0,True,0.0,-0.14033847728256443,0.30862972892410917,-0.05760269267919593,1.2355635100945828,-1.4766786383018953,Action,21016,0.8052436239055958
311730,DEAD OR ALIVE 5 Last Round: Core Fighters,2015-03-30,False,0.0,True,0,"Team NINJA, KOEI TECMO GAMES CO., LTD.","KOEI TECMO GAMES CO., LTD.",Action,"Single-player, Multi-player, Steam Achievements, Partial Controller Support","PvP, Sexual Content, 3D Fighter, Competitive, Arcade, Female Protagonist, 3D, Cute, Action, Anime",True,False,False,4353,6884,3128,"500,000 .. 1,000,000",270,0,28,36,17,62,45,2015,3,750000.0,True,0.0,-0.11126136416293152,-0.30987408036229896,2.477029343988429,0.006827015146405804,-0.5615191989877737,Action,10012,0.6875749101078705
581270,Old Man's Journey,2017-05-17,False,9.99,False,0,Broken Rules,Broken Rules,"Adventure, Casual, Indie","Single-player, Steam Achievements, Full controller support, Steam Trading Cards, Custom Volume Controls, Mouse Only Option, Playable without Timed Input, Save Anytime, Stereo Sound, Touch Only Option, Steam Cloud, Family Sharing","Adventure, Casual, Indie, Puzzle, Atmospheric, Point & Click, Story Rich, Hand-drawn, Great Soundtrack, 2D",True,True,False,2781,3453,517,"200,000 .. 500,000",94,0,84,1,0,1,13,2017,5,350000.0,False,2.39698576841553,-0.12230757533356056,-0.36289730025241485,-0.09984655995698968,-0.24361609210417803,-0.10393947933071283,Adventure,3970,0.8697732997481108
444220,Asteroid Bounty Hunter,2016-02-24,False,0.49,False,90,EGAMER,SA Industry,"Action, Adventure, Casual, Indie, RPG","Single-player, Steam Achievements, Full controller support, Steam Trading Cards, Captions available, Steam Cloud, Stats, Steam Leaderboards, Family Sharing","Indie, Action, Casual, Adventure, RPG, Shoot 'Em Up, Space, Bullet Hell, Shooter, Side Scroller",True,True,True,237,513,272,"200,000 .. 500,000",247,0,244,0,0,0,32,2016,2,350000.0,False,0.3987761199573678,-0.14018388654099073,-0.31680325114339364,-0.14209042723478343,-0.09491549717414388,-0.33272933915924324,Action,785,0.6535031847133758
631570,Whispers of a Machine,2019-04-17,False,2.99,False,80,"Clifftop Games, Faravid Interactive",Raw Fury,Adventure,"Single-player, Steam Achievements, Steam Cloud, Family Sharing","Adventure, Point & Click, Detective, Sci-fi, Female Protagonist, Cyberpunk, Pixel Graphics, 2D, Singleplayer, Mystery",True,True,False,1362,1721,119,"200,000 .. 500,000",307,0,308,4,0,1,25,2019,4,350000.0,False,1.3837912309017721,-0.13227867816506347,-0.2987271534535814,-0.09984655995698968,-0.14969992688520908,0.353640240326348,Adventure,1840,0.9353260869565218
298160,Eldevin,2014-11-05,False,0.0,True,0,Hunted Cow Games,Hunted Cow Games,"Casual, Indie, Massively Multiplayer, RPG, Free To Play","Multi-player, MMO, Co-op, Cross-Platform Multiplayer, Steam Achievements, Steam Trading Cards","Free to Play, RPG, Massively Multiplayer, MMORPG, Indie, Open World, Casual, Adventure, Fantasy, Crafting",True,True,True,0,1385,351,"500,000 .. 1,000,000",2049,0,72,15,0,2,32,2014,11,750000.0,True,0.0,-0.14184925043885277,0.22608221614063337,-0.05760269267919593,-0.09491549717414388,-0.7903090588163041,Casual,1736,0.7978110599078341
108200,Ticket to Ride: Classic Edition,2012-05-24,False,0.0,False,0,Days of Wonder,"Days of Wonder, Twin Sails Interactive","Casual, Indie, Strategy","Single-player, Multi-player, PvP, Online PvP, LAN PvP, Shared/Split Screen PvP, Shared/Split Screen, Cross-Platform Multiplayer, Steam Achievements, Remote Play on Phone, Remote Play on Tablet, Remote Play Together, Family Sharing","Board Game, Strategy, Tabletop, Casual, Multiplayer, Turn-Based, Indie, Trains, Family Friendly, Singleplayer",True,True,False,3420,4628,755,"500,000 .. 1,000,000",494,0,226,100,0,0,83,2012,5,750000.0,True,0.0,-0.11781741697603386,-0.24238998232033335,-0.14209042723478343,0.30422820500647413,-1.247888778473365,Casual,5383,0.8597436373769274
362490,Exanima,2015-04-29,False,14.99,False,0,Bare Mettle Entertainment,Bare Mettle Entertainment,"Action, Adventure, Indie, RPG, Simulation, Early Access","Single-player, Family Sharing","Physics, RPG, Dark Fantasy, Dungeon Crawler, Medieval, Difficult, Adventure, Isometric, Action, Early Access",True,False,False,12056,10132,2214,"500,000 .. 1,000,000",1397,190,367,84,0,0,0,2015,4,750000.0,False,2.771963526845863,-0.0571335240564713,0.029655287911340568,-0.14209042723478343,-0.3453586044247277,-0.5615191989877737,Action,12346,0.8206706625627733
753650,Due Process,2020-11-03,False,9.99,False,0,Giant Enemy Crab,Giant Enemy Crab,"Action, Adventure, Indie, Simulation, Strategy, Early Access","Multi-player, PvP, Online PvP, Steam Cloud","Early Access, Adventure, 3D, Futuristic, Tactical, Cyberpunk, FPS, Team-Based, Simulation, PvP",True,False,False,6495,6713,1495,"500,000 .. 1,000,000",187,0,108,29,0,2,0,2020,11,750000.0,False,2.39698576841553,-0.096209847415166,-0.33487934883320586,-0.05760269267919593,-0.3453586044247277,0.5824301001548784,Action,8208,0.8178606237816765
356670,Spooky's Jump Scare Mansion,2015-07-28,False,0.0,True,0,Lag Studios,Lag Studios,"Action, Adventure, Free To Play, Indie",Single-player,"Horror, Free to Play, Cute, First-Person, Singleplayer, Indie, Atmospheric, Psychological Horror, Cartoon, Dark Humor",True,False,False,149,13926,1072,"1,000,000 .. 2,000,000",124,0,56,8,0,2,0,2015,7,1500000.0,True,0.0,-0.1408022495072855,-0.35385925140750873,-0.05760269267919593,-0.3453586044247277,-0.5615191989877737,Action,14998,0.9285238031737565
598980,The Coin Game,2026-03-19,False,19.99,False,0,devotid,Kwalee,"Adventure, Casual, Indie, Simulation","Single-player, Steam Achievements, Full controller support, Steam Trading Cards, Stats, Steam Leaderboards, Family Sharing","Life Sim, Arcade, Open World, Casual, Physics, First-Person, Simulation, Survival, Funny, Character Customization",True,False,False,5533,5184,234,"500,000 .. 1,000,000",339,5,206,34,0,1,27,2026,3,750000.0,False,3.0440461338325417,-0.10296967893307003,-0.28908656801901494,-0.09984655995698968,-0.1340472326820476,1.9551692591260608,Adventure,5418,0.9568106312292359
2521380,Legacy of Kain™ Soul Reaver 1&2 Remastered,2024-12-10,False,29.99,False,0,"Aspyr, Crystal Dynamics",Aspyr,"Action, Adventure","Single-player, Steam Achievements, Full controller support, Steam Trading Cards, Steam Cloud, Family Sharing","Action, Adventure, Dark Fantasy, Third Person, Action-Adventure, Fantasy, Platformer, Atmospheric, Puzzle, 3D Platformer",True,False,False,2877,2418,242,"200,000 .. 500,000",249,36,150,167,0,0,83,2024,12,350000.0,False,3.433664571799657,-0.1216329975521481,-0.3162007145537333,-0.14209042723478343,0.30422820500647413,1.497589539469,Action,2660,0.9090225563909774
403900,Clergy Splode,2015-09-17,False,1.99,False,0,PiGravity,Back To Basics Gaming,"Action, Indie","Single-player, Steam Trading Cards, Family Sharing","Indie, Action, Arcade",True,False,False,263,227,298,"500,000 .. 1,000,000",207,0,216,0,0,0,0,2015,9,750000.0,False,1.095273387402595,-0.1400011883918582,-0.3288539829366018,-0.14209042723478343,-0.3453586044247277,-0.5615191989877737,Action,525,0.43238095238095237
1996010,Crow Country,2024-05-09,False,9.99,False,50,SFB Games,SFB Games,"Action, Indie","Single-player, Steam Achievements, Full controller support, Steam Trading Cards, Color Alternatives, Custom Volume Controls, Adjustable Difficulty, Keyboard Only Option, Playable without Timed Input, Stereo Sound, Steam Cloud, Family Sharing","Survival Horror, Exploration, Female Protagonist, 1990's, Third-Person Shooter, Horror, Action, Psychological Horror, Retro, Indie",True,False,False,6739,5295,89,"200,000 .. 500,000",298,0,386,9,0,1,15,2024,5,350000.0,False,2.39698576841553,-0.094495295554076,-0.3014385681070533,-0.09984655995698968,-0.22796339790101655,1.497589539469,Action,5384,0.9834695393759286
1058020,"STAR WARS™ Battlefront (Classic, 2004)",2019-05-01,False,9.99,False,0,Pandemic Studios,"Lucasfilm, LucasArts, Disney",Action,"Single-player, Multi-player, PvP, Online PvP, Cross-Platform Multiplayer, Steam Cloud, Family Sharing","Action, Multiplayer, Classic, FPS, Third-Person Shooter, Sci-fi, Singleplayer, Shooter, Space, First-Person",True,False,False,4116,4186,153,"1,000,000 .. 2,000,000",304,0,74,50,0,0,0,2019,5,1500000.0,False,2.39698576841553,-0.11292672806079353,-0.2996309583380721,-0.14209042723478343,-0.3453586044247277,0.353640240326348,Action,4339,0.9647384189905508
417430,Moto Racer  4,2016-11-02,False,14.99,False,0,Artefacts Studio,Microids,Racing,"Single-player, Multi-player, PvP, Online PvP, Shared/Split Screen, Steam Achievements, Full controller support, Steam Trading Cards, Remote Play Together, Family Sharing","Racing, Multiplayer, Sports, Offroad, Action, Arcade, Split Screen, Competitive, Motorbike, Runner",True,True,False,332,692,425,"200,000 .. 500,000",334,0,448,0,0,6,50,2016,11,350000.0,False,2.771963526845863,-0.139516335611468,-0.29059290949316596,0.1113727764319791,0.04595875065430953,-0.33272933915924324,Racing,1117,0.6195165622202328
1466060,Tainted Grail: The Fall of Avalon,2025-05-23,False,44.99,False,0,Questline,Awaken Realms,"Action, Adventure, Indie, RPG","Single-player, Steam Achievements, Full controller support, Steam Trading Cards, Steam Cloud, Family Sharing","Adventure, Open World, Dark Fantasy, RPG, First-Person, Third Person, Exploration, Character Customization, Singleplayer, Action RPG",True,False,False,28532,10043,1437,"200,000 .. 500,000",1654,492,1418,8175,0,5,65,2025,5,350000.0,False,3.8284239815518326,0.05864088767844217,0.10708123968270292,0.06912890915418535,0.1633539571780207,1.7263793992975305,Action,11480,0.8748257839721254
613100,House Flipper,2018-05-17,False,24.99,False,0,Empyrean,"Frozen District, PlayWay S.A.","Indie, Simulation","Single-player, Steam Achievements, Full controller support, Steam Trading Cards, Steam Workshop, Steam Cloud, Remote Play on Tablet, Family Sharing","Simulation, Design & Illustration, Building, Singleplayer, Relaxing, Sandbox, Casual, Education, Immersive Sim, Multiplayer",True,True,False,91001,89596,5548,"2,000,000 .. 5,000,000",1417,224,467,1311,0,10,96,2018,5,3500000.0,False,3.2577118486533987,0.49760129837693146,0.03568065380794464,0.28034824554315413,0.4059707173270238,0.12485038049781758,Indie,95144,0.9416883881274699
2666510,Rusty's Retirement,2024-04-26,False,6.99,False,0,Mister Morris Games,Mister Morris Games,"Casual, Indie, Simulation, Strategy","Single-player, Steam Achievements, Steam Trading Cards, Adjustable Text Size, Custom Volume Controls, Playable without Timed Input, Save Anytime, Steam Cloud, Family Sharing","Idler, Farming Sim, Automation, Pixel Graphics, Simulation, Management, Relaxing, Farming, Building, Nature",True,True,False,13547,12386,392,"200,000 .. 500,000",2680,0,1154,1185,0,1,71,2024,4,350000.0,False,2.0781907597781832,-0.046656487888909026,0.4161825101784919,-0.09984655995698968,0.21031203978750518,1.497589539469,Casual,12778,0.9693222726561277
17330,Crysis Warhead®,2008-09-17,False,19.99,False,0,Crytek,Electronic Arts,Action,"Single-player, Family Sharing","FPS, Action, Sci-fi, Shooter, Singleplayer, Multiplayer, Aliens, First-Person, Military, Stealth",True,False,False,3745,3280,544,"1,000,000 .. 2,000,000",212,0,49,5,17,0,0,2008,9,1500000.0,False,3.0440461338325417,-0.1155336901118771,-0.32734764146245077,-0.14209042723478343,-0.3453586044247277,-2.1630482177874866,Action,3824,0.8577405857740585
707680,Slapshot,2019-03-08,False,0.0,False,0,Oddshot Games,Oddshot Games,"Free To Play, Indie, Sports","Multi-player, PvP, Online PvP, Partial Controller Support, Family Sharing","Free to Play, Sports, Indie, Hockey, Multiplayer, Co-op, Funny, Competitive",True,True,False,0,2148,392,"200,000 .. 500,000",90,0,21,0,0,0,0,2019,3,350000.0,True,0.0,-0.14184925043885277,-0.3641023734317356,-0.14209042723478343,-0.3453586044247277,0.353640240326348,Indie,2540,0.8456692913385827
200510,XCOM: Enemy Unknown,2012-10-08,False,14.99,False,0,"Firaxis Games, Feral Interactive (Linux)","2K, Feral Interactive (Linux)",Strategy,"Single-player, Multi-player, Cross-Platform Multiplayer, Steam Achievements, Full controller support, Steam Trading Cards, Steam Cloud, Remote Play on TV, Family Sharing","Turn-Based Strategy, Tactical, Strategy, Sci-fi, Turn-Based, Aliens, Singleplayer, Base-Building, Turn-Based Tactics, Unforgiving",True,False,True,39865,52717,3697,"2,000,000 .. 5,000,000",2289,20,1123,590,17,3,85,2012,10,3500000.0,False,2.771963526845863,0.13827620014456105,0.2983866068998822,-0.015358825401402173,0.3198808992096356,-1.247888778473365,Strategy,56414,0.9344666217605558
829590,CryoFall,2021-04-29,False,19.99,False,0,AtomicTorch Studio,Daedalic Entertainment,"Action, Adventure, Indie, Massively Multiplayer, RPG, Simulation, Strategy","Single-player, Multi-player, MMO, PvP, Online PvP, LAN PvP, Co-op, Online Co-op, LAN Co-op, Steam Achievements, Steam Trading Cards, Steam Cloud, Includes level editor","Colony Sim, Crafting, PvE, Base-Building, PvP, Survival, Open World Survival Craft, Sandbox, Mining, Agriculture",True,False,False,4864,4856,1311,"200,000 .. 500,000",2101,0,414,101,0,2,52,2021,4,350000.0,False,3.0440461338325417,-0.10767064284728811,0.24174816747180394,-0.05760269267919593,0.06161144485747102,0.8112199599834088,Action,6167,0.7874168963839793
2456740,inZOI,2025-03-27,False,39.99,False,0,inZOI Studio,"KRAFTON, Inc.","Adventure, Casual, Simulation, Early Access","Single-player, Partial Controller Support, Steam Cloud, Family Sharing","Life Sim, Character Customization, Sexual Content, Realistic, Simulation, Singleplayer, Building, Romance, Sandbox, Dating Sim",True,True,False,27367,16548,4311,"1,000,000 .. 2,000,000",1130,477,467,1039,0,1,0,2025,3,1500000.0,False,3.7133281345162463,0.05045460522692638,-0.05078334680832381,-0.09984655995698968,-0.3453586044247277,1.7263793992975305,Adventure,20859,0.7933266216021861
1061910,Metal: Hellsinger,2022-09-15,False,29.99,False,0,The Outsiders,Funcom,"Action, Adventure","Single-player, Steam Achievements, Partial Controller Support, Steam Cloud, Family Sharing","Rhythm, FPS, Atmospheric, Singleplayer, Music, Shooter, Action, Demons, First-Person, Combat",True,False,False,13767,15140,626,"1,000,000 .. 2,000,000",323,0,168,45,0,3,28,2022,9,1500000.0,False,3.433664571799657,-0.045110580473172145,-0.2939068607362982,-0.015358825401402173,-0.12622088558046687,1.0400098198119392,Action,15766,0.960294304198909
2163330,Yet Another Zombie Survivors,2023-07-13,False,14.99,False,0,Awesome Games Studio,Awesome Games Studio,"Action, Casual, Indie, RPG, Early Access","Single-player, Steam Achievements, Full controller support, Camera Comfort, Color Alternatives, Custom Volume Controls, Adjustable Difficulty, Keyboard Only Option, Mouse Only Option, Playable without Timed Input, Steam Cloud, Steam Leaderboards, Remote Play on TV, Family Sharing","Early Access, Action Roguelike, Bullet Hell, Indie, Arcade, Rogue-lite, Action RPG, Singleplayer, Top-Down Shooter, Rogue-like",True,False,False,11901,10169,1044,"500,000 .. 1,000,000",1127,269,708,472,0,1,141,2023,7,750000.0,False,2.771963526845863,-0.058222686099376836,-0.051687151692814425,-0.09984655995698968,0.7581563368981573,1.2687996796404697,Action,11213,0.9068937840007134
1166290,Death and Taxes,2020-02-20,False,12.99,False,0,Placeholder Gameworks,"Placeholder Gameworks, Hawthorn Games","Adventure, Casual, Indie, Simulation, Strategy","Single-player, Steam Achievements, Steam Trading Cards, Steam Cloud, Remote Play on Phone, Remote Play on Tablet, Family Sharing","Choices Matter, Story Rich, Simulation, Point & Click, Multiple Endings, Strategy, Choose Your Own Adventure, Puzzle, Replay Value, Casual",True,True,True,7534,6106,922,"500,000 .. 1,000,000",348,0,217,30,0,1,60,2020,2,750000.0,False,2.63834278867739,-0.08890894830175405,-0.2863751533655431,-0.09984655995698968,0.12422222167011698,0.5824301001548784,Adventure,7028,0.8688104723961297
1562700,SANABI,2023-11-08,False,14.99,False,0,WONDER POTION,NEOWIZ,"Action, Adventure, Indie","Single-player, Partial Controller Support, Steam Cloud, Family Sharing","Pixel Graphics, Story Rich, Action, Cyberpunk, Adventure, 2D Platformer, Singleplayer, Action-Adventure, 2D, Platformer",True,False,False,40247,35011,943,"500,000 .. 1,000,000",621,1,592,160,0,2,21,2023,11,750000.0,False,2.771963526845863,0.14096045756643144,-0.2041289088768975,-0.05760269267919593,-0.18100531529153208,1.2687996796404697,Action,35954,0.9737720420537354
215790,Dream Pinball 3D,2012-09-19,False,9.99,False,0,ASK Homework,TopWare Interactive,"Casual, Simulation","Single-player, Multi-player, PvP, Shared/Split Screen PvP, Shared/Split Screen, Steam Trading Cards, Steam Cloud, Remote Play Together, Family Sharing","Simulation, Casual, Pinball",True,True,True,360,365,546,"500,000 .. 1,000,000",405,0,297,2,0,2,0,2012,9,750000.0,False,2.39698576841553,-0.13931958375855602,-0.26920286056022147,-0.05760269267919593,-0.3453586044247277,-1.247888778473365,Casual,911,0.40065861690450055
2183900,"Warhammer 40,000: Space Marine 2",2024-09-09,False,19.79,False,67,Saber Interactive,Focus Entertainment,"Action, Adventure, RPG","Single-player, Multi-player, PvP, Online PvP, Co-op, Online Co-op, Cross-Platform Multiplayer, Steam Achievements, Full controller support, Steam Trading Cards, Adjustable Text Size, Camera Comfort, Color Alternatives, Custom Volume Controls, Adjustable Difficulty, Stereo Sound, Subtitle Options, Surround Sound, Steam Cloud, Family Sharing","Warhammer 40K, Action, Third-Person Shooter, Multiplayer, Co-op, PvE, Adventure, Action-Adventure, Third Person, Sci-fi",True,False,False,153027,134739,27846,"5,000,000 .. 10,000,000",1722,278,840,6851,17,22,50,2024,9,7500000.0,False,3.0344721018699214,0.9334488136882778,0.12756748373115676,0.7872746528766792,0.04595875065430953,1.497589539469,Action,162585,0.8287295876003321
438100,VRChat,2017-02-01,False,0.0,True,0,VRChat Inc.,VRChat Inc.,"Adventure, Casual, Massively Multiplayer, Simulation, Sports, Free To Play, Early Access","Multi-player, MMO, PvP, Online PvP, Co-op, Online Co-op, Cross-Platform Multiplayer, Full controller support, Tracked Controller Support, VR Supported, In-App Purchases","VR, Free to Play, Multiplayer, Anime, Memes, Funny, Massively Multiplayer, First-Person, Open World, Early Access",True,False,False,148,181623,58732,"20,000,000 .. 50,000,000",4429,813,146,34699,0,0,0,2017,2,35000000.0,True,0.0,-0.1408092763591752,0.943100757836518,-0.14209042723478343,-0.3453586044247277,-0.10393947933071283,Adventure,240355,0.7556447754363338
260410,Get Off My Lawn!,2014-11-11,False,0.0,True,0,Digital Leisure Inc.,Digital Leisure Inc.,"Casual, Indie, Free To Play","Single-player, Steam Achievements, Steam Trading Cards, Steam Leaderboards, Family Sharing","Free to Play, Casual, Indie, Shooter, Tower Defense, Singleplayer, Aliens, Multiplayer, Arcade, Action",True,False,False,0,1266,451,"200,000 .. 500,000",1374,0,32,1,0,0,70,2014,11,350000.0,True,0.0,-0.14184925043885277,0.02272611713024588,-0.14209042723478343,0.20248569268592442,-0.7903090588163041,Casual,1717,0.7373325567850902
1268750,Starship Troopers: Extermination,2024-10-10,False,9.89,False,67,Offworld,Offworld,"Action, Indie","Multi-player, Co-op, Online Co-op, Cross-Platform Multiplayer, Steam Achievements, Full controller support, Family Sharing","Online Co-Op, Action, Sci-fi, First-Person, FPS, Combat, Multiplayer, Co-op, Aliens, Arcade",True,False,False,29307,25027,5995,"1,000,000 .. 2,000,000",1098,0,434,283,0,9,25,2024,10,1500000.0,False,2.387844936944869,0.06408669789296985,-0.06042393224289033,0.23810437826536038,-0.14969992688520908,1.497589539469,Action,31022,0.8067500483527819
1021950,When the Darkness comes,2019-03-01,False,0.0,True,0,Sirhaian,Sirhaian,"Adventure, Free To Play, Indie","Single-player, Steam Achievements","Psychological Horror, Free to Play, Walking Simulator, Indie, First-Person, Horror, Dynamic Narration, Narration, Adventure, Atmospheric",True,False,False,0,7671,643,"200,000 .. 500,000",88,0,54,2,0,0,32,2019,3,350000.0,True,0.0,-0.14184925043885277,-0.36470491002139604,-0.14209042723478343,-0.09491549717414388,0.353640240326348,Adventure,8314,0.9226605725282656
393430,Ice Lakes,2016-04-19,False,14.99,False,0,Iceflake Studios,Paradox Interactive,"Indie, Simulation, Sports","Single-player, Multi-player, PvP, Online PvP, Cross-Platform Multiplayer, Steam Achievements, Tracked Controller Support, VR Supported, Steam Trading Cards, Steam Cloud, Stats, Steam Leaderboards, Family Sharing","Fishing, Sports, Simulation, Indie, Multiplayer, VR, Open World, Competitive, Singleplayer, Casual",True,True,True,1120,1370,229,"200,000 .. 500,000",517,0,218,3,0,0,60,2016,4,350000.0,False,2.771963526845863,-0.13397917632237405,-0.23546081153923867,-0.14209042723478343,0.12422222167011698,-0.33272933915924324,Indie,1599,0.8567854909318324
2095300,Breakout 13,2023-01-08,False,9.99,False,0,ALT Lab,ALT Lab,"Adventure, Indie, RPG","Single-player, Steam Achievements, In-App Purchases, Steam Cloud, Family Sharing","FMV, Interactive Fiction, Choose Your Own Adventure, Exploration, Immersive Sim, Choices Matter, Lore-Rich, Story Rich, Puzzle, Multiple Endings",True,True,True,6838,6283,865,"500,000 .. 1,000,000",406,0,346,22,0,1,30,2023,1,750000.0,False,2.39698576841553,-0.0937996372169944,-0.2689015922653913,-0.09984655995698968,-0.11056819137730538,1.2687996796404697,Adventure,7148,0.8789871292669278
2933130,The Lord of the Rings: Return to Moria™,2024-08-27,False,29.99,False,0,Free Range Games,North Beach Games,"Action, Adventure, RPG","Single-player, Multi-player, Co-op, Online Co-op, Cross-Platform Multiplayer, Steam Achievements, Full controller support, Steam Cloud, Family Sharing","Open World Survival Craft, Base-Building, Dwarf, Survival, Exploration, Crafting, Online Co-Op, Building, Adventure, Action-Adventure",True,False,False,9740,6840,1404,"200,000 .. 500,000",601,0,170,370,0,8,27,2024,8,350000.0,False,3.433664571799657,-0.0734077130330469,-0.21015427477350157,0.19586051098756663,-0.1340472326820476,1.497589539469,Action,8244,0.8296943231441049
559650,Witch It,2020-10-22,False,19.99,False,0,Barrel Roll Games,Barrel Roll Games,"Action, Casual, Indie","Multi-player, PvP, Online PvP, Steam Achievements, Full controller support, Steam Trading Cards, Steam Workshop, Steam Cloud, Valve Anti-Cheat enabled, Stats, Includes level editor, Family Sharing","Multiplayer, Funny, Casual, Action, Indie, Hidden Object, Online Co-Op, Survival, Stealth, Co-op",True,False,False,14390,17137,2143,"1,000,000 .. 2,000,000",277,37,169,24,0,6,41,2020,10,1500000.0,False,3.0440461338325417,-0.040732851745880864,-0.30776520229848753,0.1113727764319791,-0.024478373259917176,0.5824301001548784,Action,19280,0.8888485477178423
9900,Star Trek Online,2012-01-31,False,0.0,True,0,Cryptic Studios,Arc Games,"Massively Multiplayer, RPG, Free To Play","Multi-player, MMO, Co-op, Full controller support, In-App Purchases","Free to Play, Sci-fi, Massively Multiplayer, Space, MMORPG, RPG, Open World, Multiplayer, Character Customization, Action",True,False,False,939,15939,4206,"2,000,000 .. 5,000,000",9410,19,411,1057,0,0,0,2012,1,3500000.0,True,0.0,-0.13525103651441214,2.4437181343857626,-0.14209042723478343,-0.3453586044247277,-1.247888778473365,Massively Multiplayer,20145,0.7912137006701415
253980,Enclave,2013-10-04,False,9.99,False,0,Starbreeze,Topware Interactive,"Action, RPG","Single-player, Steam Trading Cards, Steam Cloud, Family Sharing","RPG, Action, Fantasy, Third Person, Hack and Slash, Singleplayer, Adventure, Classic, Action RPG, Magic",True,True,True,1832,5068,1312,"1,000,000 .. 2,000,000",269,0,242,63,17,2,0,2013,10,1500000.0,False,2.39698576841553,-0.1289760577768983,-0.3101753486571292,-0.05760269267919593,-0.3453586044247277,-1.0190989186448345,Action,6380,0.7943573667711599
383870,Firewatch,2016-02-09,False,19.99,False,0,Campo Santo,"Panic, Campo Santo","Adventure, Indie","Single-player, Steam Achievements, Full controller support, Steam Trading Cards, Steam Cloud, Remote Play on Phone, Remote Play on Tablet, Remote Play on TV, Family Sharing","Adventure, Atmospheric, Story Rich, Walking Simulator, Mystery, First-Person, Singleplayer, Exploration, Open World, Indie",True,True,True,91334,81777,8661,"2,000,000 .. 5,000,000",244,0,248,81,0,1,10,2016,2,3500000.0,False,3.0440461338325417,0.4999412400562059,-0.3177070560278843,-0.09984655995698968,-0.26709513340892027,-0.33272933915924324,Adventure,90438,0.9042327340277317
2365810,Pseudoregalia,2023-07-28,False,5.99,False,0,rittzler,rittzler,"Action, Adventure, Indie","Single-player, Full controller support, Family Sharing","3D Platformer, Metroidvania, Female Protagonist, Parkour, Exploration, Platformer, Old School, 3D, Third Person, Singleplayer",True,False,False,16025,14588,439,"500,000 .. 1,000,000",388,0,265,41,0,1,0,2023,7,750000.0,False,1.944480556245719,-0.029243948906199902,-0.27432442157233494,-0.09984655995698968,-0.3453586044247277,1.2687996796404697,Action,15027,0.9707859186797099
1294660,Divine Knockout (DKO),2022-12-06,False,0.0,False,0,Red Beard Games,Hi-Rez Studios,Action,"Multi-player, PvP, Online PvP, Cross-Platform Multiplayer, Steam Achievements, Full controller support, In-App Purchases, Family Sharing","Action, 3D Fighter, Multiplayer, Fantasy, Controller, PvP, Third Person, Competitive, Fighting, Mythology",True,False,False,606,4433,2198,"500,000 .. 1,000,000",460,0,204,0,0,0,19,2022,12,750000.0,True,0.0,-0.1375909781936866,-0.25263310434456027,-0.14209042723478343,-0.19665800949469356,1.0400098198119392,Action,6631,0.6685266174031066
1680880,Forspoken,2023-01-24,False,69.99,False,0,Square Enix,Square Enix,"Action, Adventure, RPG","Single-player, Steam Achievements, Full controller support, Steam Trading Cards, Adjustable Text Size, Camera Comfort, Color Alternatives, Custom Volume Controls, Adjustable Difficulty, Keyboard Only Option, Playable without Timed Input, Save Anytime, Stereo Sound, Subtitle Options, Surround Sound, Steam Cloud, Family Sharing","Open World, Female Protagonist, Exploration, Parkour, RPG, Magic, Action RPG, Action, Fantasy, Adventure",True,False,False,5300,5045,3061,"200,000 .. 500,000",179,0,204,12,17,2,53,2023,1,350000.0,False,4.262539022051294,-0.10460693542337318,-0.33728949519184753,-0.05760269267919593,0.06943779195905177,1.2687996796404697,Action,8106,0.6223784850727856
1361510,Teenage Mutant Ninja Turtles: Shredder's Revenge,2022-06-16,False,24.99,False,0,Tribute Games Inc.,"Dotemu, Gamirror Games","Action, Adventure, Casual, Indie","Single-player, Multi-player, Co-op, Online Co-op, Shared/Split Screen Co-op, Shared/Split Screen, Steam Achievements, Full controller support, Steam Trading Cards, Steam Cloud, Remote Play Together, Family Sharing","Beat 'em up, Multiplayer, Side Scroller, Pixel Graphics, Co-op Campaign, 2D, Action-Adventure, Ninja, Arcade, Martial Arts",True,False,True,12609,12978,770,"200,000 .. 500,000",367,37,221,50,0,2,30,2022,6,350000.0,False,3.2577118486533987,-0.05324767496145994,-0.2806510557637692,-0.05760269267919593,-0.11056819137730538,1.0400098198119392,Action,13748,0.9439918533604889
236510,Takedown: Red Sabre,2014-02-10,False,4.99,False,0,Serellan LLC,505 Games,"Action, Simulation, Strategy","Single-player, Multi-player, Co-op, Full controller support, Steam Trading Cards, Includes level editor, Remote Play on TV, Family Sharing","FPS, Action, Tactical, Simulation, Strategy, Multiplayer, Shooter, Online Co-Op, Co-op, First-Person",True,False,False,3545,2355,3339,"200,000 .. 500,000",159,0,97,0,0,0,0,2014,2,350000.0,False,1.7900914121273581,-0.11693906048981972,-0.3433148610884516,-0.14209042723478343,-0.3453586044247277,-0.7903090588163041,Action,5694,0.4135932560590095
310510,Deathtrap,2015-02-04,False,19.99,False,0,NeocoreGames,NeocoreGames,"Action, Adventure, Indie, RPG, Strategy","Single-player, Multi-player, Steam Achievements, Full controller support, Steam Trading Cards, Steam Workshop, Steam Cloud, Steam Leaderboards, Includes level editor, Family Sharing","Tower Defense, RPG, Action, Strategy, Indie, Co-op, Fantasy, Multiplayer, Isometric, Controller",True,False,False,1834,1842,352,"200,000 .. 500,000",502,0,229,11,0,0,47,2015,2,350000.0,False,3.0440461338325417,-0.1289620040731189,-0.23997983596169173,-0.14209042723478343,0.022479709349567292,-0.5615191989877737,Action,2194,0.8395624430264357
1258080,Shop Titans,2020-05-05,False,0.0,True,0,"Kabam Games, Inc.","Kabam Games, Inc.","Adventure, Casual, RPG, Simulation, Free To Play","Single-player, Multi-player, MMO, Co-op, Online Co-op, Cross-Platform Multiplayer, Steam Achievements, Steam Trading Cards, In-App Purchases","Idler, Shop Keeper, Medieval, Crafting, Base-Building, Management, Economy, Trading, Character Customization, RPG",True,False,False,0,13249,3679,"1,000,000 .. 2,000,000",4470,0,196,3279,0,0,94,2020,5,1500000.0,True,0.0,-0.14184925043885277,0.9554527579245564,-0.14209042723478343,0.3903180231238623,0.5824301001548784,Adventure,16928,0.7826677693761814
284950,Pixel Puzzles: Japan,2014-04-17,False,0.0,True,0,Pixel Puzzles,Pixel Puzzles,"Casual, Indie, Simulation","Single-player, Steam Achievements, Steam Trading Cards","Puzzle, Casual, Indie, Simulation, Singleplayer, Relaxing, Strategy",True,False,False,422,2135,499,"500,000 .. 1,000,000",245,0,249,3,0,0,26,2014,4,750000.0,True,0.0,-0.13888391894139382,-0.31740578773305406,-0.14209042723478343,-0.14187357978362836,-0.7903090588163041,Casual,2634,0.810554290053151
860510,Little Nightmares II,2021-02-10,False,29.99,False,0,Tarsier Studios,BANDAI NAMCO Entertainment,Adventure,"Single-player, Steam Achievements, Full controller support, Steam Trading Cards, Steam Cloud, Remote Play on Phone, Remote Play on Tablet, Family Sharing","Horror, Adventure, Singleplayer, Puzzle, Dark, Atmospheric, Psychological Horror, Story Rich, Multiplayer, Stealth",True,False,False,48003,40494,2548,"1,000,000 .. 2,000,000",458,0,419,229,0,1,35,2021,2,1500000.0,False,3.433664571799657,0.19546072082304647,-0.2532356409342207,-0.09984655995698968,-0.07143645586940164,0.8112199599834088,Adventure,43042,0.9408020073416663
1313860,EA SPORTS™ FIFA 21,2020-10-08,False,0.0,False,0,EA Canada,Electronic Arts,"Simulation, Sports","Single-player, Multi-player, PvP, Online PvP, Steam Achievements, Full controller support, In-App Purchases","Football (American), Football (Soccer), Sports, Multiplayer, PvP, Competitive, Controller, e-sports, Simulation, Local Multiplayer",True,False,False,39691,42906,13377,"1,000,000 .. 2,000,000",9232,0,5000,138,0,0,36,2020,10,1500000.0,True,0.0,0.13705352791575096,2.390092377905986,-0.14209042723478343,-0.0636101087678209,0.5824301001548784,Simulation,56283,0.7623261020201482
400,Portal,2007-10-10,False,9.99,False,0,Valve,Valve,Action,"Single-player, Steam Achievements, Full controller support, Captions available, Camera Comfort, Custom Volume Controls, Save Anytime, Stereo Sound, Subtitle Options, Surround Sound, Includes level editor, Includes Source SDK, Commentary available, Remote Play on Phone, Remote Play on Tablet, Family Sharing","Puzzle, Puzzle-Platformer, First-Person, 3D Platformer, Singleplayer, Sci-fi, Comedy, Female Protagonist, Physics, Funny",True,False,True,167960,175024,2717,"10,000,000 .. 20,000,000",382,156,175,638,0,2,15,2007,10,15000000.0,False,2.39698576841553,1.0383807929573639,-0.27613203134131614,-0.05760269267919593,-0.22796339790101655,-2.391838077616017,Action,177741,0.9847137126493043
11610,Dragon Nest,2012-12-18,False,0.0,True,0,Eyedentity Games Inc.,Eyedentity Games Inc.,"Action, Free To Play, Massively Multiplayer, RPG","Single-player, Multi-player, MMO, Co-op","Free to Play, Action, RPG, Anime, Massively Multiplayer, MMORPG, Fantasy, Hack and Slash, Multiplayer, Dragons",True,False,False,0,1651,634,"500,000 .. 1,000,000",125,0,46,11,0,0,0,2012,12,750000.0,True,0.0,-0.14184925043885277,-0.3535579831126785,-0.14209042723478343,-0.3453586044247277,-1.247888778473365,Action,2285,0.7225382932166302
22600,Worms Reloaded,2010-08-26,False,3.99,False,80,Team17 Digital Ltd,Team17 Digital Ltd,Strategy,"Single-player, Multi-player, PvP, Shared/Split Screen PvP, Steam Achievements, Partial Controller Support, Steam Cloud, Stats, Steam Leaderboards, Remote Play Together, Family Sharing","Strategy, 2D, Turn-Based, Multiplayer, Local Multiplayer, Turn-Based Strategy, Funny, Classic, Online Co-Op, Comedy",True,True,True,3329,4236,631,"500,000 .. 1,000,000",695,0,178,24,0,5,61,2010,8,750000.0,False,1.6074359097634274,-0.11845686049799775,-0.1818350550594624,0.06912890915418535,0.1320485687716977,-1.7054684981304258,Strategy,4867,0.870351345798233
265300,Lords Of The Fallen™ 2014,2014-10-28,False,29.99,False,0,"CI Games, Deck 13",CI Games,"Action, RPG","Single-player, Steam Achievements, Steam Trading Cards, Partial Controller Support, Steam Cloud, Family Sharing","Souls-like, Dark Fantasy, RPG, Action RPG, Difficult, Action, Fantasy, Singleplayer, Lore-Rich, Third Person",True,False,False,13244,11754,8141,"500,000 .. 1,000,000",382,0,178,18,17,7,56,2014,10,750000.0,False,3.433664571799657,-0.048785624011492106,-0.27613203134131614,0.15361664370977285,0.092916833263794,-0.7903090588163041,Action,19895,0.5908017089721035
893180,Catherine Classic,2019-01-10,False,19.99,False,0,ATLUS,SEGA,Adventure,"Single-player, Multi-player, PvP, Shared/Split Screen PvP, Steam Achievements, Full controller support, Steam Trading Cards, Steam Cloud, Steam Leaderboards, Remote Play Together, Family Sharing","Sexual Content, Anime, Mature, Nudity, Puzzle, Story Rich, Choices Matter, Multiple Endings, Puzzle-Platformer, Horror",True,False,False,8495,8694,1269,"500,000 .. 1,000,000",388,0,223,42,18,0,50,2019,1,750000.0,False,3.0440461338325417,-0.08215614363573974,-0.27432442157233494,-0.14209042723478343,0.04595875065430953,0.353640240326348,Adventure,9963,0.8726287262872628
1374840,Dark Deity,2021-06-15,False,4.99,False,80,Sword & Axe LLC,indie.io,"Adventure, Indie, RPG, Strategy","Single-player, Steam Achievements, Full controller support, Steam Cloud, Family Sharing","Tactical, Turn-Based Strategy, Strategy RPG, Anime, Top-Down, Pixel Graphics, Fantasy, RPG, Lore-Rich, Strategy",True,False,False,2554,1995,758,"200,000 .. 500,000",128,0,116,58,0,3,40,2021,6,350000.0,False,1.7900914121273581,-0.12390267071252543,-0.3526541782281879,-0.015358825401402173,-0.032304720361497924,0.8112199599834088,Adventure,2753,0.7246640029059208
3191030,Nubby's Number Factory,2025-03-07,False,4.99,False,0,MogDogBlog Productions,MogDogBlog Productions,Strategy,"Single-player, Steam Achievements, Steam Cloud, Family Sharing","Strategy, Rogue-like, Arcade, Surreal, Singleplayer, Stylized, Deckbuilding, Psychological Horror, 2D, Indie",True,False,False,16747,9206,227,"200,000 .. 500,000",776,1,554,731,0,0,13,2025,3,350000.0,False,1.7900914121273581,-0.024170561841827025,-0.15743232317821593,-0.14209042723478343,-0.24361609210417803,1.7263793992975305,Strategy,9433,0.9759355454256334
606500,HellSign,2021-02-24,False,2.99,False,85,Ballistic Interactive,Ballistic Interactive,"Action, Adventure, Indie, RPG","Single-player, Steam Achievements, Family Sharing","Supernatural, Horror, Investigation, RPG, Action RPG, Demons, Hunting, Rogue-like, Atmospheric, Lovecraftian",True,False,False,2128,1507,694,"200,000 .. 500,000",641,0,738,4,0,0,16,2021,2,350000.0,False,1.3837912309017721,-0.12689610961754322,-0.19810354298029342,-0.14209042723478343,-0.2201370507994358,0.8112199599834088,Action,2201,0.6846887778282599
21090,F.E.A.R.,2010-05-21,False,9.99,False,0,"Monolith Productions, Inc., Timegate","Warner Bros. Games, Warner Bros. Interactive Entertainment",Action,"Single-player, Family Sharing","Horror, FPS, Action, Bullet Time, Classic, Singleplayer, Shooter, Atmospheric, Gore, First-Person",True,False,False,13480,15867,1069,"1,000,000 .. 2,000,000",426,369,137,87,17,0,0,2010,5,1500000.0,False,2.39698576841553,-0.04712728696551981,-0.2628762263687872,-0.14209042723478343,-0.3453586044247277,-1.7054684981304258,Action,16936,0.9368800188946622
1003590,Tetris® Effect: Connected,2021-08-17,False,39.99,False,0,"Monstars Inc., Resonair, Stage Games",Enhance,"Casual, Indie","Single-player, Multi-player, PvP, Online PvP, Shared/Split Screen PvP, Co-op, Online Co-op, Shared/Split Screen Co-op, Shared/Split Screen, Cross-Platform Multiplayer, Steam Achievements, Full controller support, Tracked Controller Support, VR Supported, Steam Cloud, Steam Leaderboards, Remote Play Together, Family Sharing","Puzzle, Family Friendly, Singleplayer, Multiplayer, Competitive, Indie, Online Co-Op, Music, Arcade, Casual",True,False,False,8164,7528,404,"500,000 .. 1,000,000",711,26,317,99,0,2,43,2021,8,750000.0,False,3.7133281345162463,-0.08448203161123478,-0.17701476234217917,-0.05760269267919593,-0.008825679056755686,0.8112199599834088,Casual,7932,0.9490670700958144
359100,Q.U.B.E. 2,2018-03-13,False,24.99,False,0,Toxic Games,Trapped Nerve Games,"Action, Adventure, Indie, Simulation","Single-player, Steam Achievements, Full controller support, Steam Trading Cards, VR Support, Steam Cloud, Remote Play on TV, Family Sharing","Adventure, Action, Indie, Puzzle, First-Person, Female Protagonist, Singleplayer, Sci-fi, Simulation, Space",True,False,False,993,1396,259,"200,000 .. 500,000",200,0,212,3,0,4,29,2018,3,350000.0,False,3.2577118486533987,-0.1348715865123676,-0.3309628610004132,0.026885041876391583,-0.11839453847888612,0.12485038049781758,Action,1655,0.8435045317220544
2646460,Soulmask,2026-04-09,False,26.99,False,10,CampFire Studio,Qooland Games,"Adventure, Indie, RPG, Simulation, Free To Play","Single-player, Multi-player, PvP, Online PvP, LAN PvP, Co-op, Online Co-op, LAN Co-op, Steam Achievements, Steam Workshop, Partial Controller Support, Steam Cloud, Family Sharing","Early Access, Survival, Open World Survival Craft, Multiplayer, Hunting, PvP, Sandbox, Action-Adventure, Building, Base-Building",True,False,False,16119,11979,2887,"200,000 .. 500,000",4538,1210,1521,2760,0,3,120,2026,4,350000.0,False,3.331847303527362,-0.028583424828566868,0.9759390019730102,-0.015358825401402173,0.5938030477649617,1.9551692591260608,Adventure,14866,0.8057984662989371
1497640,Traitors in Salem,2022-09-14,False,0.0,False,0,BlankMediaGames,Digital Bandidos,"Casual, Indie, Strategy, Free To Play","Multi-player, PvP, Online PvP, Co-op, Online Co-op, Steam Achievements, In-App Purchases, Steam Cloud, Family Sharing","Social Deduction, PvP, Casual, Multiplayer, Strategy, Detective, Mystery, Strategy RPG, RPG, Cute",True,True,False,673,657,422,"200,000 .. 500,000",20,0,12,0,0,0,265,2022,9,350000.0,True,0.0,-0.13712017911707583,-0.3851911540698499,-0.14209042723478343,1.7286233774941697,1.0400098198119392,Casual,1079,0.6088971269694161
1040200,Crime Scene Cleaner,2024-08-14,False,29.99,False,0,President Studio,"President Studio, PlayWay S.A.","Action, Simulation","Single-player, Steam Achievements, Full controller support, Steam Cloud, Family Sharing","Simulation, Crime, Gore, Singleplayer, First-Person, Relaxing, Mature, Atmospheric, Action, Adventure",True,False,False,29727,21567,451,"500,000 .. 1,000,000",1184,481,801,596,0,2,80,2024,8,750000.0,False,3.433664571799657,0.06703797568664936,-0.03451485888749282,-0.05760269267919593,0.28074916370173186,1.497589539469,Action,22018,0.9795167590153511
201790,Orcs Must Die! 2,2012-07-30,False,14.99,False,0,Robot Entertainment,Robot Entertainment,"Action, Adventure, Indie, RPG, Strategy","Single-player, Multi-player, Co-op, Online Co-op, LAN Co-op, Steam Achievements, Full controller support, Steam Trading Cards, Steam Workshop, Steam Cloud, Steam Leaderboards, Family Sharing","Tower Defense, Co-op, Action, Strategy, Online Co-Op, Indie, Multiplayer, Third Person, RPG, Third-Person Shooter",True,False,False,12837,17917,1371,"2,000,000 .. 5,000,000",549,0,261,34,0,4,27,2012,7,3500000.0,False,2.771963526845863,-0.05164555273060535,-0.22582022610467214,0.026885041876391583,-0.1340472326820476,-1.247888778473365,Action,19288,0.9289195354624638
1240210,There Is No Game: Wrong Dimension,2020-08-06,False,12.99,False,0,Draw Me A Pixel,Draw Me A Pixel,"Adventure, Casual, Indie","Single-player, Steam Achievements, Steam Trading Cards, Steam Cloud, Remote Play on Tablet, Family Sharing","Indie, Adventure, Point & Click, Puzzle, Pixel Graphics, Casual, Funny, Comedy, Story Rich, Singleplayer",True,True,False,23225,22907,523,"500,000 .. 1,000,000",327,0,332,34,0,1,34,2020,8,750000.0,False,2.63834278867739,0.02134938469973461,-0.29270178755697734,-0.09984655995698968,-0.07926280297098239,0.5824301001548784,Adventure,23430,0.9776781903542467
466170,Idling to Rule the Gods,2016-05-27,False,0.0,True,0,Shugasu GmbH,Shugasu GmbH,"Casual, Indie, Simulation, Strategy, Free To Play","Single-player, Steam Achievements, Steam Trading Cards, In-App Purchases, Steam Leaderboards","Free to Play, Indie, Simulation, Casual, Text-Based, Singleplayer, Strategy, God Game, Management, Clicker",True,True,True,0,1638,278,"200,000 .. 500,000",5743,0,2431,1157,0,0,77,2016,5,350000.0,True,0.0,-0.14184925043885277,1.3389672972434057,-0.14209042723478343,0.25727012239698965,-0.33272933915924324,Casual,1916,0.8549060542797495
1148590,DOOM 64,2020-03-19,False,4.99,False,0,"id Software, Nightdive Studios",Bethesda Softworks,Action,"Single-player, Steam Achievements, Keyboard Only Option, Playable without Timed Input, Save Anytime, Stereo Sound, Surround Sound, Partial Controller Support, Steam Cloud, Family Sharing","Action, FPS, Classic, 1990's, Retro, Gore, Shooter, Violent, First-Person, Cult Classic",True,False,False,7678,7272,505,"200,000 .. 500,000",187,0,98,58,17,0,10,2020,3,350000.0,False,1.7900914121273581,-0.08789708162963537,-0.33487934883320586,-0.14209042723478343,-0.26709513340892027,0.5824301001548784,Action,7777,0.935064935064935
107100,Bastion,2011-08-16,False,2.24,False,85,Supergiant Games,Supergiant Games,"Action, Indie, RPG","Single-player, Steam Achievements, Full controller support, Steam Trading Cards, Steam Cloud, Steam Leaderboards, Remote Play on Phone, Remote Play on Tablet, Remote Play on TV, Family Sharing","Great Soundtrack, Indie, Action, Singleplayer, Narration, RPG, Hack and Slash, Story Rich, Dynamic Narration, Isometric",True,True,True,28000,35661,1731,"2,000,000 .. 5,000,000",335,36,187,15,0,1,24,2011,8,3500000.0,False,1.1755733298042381,0.05490260247311479,-0.2902916411983357,-0.09984655995698968,-0.15752627398678984,-1.4766786383018953,Action,37392,0.953706675224647
417890,Apotheon Arena,2015-12-08,False,0.0,True,0,Alientrap,Alientrap,"Action, Free To Play, Indie","Single-player, Multi-player, Shared/Split Screen, Full controller support, Remote Play Together","Free to Play, Action, Indie, Multiplayer, 2D, Historical, Gore, Nudity, Local Multiplayer, Mythology",True,False,False,0,880,189,"200,000 .. 500,000",40,0,35,1,0,0,0,2015,12,350000.0,True,0.0,-0.14184925043885277,-0.3791657881732458,-0.14209042723478343,-0.3453586044247277,-0.5615191989877737,Action,1069,0.823199251637044
1341230,Super Buckyball Tournament Preseason,2020-11-19,False,0.0,False,0,Pathea Games,Pathea Games,"Action, Casual, Free To Play, Indie, Sports, Strategy","Multi-player, PvP, Online PvP, Co-op, Online Co-op, Full controller support, Remote Play on TV, Family Sharing","Party Game, Sports, Team-Based, e-sports, Online Co-Op, Multiplayer, Co-op, Party, PvP, Cyberpunk",True,False,False,0,1069,175,"200,000 .. 500,000",128,0,75,0,0,0,0,2020,11,350000.0,True,0.0,-0.14184925043885277,-0.3526541782281879,-0.14209042723478343,-0.3453586044247277,0.5824301001548784,Action,1244,0.8593247588424437
333640,Caves of Qud,2024-12-05,False,29.99,False,0,Freehold Games,Kitfox Games,"Adventure, Indie, RPG, Strategy","Single-player, Steam Achievements, Full controller support, Steam Workshop, Steam Cloud, Steam Leaderboards, Includes level editor, Family Sharing","Procedural Generation, Turn-Based Combat, Open World, Turn-Based, Transhumanism, Sci-fi, Replay Value, Traditional Roguelike, Rogue-like, Story Rich",True,True,True,11405,9912,498,"200,000 .. 500,000",4558,2,314,425,0,2,150,2024,12,350000.0,False,3.433664571799657,-0.06170800463667455,0.9819643678696143,-0.05760269267919593,0.828593460812384,1.497589539469,Adventure,10410,0.9521613832853026
38410,Fallout 2: A Post Nuclear Role Playing Game,2009-08-19,False,9.99,False,0,Black Isle Studios,Bethesda Softworks,RPG,"Single-player, Steam Cloud, Family Sharing","RPG, Post-apocalyptic, Classic, Isometric, Open World, Turn-Based Combat, Turn-Based, Singleplayer, Atmospheric, Story Rich",True,False,False,13501,14550,884,"1,000,000 .. 2,000,000",2438,1,137,129,16,0,0,2009,8,1500000.0,False,2.39698576841553,-0.04697972307583583,0.3432755828295826,-0.14209042723478343,-0.3453586044247277,-1.934258357958956,RPG,15434,0.942723856420889
215160,The Book of Unwritten Tales,2012-07-31,False,19.99,False,0,KING Art,THQ Nordic,Adventure,"Single-player, Remote Play on Tablet, Family Sharing","Adventure, Point & Click, Comedy, Singleplayer, Fantasy, Puzzle, Classic, Retro, Great Soundtrack, Story Rich",True,True,True,1561,1909,185,"200,000 .. 500,000",513,0,510,0,0,1,0,2012,7,350000.0,False,3.0440461338325417,-0.13088033463901055,-0.23666588471855948,-0.09984655995698968,-0.3453586044247277,-1.247888778473365,Adventure,2094,0.9116523400191022
212070,Star Conflict,2013-02-27,False,0.0,True,0,Star Gem Inc.,Gaijin Network Ltd,"Action, Adventure, Massively Multiplayer, RPG, Simulation, Free To Play","Multi-player, MMO, Co-op, Steam Achievements, Steam Trading Cards, VR Support, Custom Volume Controls, Playable without Timed Input, Partial Controller Support","Online Co-Op, Free to Play, Space Sim, Open World, Massively Multiplayer, Action, PvE, Trading, Sandbox, Shooter",True,True,True,200,10879,3974,"2,000,000 .. 5,000,000",1523,0,132,95,0,81,213,2013,2,3500000.0,True,0.0,-0.14044388006091013,0.06761509305994623,3.279662822266511,1.321653328211971,-1.0190989186448345,Action,14853,0.7324446239816872
47790,Medal of Honor™,2010-10-12,False,19.99,False,0,Electronic Arts,Electronic Arts,Action,"Single-player, Multi-player, Family Sharing","FPS, Action, Shooter, Singleplayer, Multiplayer, Military, First-Person, War, Modern, Realistic",True,False,False,6572,7621,2438,"1,000,000 .. 2,000,000",271,158,104,24,17,0,0,2010,10,1500000.0,False,3.0440461338325417,-0.09566877981965809,-0.3095728120674688,-0.14209042723478343,-0.3453586044247277,-1.7054684981304258,Action,10059,0.7576299830997117
1110390,Unturned - Dedicated Server,2019-06-21,False,0.0,False,0,Unknown,Unknown,Unknown,Family Sharing,"Multiplayer, Free to Play, Survival, Zombies, First-Person, Action, PvP, Open World, Casual, Adventure",True,False,False,0,1319,238,"500,000 .. 1,000,000",0,0,0,24,0,0,0,2019,6,750000.0,True,0.0,-0.14184925043885277,-0.39121651996645396,-0.14209042723478343,-0.3453586044247277,0.353640240326348,Unknown,1557,0.8471419396274887
435150,Divinity: Original Sin 2 - Definitive Edition,2017-09-14,False,11.24,False,75,Larian Studios,Larian Studios,"Adventure, RPG, Strategy","Single-player, Multi-player, PvP, Online PvP, Shared/Split Screen PvP, Co-op, Online Co-op, Shared/Split Screen Co-op, Shared/Split Screen, Steam Achievements, Full controller support, Steam Trading Cards, Captions available, Steam Workshop, Steam Cloud, Includes level editor, Remote Play on Tablet, Remote Play on TV, Remote Play Together, Family Sharing","Tactical RPG, RPG, Turn-Based Strategy, Story Rich, Fantasy, Character Customization, CRPG, Exploration, Party-Based RPG, Strategy RPG",True,True,False,176825,182166,7958,"5,000,000 .. 10,000,000",4374,227,1794,3510,0,3,97,2017,9,7500000.0,False,2.50470927708418,1.1006738349596707,0.9265310016208569,-0.015358825401402173,0.41379706442860453,-0.10393947933071283,Adventure,190124,0.958143106604111
601150,Devil May Cry 5,2019-03-07,False,29.99,False,0,"CAPCOM Co., Ltd.","CAPCOM Co., Ltd.",Action,"Single-player, Multi-player, Co-op, Online Co-op, Steam Achievements, Full controller support, Steam Trading Cards, Steam Cloud, Remote Play on TV, HDR available, Family Sharing","Action, Hack and Slash, Great Soundtrack, Character Action Game, Demons, Spectacle fighter, Third Person, Singleplayer, Sexual Content, Violent",True,False,False,111051,140260,5873,"5,000,000 .. 10,000,000",1453,154,568,2248,17,32,55,2019,3,7500000.0,False,3.433664571799657,0.6384896787656796,0.04652631242183197,1.2097133256546169,0.08509048616221325,0.353640240326348,Action,146133,0.9598105835095426
730,Counter-Strike 2,2012-08-21,False,0.0,True,0,Valve,Valve,"Action, Free To Play","Multi-player, Cross-Platform Multiplayer, Steam Trading Cards, Steam Workshop, In-App Purchases, Adjustable Text Size, Camera Comfort, Color Alternatives, Custom Volume Controls, Playable without Timed Input, Stereo Sound, Surround Sound, Valve Anti-Cheat enabled, Stats, Remote Play on Phone, Remote Play on Tablet, Remote Play on TV, Steam Timeline","FPS, Shooter, Multiplayer, Competitive, Action, Team-Based, e-sports, Tactical, First-Person, PvP",True,False,True,5037443,7642084,1173003,"100,000,000 .. 200,000,000",34018,676,6289,1013936,0,1,1,2012,8,150000000.0,True,0.0,35.255516613433315,9.857328333567414,-0.09984655995698968,-0.33753225732314696,-1.247888778473365,Action,8815087,0.8669323399757711
582010,Monster Hunter: World,2018-08-08,False,29.99,False,0,"CAPCOM Co., Ltd.","CAPCOM Co., Ltd.",Action,"Single-player, Multi-player, Co-op, Steam Achievements, Steam Trading Cards, Adjustable Text Size, Camera Comfort, Custom Volume Controls, Keyboard Only Option, Stereo Sound, Surround Sound, Partial Controller Support, Steam Cloud, Stats, Steam Leaderboards, Remote Play on Tablet, HDR available, Family Sharing","Co-op, Multiplayer, Action, Open World, RPG, Character Customization, Third Person, Adventure, Fantasy, Action RPG",True,False,False,313996,434239,59151,"10,000,000 .. 20,000,000",8549,551,2552,11923,0,200,100,2018,8,15000000.0,False,3.433664571799657,2.06455413552351,2.184326132536957,8.306683028323967,0.4372761057333468,0.12485038049781758,Action,493390,0.8801130951174527
282900,Hyperdimension Neptunia Re;Birth1,2015-01-29,False,6.74,False,55,"IDEA FACTORY Co., Ltd., COMPILE HEART Co., Ltd., FELISTELLA Co., Ltd.","Idea Factory International, Inc., IDEA FACTORY Co., Ltd.","RPG, Strategy","Single-player, Steam Achievements, Full controller support, Steam Trading Cards, Steam Cloud, Family Sharing","Anime, JRPG, Female Protagonist, Cute, RPG, Singleplayer, Comedy, Funny, Turn-Based, Visual Novel",True,False,False,10094,11414,692,"500,000 .. 1,000,000",1024,0,310,20,0,21,45,2015,1,750000.0,False,2.046401687601636,-0.07092020746408846,-0.0827177860603254,0.7450307855988855,0.006827015146405804,-0.5615191989877737,RPG,12106,0.9428382620188336
113020,Monaco: What's Yours Is Mine,2013-04-24,False,14.99,False,0,Pocketwatch Games,Balor Games,"Action, Adventure, Casual, Indie, Strategy","Single-player, Multi-player, PvP, Online PvP, Shared/Split Screen PvP, Co-op, Online Co-op, Shared/Split Screen Co-op, Shared/Split Screen, Cross-Platform Multiplayer, Steam Achievements, Full controller support, Steam Trading Cards, Steam Workshop, Steam Cloud, Steam Leaderboards, Includes level editor, Remote Play Together, Family Sharing","Co-op, Stealth, Indie, Heist, Local Co-Op, Strategy, Online Co-Op, Top-Down, Action, Multiplayer",True,True,True,3760,7728,800,"2,000,000 .. 5,000,000",1111,0,123,6,0,1,13,2013,4,3500000.0,False,2.771963526845863,-0.1154282873335314,-0.05650744441009768,-0.09984655995698968,-0.24361609210417803,-1.0190989186448345,Action,8528,0.9061913696060038
96000,The Tiny Bang Story,2011-04-22,False,4.99,False,0,Colibri Games,Colibri Games,"Adventure, Casual, Indie","Single-player, Steam Trading Cards, Family Sharing","Point & Click, Puzzle, Hand-drawn, Steampunk, Retro, Atmospheric, 2D, Story Rich, Casual, Family Friendly",True,True,True,3759,5630,821,"2,000,000 .. 5,000,000",300,0,308,10,0,0,0,2011,4,3500000.0,False,1.7900914121273581,-0.11543531418542112,-0.30083603151739285,-0.14209042723478343,-0.3453586044247277,-1.4766786383018953,Adventure,6451,0.8727329096264145
795100,Friday the 13th: Killer Puzzle,2018-04-12,False,0.0,False,0,Blue Wizard Digital,Blue Wizard Digital,"Casual, Free To Play, Indie, Strategy","Single-player, Steam Achievements, Full controller support, Steam Trading Cards, In-App Purchases, Steam Cloud, Family Sharing","Free to Play, Puzzle, Horror, Gore, Violent, Blood, Casual, Singleplayer, Strategy, Multiplayer",True,True,False,0,5644,374,"500,000 .. 1,000,000",102,0,62,6,17,0,51,2018,4,750000.0,True,0.0,-0.14184925043885277,-0.36048715389377317,-0.14209042723478343,0.05378509775589027,0.12485038049781758,Casual,6018,0.9378531073446328
6910,Deus Ex: Game of the Year Edition,2007-03-29,False,6.99,False,0,Ion Storm,Eidos Interactive Corp.,Action,"Single-player, Multi-player, Full controller support, Family Sharing","Cyberpunk, RPG, Stealth, Classic, Immersive Sim, FPS, Sci-fi, Cult Classic, Action, Singleplayer",True,False,False,13409,13801,751,"1,000,000 .. 2,000,000",487,0,69,48,17,0,0,2007,3,1500000.0,False,2.0781907597781832,-0.04762619344968944,-0.24449886038414478,-0.14209042723478343,-0.3453586044247277,-2.391838077616017,Action,14552,0.9483919736118747
215930,Jagged Alliance 2 - Wildfire,2012-11-16,False,8.99,False,0,I-deal Games,Topware Interactive,"RPG, Strategy","Single-player, Steam Trading Cards, Steam Cloud, Family Sharing","Strategy, RPG, Turn-Based Tactics, Turn-Based, Turn-Based Strategy, Tactical, Isometric, Singleplayer, Classic, Tactical RPG",True,True,True,1342,1347,380,"500,000 .. 1,000,000",602,0,424,157,0,0,0,2012,11,750000.0,False,2.301584592660462,-0.13241921520285774,-0.20985300647867136,-0.14209042723478343,-0.3453586044247277,-1.247888778473365,RPG,1727,0.779965257672264
1544020,The Callisto Protocol™,2022-12-01,False,59.99,False,0,Striking Distance Studios,"KRAFTON, Inc.","Action, Adventure","Single-player, Steam Achievements, Full controller support, Steam Cloud, Family Sharing","Horror, Sci-fi, Survival Horror, Third-Person Shooter, Space, Shooter, Action-Adventure, Third Person, PvE, Action",True,False,False,34507,25601,13829,"1,000,000 .. 2,000,000",432,0,241,46,17,8,46,2022,12,1500000.0,False,4.110709916308365,0.1006263277194781,-0.26106861659980596,0.19586051098756663,0.014653362247986548,1.0400098198119392,Action,39430,0.6492772001014456
493540,Figment,2017-09-22,False,3.99,False,80,Bedtime Digital Games,Bedtime Digital Games,"Action, Adventure, Casual, Indie","Single-player, Steam Achievements, Full controller support, Steam Trading Cards, Steam Cloud, Remote Play on TV, Family Sharing","Adventure, Indie, Puzzle, Action, Hand-drawn, Great Soundtrack, Singleplayer, Surreal, Isometric, Atmospheric",True,True,True,1307,4610,674,"500,000 .. 1,000,000",195,0,85,4,0,1,23,2017,9,750000.0,False,1.6074359097634274,-0.1326651550189977,-0.33246920247456424,-0.09984655995698968,-0.1653526210883706,-0.10393947933071283,Action,5284,0.872445117335352
6060,"STAR WARS™ Battlefront II (Classic, 2005)",2009-07-08,False,9.99,False,0,Pandemic Studios,"Lucasfilm, LucasArts, Disney",Action,"Single-player, Multi-player, PvP, Online PvP, Steam Cloud, Family Sharing","Action, Multiplayer, Shooter, Classic, Third-Person Shooter, Sci-fi, Space, FPS, First-Person, Singleplayer",True,False,False,46065,50396,2891,"2,000,000 .. 5,000,000",670,0,174,323,0,0,0,2009,7,3500000.0,False,2.39698576841553,0.18184268186078242,-0.1893667624302175,-0.14209042723478343,-0.3453586044247277,-1.934258357958956,Action,53287,0.9457466173738436
270090,//N.P.P.D. RUSH//- The milk of Ultraviolet,2014-02-13,False,3.99,False,0,Rail Slave Games,KPL,"Action, Indie","Single-player, Steam Trading Cards, Family Sharing","Indie, Bullet Hell, Retro, Action, Shooter, Illuminati, Surreal, Cyberpunk, Shoot 'Em Up, Experimental",True,False,False,353,252,519,"200,000 .. 500,000",227,0,211,0,0,0,0,2014,2,350000.0,False,1.6074359097634274,-0.13936877172178402,-0.3228286170399977,-0.14209042723478343,-0.3453586044247277,-0.7903090588163041,Action,771,0.32684824902723736
1486920,Tempest Rising,2025-04-24,False,39.99,False,0,Slipgate Ironworks™,"3D Realms, Knights Peak, Saber Interactive","Action, Strategy","Single-player, Multi-player, PvP, Online PvP, Steam Achievements, Steam Trading Cards, Steam Cloud, Family Sharing","RTS, Strategy, Base-Building, Singleplayer, Multiplayer, Isometric, 3D, Real-Time, War, Action",True,False,False,9257,6276,767,"500,000 .. 1,000,000",728,5,277,528,0,2,98,2025,4,750000.0,False,3.7133281345162463,-0.07680168249577835,-0.1718932013300657,-0.05760269267919593,0.4216234115301853,1.7263793992975305,Action,7043,0.891097543660372
354430,STAR WARS™ - X-Wing Special Edition,2015-04-28,False,9.99,False,0,Lucasfim,"LucasArts, Lucasfim, Disney","Action, Simulation","Single-player, Partial Controller Support, Steam Cloud, Family Sharing","Action, Space Sim, Simulation, Singleplayer, Space, Flight, Classic, 1990's, Sci-fi, Retro",True,True,False,384,335,100,"200,000 .. 500,000",1,0,1,5,0,0,0,2015,4,350000.0,False,2.39698576841553,-0.1391509393132029,-0.3909152516716238,-0.14209042723478343,-0.3453586044247277,-0.5615191989877737,Action,435,0.7701149425287356
367580,Hook,2015-07-06,False,2.99,False,0,Maciej Targoni,Maciej Targoni,"Casual, Indie","Single-player, Steam Achievements, Steam Trading Cards, Steam Cloud, Family Sharing","Casual, Puzzle, Relaxing, Minimalist, Abstract, Short, Singleplayer, Family Friendly, Indie, 2D",True,True,True,7907,8617,270,"200,000 .. 500,000",145,0,131,1,0,0,1,2015,7,350000.0,False,1.3837912309017721,-0.08628793254689106,-0.3475326172160744,-0.14209042723478343,-0.33753225732314696,-0.5615191989877737,Casual,8887,0.9696185439405873
32800,Lord of the Rings: War in the North,2011-11-01,False,0.0,False,0,Snowblind Studios,Warner Bros. Interactive Entertainment,"Action, RPG","Single-player, Multi-player, Co-op, Steam Achievements, Steam Cloud, Family Sharing","RPG, Action, Co-op, Fantasy, Hack and Slash, Online Co-Op, Third Person, Action RPG, Adventure, Singleplayer",True,False,False,3510,7603,1749,"1,000,000 .. 2,000,000",410,0,209,16,0,0,46,2011,11,1500000.0,True,0.0,-0.11718500030595969,-0.26769651908607045,-0.14209042723478343,0.014653362247986548,-1.4766786383018953,Action,9352,0.8129811804961505
369990,"Gremlins, Inc.",2016-03-10,False,19.99,False,0,Charlie Oscar Lima Tango Interactive Entertainment,Small Fish Big Dreams,"Indie, Strategy","Single-player, Multi-player, PvP, Online PvP, Co-op, Online Co-op, Cross-Platform Multiplayer, Steam Achievements, Steam Trading Cards, Steam Workshop, Steam Cloud, Stats, Family Sharing","Board Game, Tabletop, Card Game, Strategy, Multiplayer, Turn-Based, Turn-Based Strategy, Competitive, Moddable, Satire",True,True,True,6597,7065,1324,"500,000 .. 1,000,000",809,0,296,128,0,8,100,2016,3,750000.0,False,3.0440461338325417,-0.09549310852241526,-0.1474904694488192,0.19586051098756663,0.4372761057333468,-0.33272933915924324,Indie,8389,0.8421742758374061
314970,Age of Conquest IV,2016-04-05,False,0.0,True,0,Noble Master LLC,Noble Master LLC,"Indie, Strategy, Free To Play","Single-player, Multi-player, PvP, Online PvP, Shared/Split Screen PvP, Co-op, Online Co-op, Shared/Split Screen Co-op, Shared/Split Screen, Cross-Platform Multiplayer, Steam Achievements, Steam Trading Cards, In-App Purchases, Custom Volume Controls, Adjustable Difficulty, Mouse Only Option, Playable without Timed Input, Save Anytime, Touch Only Option, Steam Cloud, Stats, Includes level editor, Remote Play Together","Free to Play, Strategy, Turn-Based Strategy, War, Multiplayer, Indie, Grand Strategy, Singleplayer, Board Game, Historical",True,True,True,0,2242,506,"500,000 .. 1,000,000",222,0,89,17,0,1,21,2016,4,750000.0,True,0.0,-0.14184925043885277,-0.32433495851414873,-0.09984655995698968,-0.18100531529153208,-0.33272933915924324,Indie,2748,0.8158660844250364
415860,Tactical Craft Online,2016-02-12,False,0.0,False,0,Crematorium of Time,Crematorium of Time,"Free To Play, Indie, Massively Multiplayer, RPG, Strategy, Early Access","Multi-player, MMO, PvP, Online PvP, Co-op, Online Co-op, Steam Achievements, In-App Purchases, Family Sharing","Free to Play, Open World Survival Craft, Crafting, Survival, Open World, Massively Multiplayer, Multiplayer, Strategy, Sandbox, RPG",True,False,False,0,562,599,"200,000 .. 500,000",157,0,40,0,0,0,44,2016,2,350000.0,True,0.0,-0.14184925043885277,-0.34391739767811197,-0.14209042723478343,-0.0009993319551749415,-0.33272933915924324,Indie,1161,0.48406546080964685
1273710,King of Crabs,2023-09-25,False,0.0,True,0,"Robot Squid, Spilt Milk Studios Ltd",Robot Squid,"Action, Casual, Massively Multiplayer, Free To Play","Single-player, Multi-player, MMO, PvP, Online PvP, Co-op, Online Co-op, Cross-Platform Multiplayer, Steam Achievements, Full controller support, In-App Purchases","Exploration, PvE, Hack and Slash, Top-Down Shooter, PvP, Battle Royale, Shooter, Controller, Arcade, Dark Humor",True,False,False,0,7102,1876,"200,000 .. 500,000",128,0,52,24,0,0,74,2023,9,350000.0,True,0.0,-0.14184925043885277,-0.3526541782281879,-0.14209042723478343,0.23379108109224742,1.2687996796404697,Action,8978,0.7910447761194029
1204050,Pixel Studio - pixel art editor,2019-12-24,False,0.0,True,0,Hippo Games,Hippo Games,"Animation & Modeling, Design & Illustration, Photo Editing, Game Development",In-App Purchases,"Animation & Modeling, Pixel Graphics, Design & Illustration, Free to Play, Software, Game Development, Photo Editing, Tutorial, Utilities",True,True,False,0,4581,194,"200,000 .. 500,000",353,0,85,130,0,0,0,2019,12,350000.0,True,0.0,-0.14184925043885277,-0.28486881189139207,-0.14209042723478343,-0.3453586044247277,0.353640240326348,Other,4775,0.9593717277486911
2432990,NightSpawn,2023-12-01,False,0.0,False,0,Blood Eater Games,Forthright Entertainment,"Action, Adventure, Indie, Early Access","Single-player, Multi-player, PvP, Online PvP, Co-op, Online Co-op, Steam Achievements, Full controller support, In-App Purchases, Steam Cloud, Steam Leaderboards, Family Sharing","Early Access, Investigation, Mystery, Mythology, Psychological Horror, Supernatural, Thriller, Vampire, Character Customization, Werewolves",True,False,False,0,39,19,"200,000 .. 500,000",0,0,0,0,0,0,36,2023,12,350000.0,True,0.0,-0.14184925043885277,-0.39121651996645396,-0.14209042723478343,-0.0636101087678209,1.2687996796404697,Action,58,0.6724137931034483
1253920,Rogue Legacy 2,2022-04-28,False,24.99,False,0,Cellar Door Games,Cellar Door Games,"Action, Adventure, Indie, RPG","Single-player, Steam Achievements, Full controller support, Steam Trading Cards, Steam Cloud, Remote Play on Tablet, Family Sharing","Arcade, Metroidvania, Platformer, Action, Indie, Adventure, RPG, Rogue-lite, Difficult, Singleplayer",True,True,True,14017,13143,1326,"1,000,000 .. 2,000,000",1506,0,462,167,0,0,39,2022,4,1500000.0,False,3.2577118486533987,-0.04335386750074386,0.06249353204783277,-0.14209042723478343,-0.040131067463078665,1.0400098198119392,Action,14469,0.9083557951482479
814370,Monster Sanctuary,2020-12-08,False,19.99,False,0,moi rai games,Team17,"Action, Adventure, Indie, RPG, Strategy","Single-player, Multi-player, PvP, Online PvP, Steam Achievements, Full controller support, Steam Trading Cards, Steam Cloud, Steam Leaderboards, Remote Play on Phone, Remote Play on Tablet, Family Sharing","Creature Collector, Pixel Graphics, Metroidvania, Turn-Based Tactics, Singleplayer, Turn-Based Combat, Exploration, Fantasy, Adventure, JRPG",True,True,True,10147,10468,971,"500,000 .. 1,000,000",1290,0,462,166,0,2,41,2020,12,750000.0,False,3.0440461338325417,-0.07054778431393366,-0.0025804196354912265,-0.05760269267919593,-0.024478373259917176,0.5824301001548784,Action,11439,0.9151149576011889
2132850,Rabbit and Steel,2024-05-09,False,14.99,False,0,mino_dev,mino_dev,"Action, Adventure, Indie, RPG","Single-player, Multi-player, Co-op, Online Co-op, Shared/Split Screen Co-op, Shared/Split Screen, Steam Achievements, Full controller support, Steam Cloud, Remote Play Together, Family Sharing","Co-op, Bullet Hell, Action Roguelike, Cute, Anime, Rogue-like, 2D, Difficult, Class-Based, Fantasy",True,False,False,9501,8474,237,"200,000 .. 500,000",670,44,279,140,0,2,54,2024,5,350000.0,False,2.771963526845863,-0.07508713063468835,-0.1893667624302175,-0.05760269267919593,0.07726413906063251,1.497589539469,Action,8711,0.9727930203191367
231160,The Swapper,2013-05-30,False,14.99,False,0,"Olli Harjola, Otto Hantula, Tom Jubert, Carlo Castellano",Facepalm Games,"Action, Adventure, Indie","Single-player, Steam Achievements, Full controller support, Steam Trading Cards, Remote Play on TV, Family Sharing","Puzzle, Sci-fi, Atmospheric, Indie, Space, Platformer, Puzzle-Platformer, Singleplayer, Adventure, Philosophical",True,False,False,5019,6929,440,"500,000 .. 1,000,000",142,0,88,6,0,0,10,2013,5,750000.0,False,2.771963526845863,-0.10658148080438258,-0.348436422100565,-0.14209042723478343,-0.26709513340892027,-1.0190989186448345,Action,7369,0.9402904057538336
1191330,Inferna,2019-12-20,False,0.0,True,0,INFERNA UG (haftungsbeschränkt),INFERNA UG (haftungsbeschränkt),"Action, Adventure, Casual, Indie, Massively Multiplayer, RPG, Sports, Strategy, Free To Play, Early Access","Multi-player, MMO, PvP, Online PvP, Co-op, Online Co-op, In-App Purchases, Partial Controller Support","MMORPG, Massively Multiplayer, Free to Play, RPG, Indie, Open World, Multiplayer, Hack and Slash, Adventure, Fantasy",True,True,False,0,1335,814,"500,000 .. 1,000,000",78,0,70,52,0,0,0,2019,12,750000.0,True,0.0,-0.14184925043885277,-0.3677175929696981,-0.14209042723478343,-0.3453586044247277,0.353640240326348,Action,2149,0.6212191717077711
1778820,TEKKEN 8,2024-01-25,False,59.99,False,0,Bandai Namco Studios Inc.,Bandai Namco Entertainment,Action,"Single-player, Multi-player, PvP, Online PvP, Shared/Split Screen PvP, Shared/Split Screen, Steam Achievements, Steam Trading Cards, Partial Controller Support, Steam Cloud, Family Sharing","Fighting, 3D Fighter, Action, Multiplayer, Local Multiplayer, e-sports, PvP, Arcade, Singleplayer, Competitive",True,False,False,45081,33020,28048,"1,000,000 .. 2,000,000",5647,350,1605,4409,0,22,47,2024,1,1500000.0,False,4.110709916308365,0.1749282596013047,1.310045540939706,0.7872746528766792,0.022479709349567292,1.497589539469,Action,61068,0.5407087181502588
6920,Deus Ex: Invisible War,2007-03-29,False,6.99,False,0,Ion Storm,Eidos Interactive Corp.,Action,"Single-player, Full controller support, Family Sharing","Cyberpunk, Action, FPS, RPG, Sci-fi, Stealth, Singleplayer, Immersive Sim, Transhumanism, First-Person",True,False,False,2152,1322,969,"1,000,000 .. 2,000,000",168,0,13,3,17,0,0,2007,3,1500000.0,False,2.0781907597781832,-0.1267274651721901,-0.34060344643497975,-0.14209042723478343,-0.3453586044247277,-2.391838077616017,Action,2291,0.577040593627237
555220,Detention,2017-01-12,False,11.99,False,0,RedCandleGames,"RedCandleGames, AGM PLAYISM","Adventure, Indie","Single-player, Steam Achievements, Steam Trading Cards, Steam Cloud, Remote Play on Phone, Remote Play on Tablet, Family Sharing","Horror, Indie, Psychological Horror, Atmospheric, Puzzle, Story Rich, Adventure, Great Soundtrack, Drama, Dark",True,True,True,12916,11782,2596,"500,000 .. 1,000,000",224,0,182,9,0,1,8,2017,1,750000.0,False,2.5641798306825083,-0.051090431431318015,-0.32373242192448837,-0.09984655995698968,-0.2827478276120818,-0.10393947933071283,Adventure,14378,0.8194463764084017
984110,SYNTHETIK: Arena,2019-01-21,False,0.0,True,0,Flow Fire Games,Flow Fire Games,"Action, Free To Play, Indie","Single-player, Multi-player, Co-op, Online Co-op, Full controller support, Steam Cloud","Free to Play, Action, Top-Down Shooter, Co-op, Multiplayer, Indie, Rogue-like, Shooter, Online Co-Op, Rogue-lite",True,False,False,0,2099,223,"200,000 .. 500,000",186,0,90,3,0,2,0,2019,1,350000.0,True,0.0,-0.14184925043885277,-0.3351806171280361,-0.05760269267919593,-0.3453586044247277,0.353640240326348,Action,2322,0.9039621016365202
1336490,Against the Storm,2023-12-08,False,8.99,False,70,Eremite Games,Hooded Horse,"Simulation, Strategy","Single-player, Steam Achievements, Steam Trading Cards, Adjustable Text Size, Camera Comfort, Custom Volume Controls, Adjustable Difficulty, Save Anytime, Stereo Sound, Surround Sound, Steam Cloud, Family Sharing","Strategy, City Builder, Simulation, Base-Building, Colony Sim, Management, Building, Resource Management, Rogue-like, Survival",True,False,False,31861,29837,1575,"500,000 .. 1,000,000",1716,0,566,958,0,3,80,2023,12,750000.0,False,2.301584592660462,0.08203327761929717,0.12575987396217553,-0.015358825401402173,0.28074916370173186,1.2687996796404697,Simulation,31412,0.9498599261428753
73170,Darkest Hour: A Hearts of Iron Game,2011-04-08,False,1.99,False,80,Martin Ivanov,Paradox Interactive,Strategy,"Single-player, Multi-player, Family Sharing","Strategy, Grand Strategy, World War II, Historical, World War I, Simulation, Wargame, Military, RTS, War",True,False,False,1695,1802,209,"200,000 .. 500,000",1286,0,282,72,0,0,0,2011,4,350000.0,False,1.095273387402595,-0.12993873648578902,-0.003785492814812041,-0.14209042723478343,-0.3453586044247277,-1.4766786383018953,Strategy,2011,0.8960716061660865
1682970,Uncrashed : FPV Drone Simulator,2021-09-01,False,14.99,False,0,Luminite,Luminite,"Action, Indie, Racing, Simulation, Sports","Single-player, Multi-player, PvP, Online PvP, Steam Workshop, Partial Controller Support, Steam Leaderboards, Includes level editor, Family Sharing","Simulation, Flight, Sports, Racing, Physics, Singleplayer, Realistic, First-Person, Immersive Sim, 3D",True,True,False,6673,4155,268,"200,000 .. 500,000",1209,424,683,507,0,0,0,2021,9,350000.0,False,2.771963526845863,-0.09495906777879706,-0.026983151516737722,-0.14209042723478343,-0.3453586044247277,0.8112199599834088,Action,4423,0.9394076418720325
312670,Strange Brigade,2018-08-27,False,49.99,False,0,Rebellion,Rebellion,"Action, Adventure","Single-player, Multi-player, Co-op, Online Co-op, Steam Achievements, Full controller support, Steam Trading Cards, Steam Cloud, Remote Play on TV, Family Sharing","Action, Adventure, Co-op, Zombies, Multiplayer, Third Person, Shooter, Online Co-Op, Singleplayer, Violent",True,False,False,8197,9034,1694,"500,000 .. 1,000,000",294,0,180,18,0,10,60,2018,8,750000.0,False,3.9316295350670645,-0.08425014549887426,-0.3026436412863741,0.28034824554315413,0.12422222167011698,0.12485038049781758,Action,10728,0.8420954511558538
858210,Nova Drift,2024-08-12,False,17.99,False,0,Chimeric,Pixeljam,"Action, Indie","Single-player, Steam Achievements, Full controller support, Steam Cloud, Steam Leaderboards, Family Sharing","Action Roguelike, Arena Shooter, Bullet Hell, Rogue-lite, Shoot 'Em Up, Shooter, Arcade, Action RPG, 2D, Rogue-like",True,True,False,12811,13393,592,"200,000 .. 500,000",1061,0,530,204,0,1,40,2024,8,350000.0,False,2.9439125248241944,-0.05182825087973789,-0.07157085915160787,-0.09984655995698968,-0.032304720361497924,1.497589539469,Action,13985,0.9576689309974973
399670,Game Corp DX,2015-10-02,False,2.99,False,0,Endless Loop Studios,Endless Loop Studios,"Indie, Simulation","Single-player, Steam Achievements, Steam Trading Cards, Steam Workshop, Steam Cloud, Stats, Steam Leaderboards, Family Sharing","Management, Simulation, Economy, Indie, 2D, Casual, Singleplayer, Game Development, Strategy, Relaxing",True,True,True,2713,2701,374,"200,000 .. 500,000",332,0,383,0,0,1,36,2015,10,350000.0,False,1.3837912309017721,-0.12278540126206104,-0.2911954460828263,-0.09984655995698968,-0.0636101087678209,-0.5615191989877737,Indie,3075,0.8783739837398374
222880,Insurgency,2014-01-22,False,14.99,False,0,New World Interactive,New World Interactive,"Action, Indie, Strategy","Multi-player, Co-op, Cross-Platform Multiplayer, Steam Achievements, Full controller support, Steam Trading Cards, Steam Workshop, Valve Anti-Cheat enabled, Includes level editor, Family Sharing","FPS, Realistic, Tactical, Multiplayer, Shooter, Action, Military, Team-Based, Co-op, First-Person",True,True,True,86427,114570,10301,"2,000,000 .. 5,000,000",2299,212,253,154,0,0,100,2014,1,3500000.0,False,2.771963526845863,0.46546047783338357,0.30139928984818426,-0.14209042723478343,0.4372761057333468,-0.7903090588163041,Action,124871,0.9175068670868336
1477830,HudSight - crosshair overlay,2021-01-05,False,7.99,False,0,Eduard Kozadaev,Eduard Kozadaev,"Action, Education, Software Training, Utilities, Video Production","Steam Achievements, Steam Workshop","Utilities, Video Production, Action, Software Training, Education, FPS, Software, Shooter",True,False,False,5031,4141,536,"500,000 .. 1,000,000",1535,0,412,1120,0,0,8,2021,1,750000.0,False,2.196112848483529,-0.10649715858170601,0.07123031259790867,-0.14209042723478343,-0.2827478276120818,0.8112199599834088,Action,4677,0.8853966217660894
298180,The Desolate Hope,2014-05-05,False,0.0,True,0,Scott Cawthon,Scott Cawthon,"Action, Adventure, Indie, RPG","Single-player, Family Sharing","RPG, Adventure, Free to Play, Robots, Indie, Platformer, Action, Sci-fi, Singleplayer, 2D",True,False,False,121,1508,131,"500,000 .. 1,000,000",283,0,204,2,0,0,0,2014,5,750000.0,True,0.0,-0.14099900136019747,-0.30595759252950633,-0.14209042723478343,-0.3453586044247277,-0.7903090588163041,Action,1639,0.9200732153752288
13580,Tom Clancy's Splinter Cell Double Agent®,2009-02-13,False,2.49,False,75,Ubisoft Montreal,Ubisoft,Action,"Single-player, Family Sharing","Stealth, Action, Third Person, Singleplayer, Multiplayer, Adventure, Co-op, Shooter, Third-Person Shooter, Classic",True,False,False,1730,620,1064,"200,000 .. 500,000",45,0,11,9,17,0,0,2009,2,350000.0,False,1.2499017362143359,-0.12969279666964906,-0.3776594466990948,-0.14209042723478343,-0.3453586044247277,-1.934258357958956,Action,1684,0.3681710213776722
809140,Cliff Empire,2019-08-06,False,17.99,False,0,Lion's Shade,Lion's Shade,"Indie, Simulation, Strategy","Single-player, Steam Achievements, Steam Cloud, Family Sharing","City Builder, Strategy, Simulation, Futuristic, Sci-fi, Economy, Singleplayer, Colony Sim, Resource Management, Management",True,True,False,4162,3723,541,"500,000 .. 1,000,000",926,0,617,13,0,1,20,2019,8,750000.0,False,2.9439125248241944,-0.11260349287386673,-0.11224207895368536,-0.09984655995698968,-0.18883166239311283,0.353640240326348,Indie,4264,0.87312382739212
1262600,Need for Speed™ Rivals,2020-06-04,False,19.99,False,0,Criterion Games,Electronic Arts,"Action, Adventure, Racing","Single-player, Multi-player, PvP, Online PvP, Co-op, Online Co-op, Full controller support, Steam Trading Cards","Racing, Driving, Open World, Multiplayer, Combat Racing, PvP, Action, Arcade, Third Person, First-Person",True,False,False,8593,6633,2218,"1,000,000 .. 2,000,000",454,0,203,42,10,1,0,2020,6,1500000.0,False,3.0440461338325417,-0.08146751215054786,-0.2544407141135415,-0.09984655995698968,-0.3453586044247277,0.5824301001548784,Action,8851,0.7494068466839905
274290,Gods Will Be Watching,2014-07-24,False,9.99,False,0,Deconstructeam,Devolver Digital,"Adventure, Indie","Single-player, Steam Achievements, Steam Trading Cards, Captions available, Family Sharing","Indie, Pixel Graphics, Point & Click, Sci-fi, Story Rich, Difficult, Adventure, Dark, Choices Matter, Thriller",True,True,True,2210,2030,851,"500,000 .. 1,000,000",206,0,142,2,16,0,35,2014,7,750000.0,False,2.39698576841553,-0.12631990776258675,-0.329155251231432,-0.14209042723478343,-0.07143645586940164,-0.7903090588163041,Adventure,2881,0.7046164526206179
1627720,Lies of P,2023-09-18,False,59.99,False,0,NEOWIZ,NEOWIZ,"Action, Adventure, RPG","Single-player, Steam Achievements, Full controller support, Camera Comfort, Color Alternatives, Custom Volume Controls, Adjustable Difficulty, Save Anytime, Stereo Sound, Surround Sound, Steam Cloud, Family Sharing","Souls-like, Action, Dark Fantasy, Action RPG, Singleplayer, Third Person, Exploration, Story Rich, Steampunk, Dark",True,True,False,54587,48336,4149,"1,000,000 .. 2,000,000",1881,49,1270,1363,17,3,53,2023,9,1500000.0,False,4.110709916308365,0.24172551366491768,0.17546914260915913,-0.015358825401402173,0.06943779195905177,1.2687996796404697,Action,52485,0.9209488425264362
1594320,Captain of Industry,2022-05-31,False,24.49,False,30,MaFi Games,MaFi Games,"Indie, Simulation, Strategy, Early Access","Single-player, Adjustable Text Size, Camera Comfort, Custom Volume Controls, Adjustable Difficulty, Mouse Only Option, Playable without Timed Input, Save Anytime, Stereo Sound, Steam Cloud, Includes level editor, Family Sharing","Base-Building, Automation, Resource Management, Management, Simulation, Economy, Mining, City Builder, Survival, Colony Sim",True,False,False,10050,6737,417,"200,000 .. 500,000",3283,26,1727,4404,0,3,0,2022,5,350000.0,False,3.238286218388024,-0.07122938894723584,0.5978472919611046,-0.015358825401402173,-0.3453586044247277,1.0400098198119392,Indie,7154,0.9417109309477215
238430,Contagion,2013-10-25,False,9.99,False,0,"Monochrome, Inc","Monochrome, Inc","Action, Adventure, Indie","Single-player, Multi-player, PvP, Online PvP, Co-op, Online Co-op, Steam Achievements, Steam Trading Cards, Captions available, Steam Workshop, Camera Comfort, Custom Volume Controls, Adjustable Difficulty, Playable without Timed Input, Stereo Sound, Subtitle Options, Partial Controller Support, Steam Cloud, Stats, Steam Leaderboards, Includes level editor, Family Sharing","Zombies, Post-apocalyptic, Co-op, Horror, Level Editor, FPS, Moddable, PvE, First-Person, PvP",True,False,False,9985,11222,4206,"1,000,000 .. 2,000,000",354,0,172,27,0,2,165,2013,10,1500000.0,False,2.39698576841553,-0.0716861343200672,-0.2845675435965619,-0.05760269267919593,0.9459886673360952,-1.0190989186448345,Action,15428,0.727378791807104
382050,Eon Altar,2016-06-22,False,0.0,False,0,Flying Helmet Games,Flying Helmet Games,"Action, Adventure, Indie, RPG","Single-player, Multi-player, PvP, Shared/Split Screen PvP, Co-op, Shared/Split Screen Co-op, Shared/Split Screen, Steam Achievements, Steam Trading Cards, Steam Cloud, Remote Play Together, Family Sharing","RPG, Adventure, Action, Local Co-Op, 4 Player Local, Indie, Turn-Based Combat, Co-op, Episodic, Fantasy",True,True,False,575,640,140,"200,000 .. 500,000",222,0,158,1,0,2,41,2016,6,350000.0,True,0.0,-0.1378088106022677,-0.32433495851414873,-0.05760269267919593,-0.024478373259917176,-0.33272933915924324,Action,780,0.8205128205128205
6020,STAR WARS™ Jedi Knight - Jedi Academy™,2009-09-16,False,9.99,False,0,Raven Software,"LucasArts, Lucasfilm, Disney",Action,"Single-player, Multi-player, PvP, Online PvP, Shared/Split Screen PvP, Partial Controller Support, Steam Cloud, Remote Play Together, Family Sharing","Action, Sci-fi, Third Person, Multiplayer, Classic, Singleplayer, Swordplay, Character Customization, Moddable, FPS",True,True,False,11105,12746,524,"500,000 .. 1,000,000",771,0,139,138,0,0,0,2009,9,750000.0,False,2.39698576841553,-0.06381606020358849,-0.15893866465236695,-0.14209042723478343,-0.3453586044247277,-1.934258357958956,Action,13270,0.9605124340617935
1477050,Grim wanderings 2,2021-09-15,False,5.99,False,0,Ellinia games,Ellinia games,"Indie, RPG, Strategy","Single-player, Family Sharing","4X, Tactical RPG, Turn-Based Tactics, Exploration, Base-Building, Party-Based RPG, Turn-Based Strategy, Strategy RPG, Building, Management",True,False,True,0,62,18,"200,000 .. 500,000",0,0,0,0,0,0,0,2021,9,350000.0,False,1.944480556245719,-0.14184925043885277,-0.39121651996645396,-0.14209042723478343,-0.3453586044247277,0.8112199599834088,Indie,80,0.775
692850,Bloodstained: Ritual of the Night,2019-06-18,False,39.99,False,0,ArtPlay,505 Games,"Action, Adventure, RPG","Single-player, Multi-player, PvP, Online PvP, Shared/Split Screen PvP, Co-op, Online Co-op, Shared/Split Screen Co-op, Shared/Split Screen, Steam Achievements, Full controller support, Custom Volume Controls, Adjustable Difficulty, Playable without Timed Input, Stereo Sound, Subtitle Options, Steam Cloud, Remote Play on Phone, Remote Play on Tablet, Remote Play on TV, Remote Play Together, Family Sharing","Metroidvania, RPG, Female Protagonist, Action, Adventure, Anime, Side Scroller, 2.5D, Platformer, Great Soundtrack",True,False,False,29046,36999,2486,"1,000,000 .. 2,000,000",1394,0,765,158,0,6,57,2019,6,1500000.0,False,3.7133281345162463,0.06225268954975472,0.028751483026849954,0.1113727764319791,0.10074318036537475,0.353640240326348,Action,39485,0.9370393820438141
1089350,NBA 2K20,2019-09-06,False,0.0,False,0,Visual Concepts,2K,"Simulation, Sports","Single-player, Multi-player, PvP, Online PvP, Shared/Split Screen PvP, Co-op, Online Co-op, Shared/Split Screen Co-op, Shared/Split Screen, Steam Achievements, Full controller support, In-App Purchases, Steam Cloud, Remote Play on Phone, Remote Play on Tablet, Remote Play on TV, Remote Play Together, Family Sharing","Basketball, Sports, Simulation, Multiplayer, Singleplayer, Capitalism, Casual, Loot, Local Multiplayer, Massively Multiplayer",True,False,False,46618,30260,30413,"5,000,000 .. 10,000,000",8339,176,3788,221,0,0,50,2019,9,7500000.0,True,0.0,0.18572853095579378,2.1210597906226143,-0.14209042723478343,0.04595875065430953,0.353640240326348,Simulation,60673,0.49873914261697955
587430,I Expect You To Die,2017-04-25,False,12.49,False,50,Schell Games,Schell Games,Adventure,"Single-player, Steam Achievements, Tracked Controller Support, VR Only, Steam Trading Cards, Color Alternatives, Custom Volume Controls, Playable without Timed Input, Family Sharing","VR, Puzzle, Strategy, Action, Immersive, Simulation, Funny, Comedy, Retro, Singleplayer",True,False,False,2135,2496,144,"200,000 .. 500,000",167,0,171,5,0,0,11,2017,4,350000.0,False,2.6019486702196644,-0.12684692165431524,-0.34090471472980993,-0.14209042723478343,-0.2592687863073395,-0.10393947933071283,Adventure,2640,0.9454545454545454
2378900,The Coffin of Andy and Leyley,2023-10-13,False,11.99,False,0,Kit9 Studio,Kit9 Studio,"Adventure, RPG, Early Access","Single-player, Steam Achievements, Full controller support, Steam Trading Cards, Steam Cloud, Family Sharing","Psychological, Dark Comedy, Story Rich, Multiple Endings, Dark, Choices Matter, Singleplayer, Visual Novel, Horror, Demons",True,False,False,33799,29090,1067,"500,000 .. 1,000,000",563,0,261,277,0,0,20,2023,10,750000.0,False,2.5641798306825083,0.09565131658156122,-0.2216024699770493,-0.14209042723478343,-0.18883166239311283,1.2687996796404697,Adventure,30157,0.9646184965348013
329380,Stealth Inc 2: A Game of Clones,2015-04-30,False,14.99,False,0,Carbon,Curve Games,"Action, Adventure, Indie","Single-player, Steam Achievements, Steam Trading Cards, Custom Volume Controls, Save Anytime, Partial Controller Support, Steam Leaderboards, Includes level editor, Family Sharing","Indie, Action, Stealth, Platformer, Adventure, Puzzle, Puzzle-Platformer, Singleplayer, Metroidvania, 2D",True,False,False,121,777,253,"200,000 .. 500,000",213,0,228,1,0,1,12,2015,4,350000.0,False,2.771963526845863,-0.14099900136019747,-0.3270463731676206,-0.09984655995698968,-0.25144243920575876,-0.5615191989877737,Action,1030,0.7543689320388349
1836740,Elemgate,2024-09-25,False,12.99,False,0,CWPGames,CWPGames,"Adventure, Casual, Indie","Single-player, Steam Achievements, Full controller support, Steam Cloud, Steam Leaderboards, Family Sharing","Platformer, Difficult, 2.5D, Indie, Casual, Adventure, Action, Fast-Paced, Side Scroller, Precision Platformer",True,False,False,0,8,0,"200,000 .. 500,000",0,0,0,0,0,0,64,2024,9,350000.0,False,2.63834278867739,-0.14184925043885277,-0.39121651996645396,-0.14209042723478343,0.15552761007643995,1.497589539469,Adventure,8,1.0
32330,LEGO® Indiana Jones™: The Original Adventures,2009-07-08,False,19.99,False,0,Traveller's Tales,"LucasArts, Lucasfilm, Disney","Action, Adventure","Single-player, Multi-player, Co-op, Shared/Split Screen Co-op, Shared/Split Screen, Full controller support, Steam Cloud, Remote Play on Phone, Remote Play on Tablet, Remote Play Together, Family Sharing","LEGO, Adventure, Action, Local Co-Op, Family Friendly, Multiplayer, Comedy, Funny, Co-op, Platformer",True,False,False,2895,3417,452,"200,000 .. 500,000",332,0,161,22,0,0,0,2009,7,350000.0,False,3.0440461338325417,-0.12150651421813326,-0.2911954460828263,-0.14209042723478343,-0.3453586044247277,-1.934258357958956,Action,3869,0.8831739467562678
214700,Thirty Flights of Loving,2012-08-20,False,4.99,False,0,Blendo Games,Blendo Games,"Adventure, Casual, Indie","Single-player, Commentary available, Family Sharing","First-Person, Experimental, Walking Simulator, Short, Narrative, Exploration, Interactive Fiction, FPS, Noir, Story Rich",True,True,True,1263,1152,674,"200,000 .. 500,000",41,0,51,0,0,0,0,2012,8,350000.0,False,1.7900914121273581,-0.13297433650214507,-0.37886451987841563,-0.14209042723478343,-0.3453586044247277,-1.247888778473365,Adventure,1826,0.6308871851040526
1377360,Vampires' Melody,2020-10-02,False,3.99,False,0,AsicxArt,SakuraGame,"Adventure, Casual, Indie, RPG","Single-player, Steam Achievements, Steam Trading Cards, Steam Cloud, Family Sharing","Visual Novel, Casual, Adventure, Interactive Fiction, Vampire, Dating Sim, Word Game, JRPG, Anime, Multiple Endings",True,True,False,5523,5245,132,"200,000 .. 500,000",119,0,200,7,0,1,21,2020,10,350000.0,False,1.6074359097634274,-0.10303994745196716,-0.35536559288165975,-0.09984655995698968,-0.18100531529153208,0.5824301001548784,Adventure,5377,0.9754509949786127
15370,Heroes of Might & Magic V: Tribes of the East,2008-10-10,False,9.99,False,0,Nival,Ubisoft,Strategy,"Single-player, Family Sharing","Strategy, Turn-Based Strategy, Fantasy, Multiplayer, Turn-Based, Singleplayer, RPG, Local Multiplayer, Adventure, Tactical",True,False,False,2940,2696,219,"200,000 .. 500,000",3472,0,322,269,0,0,0,2008,10,350000.0,False,2.39698576841553,-0.12119030588309616,0.6547869996840131,-0.14209042723478343,-0.3453586044247277,-2.1630482177874866,Strategy,2915,0.9248713550600343
3320100,Drowned God: Conspiracy of the Ages.,2025-02-14,False,6.99,False,0,"Next Path Media, FSTR",Next Path Media,Adventure,"Single-player, Family Sharing","Adventure, Puzzle, First-Person, Dark, Aliens, Conspiracy, Psychedelic, Illuminati, Atmospheric, Old School",True,False,False,0,10,5,"200,000 .. 500,000",0,0,0,0,0,0,0,2025,2,350000.0,False,2.0781907597781832,-0.14184925043885277,-0.39121651996645396,-0.14209042723478343,-0.3453586044247277,1.7263793992975305,Adventure,15,0.6666666666666666
39000,Moonbase Alpha,2010-07-06,False,0.0,True,0,"Virtual Heroes, Army Game Studio",NASA,"Adventure, Simulation, Strategy","Single-player, Multi-player, Co-op, Valve Anti-Cheat enabled, Stats, Steam Leaderboards","Space, Simulation, Free to Play, Multiplayer, Online Co-Op, Funny, Memes, Strategy, Adventure, Open World",True,False,False,168,11622,1216,"1,000,000 .. 2,000,000",189,0,59,3,0,0,0,2010,7,1500000.0,True,0.0,-0.14066873932138096,-0.3342768122435455,-0.14209042723478343,-0.3453586044247277,-1.7054684981304258,Adventure,12838,0.9052811964480448
1850570,DEATH STRANDING DIRECTOR'S CUT,2022-03-30,False,39.99,False,0,KOJIMA PRODUCTIONS, 505 Games,"Action, Adventure","Single-player, Steam Achievements, Full controller support, Steam Trading Cards, Adjustable Text Size, Camera Comfort, Custom Volume Controls, Adjustable Difficulty, Playable without Timed Input, Save Anytime, Stereo Sound, Subtitle Options, Surround Sound, Steam Cloud, HDR available, Family Sharing","Story Rich, Open World, Walking Simulator, Atmospheric, Adventure, Great Soundtrack, Exploration, Post-apocalyptic, Cinematic, Singleplayer",True,False,False,46033,36697,2819,"1,000,000 .. 2,000,000",1517,474,660,1604,0,1,63,2022,3,1500000.0,False,3.7133281345162463,0.18161782260031162,0.065807483290965,-0.09984655995698968,0.14770126297485922,1.0400098198119392,Action,39516,0.9286618078752911
254060,KnightShift,2013-09-27,False,8.99,False,0,Reality Pump,Topware Interactive,"RPG, Strategy","Single-player, Multi-player, PvP, Online PvP, Cross-Platform Multiplayer, Steam Trading Cards, Steam Cloud, Family Sharing","RPG, Strategy, Fantasy, RTS, Multiplayer, Singleplayer, Comedy",True,True,True,352,890,412,"200,000 .. 500,000",258,0,280,4,0,0,0,2013,9,350000.0,False,2.301584592660462,-0.13937579857367374,-0.3134892999002614,-0.14209042723478343,-0.3453586044247277,-1.0190989186448345,RPG,1302,0.6835637480798771
232910,TrackMania² Stadium,2013-06-20,False,9.99,False,0,Nadeo,Ubisoft,"Racing, Sports","Single-player, Multi-player, VR Support, Steam Workshop, Partial Controller Support, Includes level editor, Family Sharing","Racing, Multiplayer, Automobile Sim, Level Editor, Time Attack, Sports, Arcade, Singleplayer, Local Multiplayer, e-sports",True,False,False,5313,5841,736,"500,000 .. 1,000,000",1135,0,368,44,0,0,0,2013,6,750000.0,False,2.39698576841553,-0.10451558634880692,-0.04927700533417279,-0.14209042723478343,-0.3453586044247277,-1.0190989186448345,Racing,6577,0.8880948760833207
448510,Overcooked,2016-08-03,False,16.99,False,0,Ghost Town Games Ltd.,Team17 Digital Ltd,"Action, Casual, Indie, Simulation","Single-player, Multi-player, PvP, Shared/Split Screen PvP, Co-op, Shared/Split Screen Co-op, Shared/Split Screen, Steam Achievements, Full controller support, Steam Trading Cards, Steam Cloud, Remote Play on Phone, Remote Play on Tablet, Remote Play on TV, Remote Play Together, Family Sharing","Local Co-Op, Multiplayer, Local Multiplayer, Co-op, Casual, Cooking, 4 Player Local, Family Friendly, Funny, Co-op Campaign",True,False,False,13088,13706,1469,"1,000,000 .. 2,000,000",936,0,138,61,0,1,12,2016,8,1500000.0,False,2.8898160479624417,-0.049881812906287355,-0.10922939600538333,-0.09984655995698968,-0.25144243920575876,-0.33272933915924324,Action,15175,0.9031960461285008
298520,Orbital Gear,2014-08-07,False,0.0,True,0,Night Node,Night Node,"Action, Indie, Simulation, Free To Play","Single-player, Multi-player, Shared/Split Screen, Cross-Platform Multiplayer, Steam Achievements, Full controller support, Steam Trading Cards, Stats, Steam Leaderboards, Remote Play Together","Action, Indie, Mechs, Multiplayer, Simulation, Shooter, Arena Shooter, Sci-fi, Free to Play, Side Scroller",True,True,True,1192,1483,304,"200,000 .. 500,000",163,0,107,0,0,1,12,2014,8,350000.0,True,0.0,-0.13347324298631472,-0.34210978790913077,-0.09984655995698968,-0.25144243920575876,-0.7903090588163041,Action,1787,0.82988248461108
200260,Batman: Arkham City - Game of the Year Edition,2012-09-07,False,3.99,False,80,Rocksteady Studios,WB Games,"Action, Adventure","Single-player, Steam Achievements, Steam Trading Cards, Partial Controller Support, Steam Cloud, Family Sharing","Action, Open World, Stealth, Superhero, Adventure, Third Person, Singleplayer, Beat 'em up, Comic Book, Detective",True,False,False,53627,65947,2689,"2,000,000 .. 5,000,000",1013,0,541,655,0,0,64,2012,9,3500000.0,False,1.6074359097634274,0.2349797358507931,-0.08603173730345764,-0.14209042723478343,0.15552761007643995,-1.247888778473365,Action,68636,0.9608223089923655
1255630,WWE 2K22,2022-03-10,False,0.0,False,0,Visual Concepts,2K,"Simulation, Sports","Single-player, Multi-player, PvP, Online PvP, Shared/Split Screen PvP, Co-op, Online Co-op, Shared/Split Screen Co-op, Shared/Split Screen, Steam Achievements, In-App Purchases, Partial Controller Support, Steam Cloud, Includes level editor, Family Sharing","Simulation, Sports, Wrestling, Multiplayer, PvP, Fighting, Co-op, Local Co-Op, Local Multiplayer, Character Customization",True,False,False,7641,7313,2700,"200,000 .. 500,000",3356,32,1694,33,0,0,54,2022,3,350000.0,True,0.0,-0.08815707514955476,0.6198398774837095,-0.14209042723478343,0.07726413906063251,1.0400098198119392,Simulation,10013,0.7303505442924199
507380,Black Sand Drift,2016-09-08,False,0.99,False,0,Echo Hall Studios,Sometimes You,"Casual, Indie","Single-player, Steam Trading Cards, Partial Controller Support, Family Sharing","Casual, Indie, Shoot 'Em Up",True,False,False,0,166,75,"200,000 .. 500,000",252,0,243,0,0,1,0,2016,9,350000.0,False,0.688134638736401,-0.14184925043885277,-0.3152969096692426,-0.09984655995698968,-0.3453586044247277,-0.33272933915924324,Casual,241,0.6887966804979253
420790,StarBreak,2016-05-10,False,0.0,True,0,Crunchy Games,Crunchy Games,"Action, Free To Play, Indie, Massively Multiplayer","Multi-player, MMO, Co-op, Cross-Platform Multiplayer, Steam Achievements, Full controller support, In-App Purchases","Free to Play, Action Roguelike, Roguevania, Massively Multiplayer, Action, Indie, 2D, Platformer, Perma Death, Multiplayer",True,True,True,0,1009,270,"200,000 .. 500,000",135,0,41,48,0,0,84,2016,5,350000.0,True,0.0,-0.14184925043885277,-0.35054530016437646,-0.14209042723478343,0.3120545521080549,-0.33272933915924324,Action,1279,0.7888975762314308
285900,Gang Beasts,2017-12-12,False,7.99,False,60,"Boneloaf, Rocket Science",Boneloaf,"Action, Adventure, Casual, Indie, Simulation","Multi-player, PvP, Online PvP, Shared/Split Screen PvP, Shared/Split Screen, Steam Achievements, Full controller support, Remote Play on Phone, Remote Play on Tablet, Remote Play on TV, Remote Play Together, Family Sharing","Funny, Physics, Multiplayer, Colorful, Party Game, Local Multiplayer, Party, Fighting, Comedy, 3D Fighter",True,True,True,51993,51267,9003,"2,000,000 .. 5,000,000",492,95,187,376,0,1,19,2017,12,3500000.0,False,2.196112848483529,0.22349785986300183,-0.24299251890999377,-0.09984655995698968,-0.19665800949469356,-0.10393947933071283,Action,60270,0.850622200099552
746850,Cloudpunk,2020-04-23,False,19.99,False,0,ION LANDS,"ION LANDS, Maple Whispering Limited","Adventure, Indie, RPG","Single-player, Steam Achievements, Full controller support, Steam Cloud, Family Sharing","Cyberpunk, Open World, Atmospheric, Sci-fi, Futuristic, Story Rich, Driving, Female Protagonist, Exploration, Singleplayer",True,False,False,13464,12760,1751,"500,000 .. 1,000,000",306,0,142,15,0,3,79,2020,4,750000.0,False,3.0440461338325417,-0.04723971659575522,-0.29902842174841165,-0.015358825401402173,0.2729228166001511,0.5824301001548784,Adventure,14511,0.8793329198539039
275530,Z,2014-07-04,False,6.99,False,0,TickTock Games,Rebellion,"Action, Strategy","Single-player, Steam Achievements, Steam Trading Cards, Steam Leaderboards, Family Sharing","Strategy, Classic, RTS, Action, Retro, Robots, Singleplayer, Comedy, Old School, 2D",True,False,False,1168,1026,329,"200,000 .. 500,000",278,0,286,9,0,0,25,2014,7,350000.0,False,2.0781907597781832,-0.13364188743166783,-0.30746393400365735,-0.14209042723478343,-0.14969992688520908,-0.7903090588163041,Action,1355,0.7571955719557195
981890,Olympic Games Tokyo 2020 – The Official Video Game™,2021-06-21,False,0.0,False,0,SEGA,SEGA,"Casual, Sports","Single-player, Multi-player, PvP, Shared/Split Screen PvP, Co-op, Online Co-op, Shared/Split Screen, Steam Achievements, Steam Trading Cards, Partial Controller Support, Remote Play Together, Family Sharing","Sports, Casual, Arcade, 3D, Multiplayer, Colorful, Singleplayer, Party, Party Game, Family Friendly",True,False,False,503,1299,1395,"500,000 .. 1,000,000",97,0,109,10,0,0,47,2021,6,750000.0,True,0.0,-0.13831474393832704,-0.3619934953679242,-0.14209042723478343,0.022479709349567292,0.8112199599834088,Casual,2694,0.4821826280623608
1641960,Forever Skies,2025-04-14,False,14.99,False,50,Far From Home,Far From Home,"Action, Adventure, Indie, Simulation","Single-player, Multi-player, Co-op, Online Co-op, Steam Achievements, Full controller support, Steam Cloud, Family Sharing","Singleplayer, Exploration, Co-op, Survival, Base-Building, Open World, Crafting, Adventure, Action, Open World Survival Craft",True,False,False,7495,5595,1323,"200,000 .. 500,000",2629,0,1094,215,0,4,20,2025,4,350000.0,False,2.771963526845863,-0.08918299552545288,0.4008178271421515,0.026885041876391583,-0.18883166239311283,1.7263793992975305,Action,6918,0.8087597571552472
227480,God Mode,2013-04-19,False,0.0,False,0,Old School Games,ATLUS USA,Action,"Single-player, Multi-player, Co-op, Steam Achievements, Steam Trading Cards, Partial Controller Support, Family Sharing","Action, Co-op, Multiplayer, Third-Person Shooter, Shooter, Third Person, Singleplayer, Online Co-Op, Gore, Mythology",True,False,False,1611,1785,740,"200,000 .. 500,000",251,0,156,0,17,0,24,2013,4,350000.0,True,0.0,-0.13052899204452492,-0.31559817796407286,-0.14209042723478343,-0.15752627398678984,-1.0190989186448345,Action,2525,0.7069306930693069
209650,Call of Duty®: Advanced Warfare - Gold Edition,2014-11-03,False,59.99,False,0,"Sledgehammer Games, Raven Software",Activision,Action,"Single-player, Multi-player, Steam Achievements, Full controller support, Steam Cloud, Valve Anti-Cheat enabled, Steam Leaderboards, Remote Play on TV, Family Sharing","Dog, FPS, Action, Multiplayer, Shooter, Futuristic, First-Person, Sci-fi, Singleplayer, Linear",True,False,False,10904,16240,8817,"200,000 .. 500,000",506,34,413,63,17,43,45,2014,11,350000.0,False,4.110709916308365,-0.06522845743342082,-0.23877476278237092,1.674395865710348,0.006827015146405804,-0.7903090588163041,Action,25057,0.6481222811988666
1929870,Nomad Survival,2022-10-08,False,3.99,False,20,The Fox Knocks,The Fox Knocks,"Action, Indie","Single-player, Steam Achievements, Partial Controller Support, Family Sharing","Action Roguelike, Bullet Hell, Rogue-lite, Auto Battler, PvE, Rogue-like, 2D, Character Customization, Top-Down, Pixel Graphics",True,False,False,1517,1745,314,"200,000 .. 500,000",663,156,611,29,0,1,116,2022,10,350000.0,False,1.6074359097634274,-0.13118951612215796,-0.19147564049402893,-0.09984655995698968,0.5624976593586387,1.0400098198119392,Action,2059,0.8474987858183585
252850,Streamline,2016-09-30,False,0.0,False,0,Proletariat Inc.,Proletariat Inc.,"Action, Indie, Sports, Early Access","Multi-player, Online PvP, Steam Achievements, Steam Trading Cards, Partial Controller Support, Family Sharing","Early Access, Action, Indie, Sports, Parkour, Multiplayer",True,False,False,0,1426,582,"500,000 .. 1,000,000",5826,0,224,10,0,1,49,2016,9,750000.0,True,0.0,-0.14184925043885277,1.3639725657143125,-0.09984655995698968,0.03813240355272878,-0.33272933915924324,Action,2008,0.7101593625498008
738060,Freddy Fazbear's Pizzeria Simulator,2017-12-04,False,0.0,True,0,Scott Cawthon,Scott Cawthon,"Free To Play, Indie, Simulation",Single-player,"Free to Play, Horror, Singleplayer, Robots, Survival Horror, Simulation, Difficult, Indie, First-Person, Strategy",True,False,False,0,28374,1835,"2,000,000 .. 5,000,000",211,3,86,118,0,0,0,2017,12,3500000.0,True,0.0,-0.14184925043885277,-0.327648909757281,-0.14209042723478343,-0.3453586044247277,-0.10393947933071283,Indie,30209,0.939256512959714
2716400,The Rise of the Golden Idol,2024-11-12,False,19.99,False,0,Color Gray Games,Playstack,"Adventure, Indie","Single-player, Steam Achievements, Partial Controller Support, Steam Cloud, Family Sharing","Mystery, Investigation, Detective, Conspiracy, Adventure, 2D, Puzzle, Atmospheric, Choices Matter, Crime",True,True,False,3525,2825,178,"200,000 .. 500,000",984,0,1414,59,0,6,46,2024,11,350000.0,False,3.0440461338325417,-0.11707959752761399,-0.09476851785353355,0.1113727764319791,0.014653362247986548,1.497589539469,Adventure,3003,0.9407259407259407
1057990,Viking Trickshot,2019-05-03,False,0.0,True,0,"Doodad Games, Ethan Close",Doodad Games,"Action, Casual, Free To Play, Indie, Simulation, Sports","Single-player, Multi-player, PvP, Online PvP, Shared/Split Screen PvP, Shared/Split Screen, Cross-Platform Multiplayer, Steam Achievements, Steam Cloud, Remote Play Together","Party Game, Competitive, Difficult, PvP, Arcade, Sports, Physics, e-sports, Family Friendly, Cartoony",True,False,False,0,55,6,"200,000 .. 500,000",0,0,0,0,0,1,69,2019,5,350000.0,True,0.0,-0.14184925043885277,-0.39121651996645396,-0.09984655995698968,0.1946593455843437,0.353640240326348,Action,61,0.9016393442622951
541570,Sally Face - Episode One,2016-12-14,False,2.99,False,0,Portable Moose,Portable Moose,"Adventure, Indie","Single-player, Steam Achievements, Full controller support, Steam Trading Cards, Steam Cloud, Family Sharing","Story Rich, Psychological Horror, Indie, Horror, Dark, Puzzle, Adventure, Mystery, Atmospheric, Singleplayer",True,True,True,24378,21939,622,"1,000,000 .. 2,000,000",494,3,284,100,0,1,35,2016,12,1500000.0,False,1.3837912309017721,0.029451344928573847,-0.24238998232033335,-0.09984655995698968,-0.07143645586940164,-0.33272933915924324,Adventure,22561,0.9724303000753513
591370,Production Line : Car factory simulation,2019-03-07,False,24.99,False,0,Positech Games,Positech Games,"Indie, Simulation, Strategy","Single-player, Steam Achievements, Steam Trading Cards, Steam Workshop, Steam Cloud, Family Sharing","Management, Simulation, Strategy, Economy, Automation, Building, Resource Management, Sandbox, Indie, 2D",True,False,False,3156,2782,591,"200,000 .. 500,000",1292,0,1337,10,0,2,32,2019,3,350000.0,False,3.2577118486533987,-0.11967250587491812,-0.001977883045830819,-0.05760269267919593,-0.09491549717414388,0.353640240326348,Indie,3373,0.8247850578120368
553640,ICEY,2016-11-17,False,10.99,False,0,FantaBlade Network,XD,"Action, Adventure, RPG","Single-player, Steam Achievements, Full controller support, Steam Trading Cards, Steam Cloud, Stats, Family Sharing","Action, Female Protagonist, Hack and Slash, Anime, Side Scroller, Adventure, Indie, Singleplayer, 2D, RPG",True,True,False,24837,24297,2629,"1,000,000 .. 2,000,000",725,0,159,26,0,2,34,2016,11,1500000.0,False,2.4840729690394228,0.03267666994595217,-0.1727970062145563,-0.05760269267919593,-0.07926280297098239,-0.33272933915924324,Action,26926,0.902362029265394
512250,Oh...Sir!! The Insult Simulator,2016-10-25,False,1.99,False,0,Vile Monarch,Good Shepherd Entertainment,"Indie, Simulation","Single-player, Multi-player, Shared/Split Screen, Cross-Platform Multiplayer, Steam Achievements, Steam Trading Cards, Steam Cloud, Steam Leaderboards, Remote Play Together, Family Sharing","Comedy, Indie, Simulation, Funny, Multiplayer, Local Multiplayer, 2D, Singleplayer, Pixel Graphics, Turn-Based",True,True,True,3223,3370,332,"200,000 .. 500,000",165,0,107,2,0,0,18,2016,10,350000.0,False,1.095273387402595,-0.11920170679830736,-0.34150725131947035,-0.14209042723478343,-0.2044843565962743,-0.33272933915924324,Indie,3702,0.9103187466234468
1677280,Company of Heroes 3,2023-02-23,False,23.99,False,60,Relic Entertainment,Relic Entertainment,"Action, Strategy","Single-player, Multi-player, PvP, Online PvP, Co-op, Online Co-op, Steam Achievements, Steam Trading Cards, Steam Workshop, Stats, Family Sharing","Singleplayer, Strategy, Wargame, RTS, Multiplayer, Action RTS, Co-op, PvE, Real Time Tactics, World War II",True,False,False,22941,18936,14310,"1,000,000 .. 2,000,000",2601,547,1096,2183,18,5,24,2023,2,1500000.0,False,3.218475744846861,0.019353758763056082,0.3923823148869058,0.06912890915418535,-0.15752627398678984,1.2687996796404697,Action,33246,0.5695722793719545
1249800,Xuan-Yuan Sword VII,2020-10-28,False,34.99,False,0,"SOFTSTAR, DOMO Studio","SOFTSTAR, Yooreka Studio","Action, Adventure, RPG","Single-player, Steam Achievements, Full controller support, Steam Trading Cards, Steam Cloud, Family Sharing","RPG, Martial Arts, Historical, Singleplayer, Story Rich, Action RPG, Action, Adventure, Action-Adventure, Third Person",True,False,False,8471,5949,3535,"500,000 .. 1,000,000",892,0,1092,4,0,3,44,2020,10,750000.0,False,3.5832411220909393,-0.08232478808109286,-0.1224852009779123,-0.015358825401402173,-0.0009993319551749415,0.5824301001548784,Action,9484,0.6272669759595108
346120,Boring Man - Online Tactical Stickman Combat,2015-02-20,False,0.0,True,0,Spasman Games,Spasman Games,"Action, Indie, Massively Multiplayer, Free To Play","Multi-player, PvP, Online PvP, Co-op, Online Co-op, Steam Achievements, Full controller support, Steam Workshop, Includes level editor","Side Scroller, Pixel Graphics, Shooter, Violent, 2D, 2D Platformer, Survival, Multiplayer, Moddable, Competitive",True,False,True,0,4800,651,"200,000 .. 500,000",176,0,35,12,0,9,60,2015,2,350000.0,True,0.0,-0.14184925043885277,-0.33819330007633813,0.23810437826536038,0.12422222167011698,-0.5615191989877737,Action,5451,0.8805723720418271
1149460,ICARUS,2021-12-03,False,34.99,False,0,RocketWerkz,RocketWerkz,"Action, Adventure, Simulation","Single-player, Multi-player, Co-op, Online Co-op, Steam Achievements, Steam Trading Cards, Steam Cloud, Family Sharing","Survival, Open World Survival Craft, Multiplayer, Base-Building, Online Co-Op, Crafting, Open World, Exploration, Building, Co-op",True,False,False,51346,34070,13002,"500,000 .. 1,000,000",3002,1383,986,1492,0,20,170,2021,12,750000.0,False,3.5832411220909393,0.21895148669035744,0.5131909011138175,0.7027869183210917,0.9851204028439989,0.8112199599834088,Action,47072,0.7237848402447314
1599340,Lost Ark,2022-02-11,False,0.0,True,0,Smilegate RPG,Amazon Game Studios,"Action, Adventure, Massively Multiplayer, RPG, Free To Play","Single-player, Multi-player, MMO, PvP, Online PvP, Co-op, Online Co-op, Steam Achievements, In-App Purchases, Adjustable Text Size, Camera Comfort, Color Alternatives, Custom Volume Controls, Keyboard Only Option, Playable without Timed Input, Save Anytime, Partial Controller Support",Unknown,True,False,False,65237,0,0,,0,0,0,0,17,7,156,2022,2,750000.0,True,0.0,0.3165614862903625,-0.39121651996645396,0.15361664370977285,0.8755515434218685,1.0400098198119392,Action,0,0.8471660663060372
1466640,Road 96 🛣️,2021-08-16,False,19.96,False,0,Digixart,THQ Nordic,"Action, Adventure, Indie","Single-player, Steam Achievements, Full controller support, Steam Trading Cards, Captions available, Steam Cloud, Remote Play on Phone, Remote Play on Tablet, Remote Play on TV, HDR available, Family Sharing","First-Person, Colorful, 1990's, Adventure, Choices Matter, Story Rich, Atmospheric, Multiple Endings, Narration, Choose Your Own Adventure",True,False,False,20777,19660,1758,"500,000 .. 1,000,000",316,0,265,144,0,3,12,2021,8,750000.0,False,3.0426158594528414,0.004147651273716877,-0.2960157388001096,-0.015358825401402173,-0.25144243920575876,0.8112199599834088,Action,21418,0.9179195069567654
12900,AudioSurf,2008-02-15,False,9.99,False,0,Dylan Fitterer,Unknown,Indie,"Single-player, Co-op, Steam Achievements, Full controller support, Family Sharing","Music, Rhythm, Indie, Casual, Music-Based Procedural Generation, Arcade, Colorful, Singleplayer, Relaxing, Score Attack",True,False,False,8864,10490,470,"1,000,000 .. 2,000,000",277,0,98,11,0,0,19,2008,2,1500000.0,False,2.39698576841553,-0.0795632352884356,-0.30776520229848753,-0.14209042723478343,-0.19665800949469356,-2.1630482177874866,Indie,10960,0.9571167883211679
1182020,WGT Golf,2020-04-13,False,0.0,True,0,"World Golf Tour, LLC","World Golf Tour, LLC","Simulation, Sports, Free To Play, Early Access","Single-player, Multi-player, PvP, Online PvP, Co-op, Online Co-op, Cross-Platform Multiplayer, In-App Purchases","Free to Play, Sports, Simulation, Multiplayer, Golf, Early Access, Controller, Singleplayer, VR, Indie",True,True,False,0,1820,1091,"500,000 .. 1,000,000",364,0,64,311,0,5,0,2020,4,750000.0,True,0.0,-0.14184925043885277,-0.28155486064825985,0.06912890915418535,-0.3453586044247277,0.5824301001548784,Simulation,2911,0.6252147028512539
1522820,Orcs Must Die! 3,2021-07-23,False,7.49,False,75,Robot Entertainment,Robot Entertainment,"Action, Adventure, Indie, Strategy","Single-player, Multi-player, Co-op, Online Co-op, Steam Achievements, Full controller support, Steam Trading Cards, Steam Cloud, Steam Leaderboards, Remote Play on TV, Family Sharing","Tower Defense, Co-op, Strategy, Third-Person Shooter, PvE, Action, Multiplayer, Third Person, Online Co-Op, 3D",True,False,False,10764,12067,2016,"1,000,000 .. 2,000,000",701,378,485,161,0,3,38,2021,7,1500000.0,False,2.138889000323256,-0.06621221669798066,-0.1800274452904812,-0.015358825401402173,-0.04795741456465941,0.8112199599834088,Action,14083,0.8568486828090606
217920,Alien Rage - Unlimited,2013-09-24,False,19.99,False,0,CI Games,CI Games,Action,"Single-player, Multi-player, Steam Achievements, Steam Leaderboards, Family Sharing","Action, Shooter, FPS, First-Person, Sci-fi, Multiplayer, Singleplayer, Aliens, Difficult, Violent",True,False,False,1417,2334,1121,"500,000 .. 1,000,000",91,0,48,1,17,0,49,2013,9,750000.0,False,3.0440461338325417,-0.13189220131112925,-0.36380110513690544,-0.14209042723478343,0.03813240355272878,-1.0190989186448345,Action,3455,0.6755426917510854
397060,Faeria,2017-03-08,False,19.99,False,0,Abrakam Entertainment SA,"Versus Evil, tinyBuild","Adventure, Indie, Massively Multiplayer, RPG, Strategy","Single-player, Multi-player, PvP, Online PvP, Co-op, Online Co-op, Steam Achievements, Steam Trading Cards, In-App Purchases, Family Sharing","Card Game, Strategy, Massively Multiplayer, Multiplayer, Indie, Adventure, RPG, Board Game, Turn-Based, Fantasy",True,True,True,1497,5956,1168,"500,000 .. 1,000,000",267,0,102,26,0,9,59,2017,3,750000.0,False,3.0440461338325417,-0.1313300531599522,-0.31077788524678956,0.23810437826536038,0.11639587456853623,-0.10393947933071283,Adventure,7124,0.8360471645143178
676820,Subsurface Circular,2017-08-17,False,5.99,False,0,Bithell Games,Bithell Games,"Adventure, Casual, Indie","Single-player, Steam Achievements, Steam Cloud, Commentary available, Family Sharing","Visual Novel, Investigation, Detective, Choices Matter, Text-Based, Conversation, Mystery, Robots, Sci-fi, Story Rich",True,True,False,1488,1787,102,"200,000 .. 500,000",120,0,163,1,0,0,13,2017,8,350000.0,False,1.944480556245719,-0.13139329482695963,-0.3550643245868295,-0.14209042723478343,-0.24361609210417803,-0.10393947933071283,Adventure,1889,0.946003176283748
616220,Hide vs. Seek,2017-08-07,False,0.0,True,0,Brave Little Studios,Brave Little Studios,"Action, Free To Play, Indie","Multi-player, PvP, Online PvP","Free to Play, Multiplayer, Action, Indie, Funny, Hidden Object, Online Co-Op, Casual, FPS, Co-op",True,False,False,0,238,391,"200,000 .. 500,000",8,0,8,0,0,0,0,2017,8,350000.0,True,0.0,-0.14184925043885277,-0.38880637360781234,-0.14209042723478343,-0.3453586044247277,-0.10393947933071283,Action,629,0.3783783783783784
591960,Animation Throwdown: The Quest for Cards,2017-05-05,False,0.0,True,0,"Synapse Games, Chinzilla",Kongregate,"Adventure, RPG, Strategy, Free To Play","Single-player, Multi-player, PvP, Online PvP, Cross-Platform Multiplayer, Steam Achievements, Steam Trading Cards, In-App Purchases","Free to Play, Card Game, Strategy, Adventure, RPG, Multiplayer, Memes, Trading Card Game, Funny, Comedy",True,False,False,0,2976,1005,"200,000 .. 500,000",275,0,87,71,0,1,19,2017,5,350000.0,True,0.0,-0.14184925043885277,-0.30836773888814795,-0.09984655995698968,-0.19665800949469356,-0.10393947933071283,Adventure,3981,0.747550866616428
446150,GUNS UP!,2018-02-05,False,0.0,False,0,"Valkyrie Entertainment, LLC",PlayStation PC LLC,"Action, Casual, Free To Play, Strategy","Single-player, Multi-player, PvP, Online PvP, Cross-Platform Multiplayer, Steam Achievements, Full controller support, Steam Trading Cards, In-App Purchases, Family Sharing","Free to Play, Strategy, Tower Defense, Multiplayer, Base-Building, Action, War, Casual, Massively Multiplayer, Shooter",True,False,False,0,4993,1679,"500,000 .. 1,000,000",410,0,123,0,0,0,21,2018,2,750000.0,True,0.0,-0.14184925043885277,-0.26769651908607045,-0.14209042723478343,-0.18100531529153208,0.12485038049781758,Action,6672,0.7483513189448441
13210,Unreal Tournament 3,2009-03-05,False,0.0,False,0,"Epic Games, Inc.","Epic Games, Inc.",Action,"Single-player, Multi-player, PvP, Online PvP, LAN PvP, Co-op, Online Co-op, LAN Co-op, Steam Achievements, Full controller support, Family Sharing","FPS, Action, Multiplayer, Arena Shooter, Shooter, Sci-fi, Fast-Paced, First-Person, Gore, Competitive",True,False,False,2684,3566,489,"1,000,000 .. 2,000,000",322,281,99,19,17,0,57,2009,3,1500000.0,True,0.0,-0.12298917996686272,-0.29420812903112836,-0.14209042723478343,0.10074318036537475,-1.934258357958956,Action,4055,0.8794081381011097
1084520,雀姬/姫麻雀,2019-08-05,False,0.0,True,0,Jack Tech,Smile Tech,"Casual, RPG, Strategy, Free To Play, Early Access","Single-player, Multi-player, PvP, Online PvP","Free to Play, Mahjong, Sexual Content, Anime, Casual, Early Access, Strategy, RPG, Board Game, Nudity",True,True,False,0,1547,1270,"200,000 .. 500,000",1114,0,499,90,0,0,0,2019,8,350000.0,True,0.0,-0.14184925043885277,-0.055603639525607075,-0.14209042723478343,-0.3453586044247277,0.353640240326348,Casual,2817,0.5491657791977281
493650,Deep Space Dash,2016-07-07,False,1.99,False,0,Delusional Games,Back To Basics Gaming,"Action, Casual, Indie","Single-player, Steam Achievements, Steam Trading Cards, Partial Controller Support, Family Sharing","Action, Indie, Casual, Space, Sci-fi, Runner",True,False,False,155,117,240,"200,000 .. 500,000",208,0,218,0,0,0,16,2016,7,350000.0,False,1.095273387402595,-0.14076008839594722,-0.3285527146417716,-0.14209042723478343,-0.2201370507994358,-0.33272933915924324,Action,357,0.3277310924369748
499420,Star Fields,2016-08-06,False,1.99,False,0,AG media,Back To Basics Gaming,"Casual, Indie","Single-player, Steam Trading Cards, Family Sharing","Casual, Indie, Arcade",True,False,False,0,103,82,"200,000 .. 500,000",220,0,211,0,0,0,0,2016,8,350000.0,False,1.095273387402595,-0.14184925043885277,-0.32493749510380915,-0.14209042723478343,-0.3453586044247277,-0.33272933915924324,Casual,185,0.5567567567567567
231200,Kentucky Route Zero: PC Edition,2013-02-22,False,24.99,False,0,Cardboard Computer,Cardboard Computer,"Adventure, Indie","Single-player, Steam Achievements, Full controller support, Captions available, Steam Cloud, Remote Play on TV, Family Sharing","Adventure, Atmospheric, Indie, Point & Click, Surreal, Story Rich, Episodic, Great Soundtrack, Narrative, Mystery",True,True,True,3175,3346,812,"200,000 .. 500,000",255,0,154,4,0,0,24,2013,2,350000.0,False,3.2577118486533987,-0.11953899568901358,-0.314393104784752,-0.14209042723478343,-0.15752627398678984,-1.0190989186448345,Adventure,4158,0.8047138047138047
467960,Home Behind,2016-06-02,False,5.99,False,0,TPP Studio,TPP Studio,"Adventure, Casual, Indie, RPG, Simulation, Strategy","Single-player, Steam Achievements, Steam Trading Cards, Steam Cloud, Family Sharing","Adventure, RPG, Survival, Indie, Casual, Simulation, Strategy, Singleplayer, Side Scroller, Rogue-lite",True,True,True,4987,5049,917,"200,000 .. 500,000",979,0,415,12,0,1,35,2016,6,350000.0,False,1.944480556245719,-0.1068063400648534,-0.09627485932768456,-0.09984655995698968,-0.07143645586940164,-0.33272933915924324,Adventure,5966,0.8462956754944686
1787090,MyDockFinder,2021-11-25,False,4.99,False,0,MyDockFinder,MyDockFinder,Utilities,"Steam Achievements, Steam Workshop, Steam Cloud","Utilities, Software, Indie",True,False,False,6658,3981,1561,"500,000 .. 1,000,000",5733,957,341,2384,0,0,12,2021,11,750000.0,False,1.7900914121273581,-0.09506447055714276,1.3359546142951035,-0.14209042723478343,-0.25144243920575876,0.8112199599834088,Other,5542,0.7183327318657524
821880,Idol Manager,2021-07-26,False,19.99,False,0,Glitch Pitch,PLAYISM,"Indie, Simulation, Strategy","Single-player, Steam Achievements, Steam Workshop, Steam Cloud, Family Sharing","Visual Novel, Economy, Management, Romance, Point & Click, Strategy, Cute, Dark Comedy, Nonlinear, Simulation",True,True,True,3718,3400,481,"200,000 .. 500,000",763,576,673,54,0,0,102,2021,7,350000.0,False,3.0440461338325417,-0.11572341511289935,-0.16134881101100856,-0.14209042723478343,0.45292879993650825,0.8112199599834088,Indie,3881,0.8760628703942283
1043260,Gladiator Guild Manager,2024-06-22,False,4.94,False,67,Entertainment Forge,"GrabTheGames, Gamirror Games, UpgradePoint","Indie, Simulation, Strategy","Single-player, Steam Achievements, Steam Cloud, Steam Leaderboards, Family Sharing","Strategy, Auto Battler, Management, RPG, Tactical, Strategy RPG, Building, Medieval, Rogue-lite, Tactical RPG",True,True,False,3639,2900,637,"200,000 .. 500,000",551,0,253,16,0,2,51,2024,6,350000.0,False,1.7817091333745536,-0.11627853641218669,-0.22521768951501175,-0.05760269267919593,0.05378509775589027,1.497589539469,Indie,3537,0.8199038733389878
349040,NARUTO SHIPPUDEN: Ultimate Ninja STORM 4,2016-02-04,False,19.99,False,0,CyberConnect2 Co. Ltd.,BANDAI NAMCO Entertainment,"Action, Adventure","Single-player, Multi-player, PvP, Shared/Split Screen PvP, Steam Achievements, Full controller support, Steam Cloud, Steam Leaderboards, Remote Play on Phone, Remote Play on Tablet, Remote Play on TV, Remote Play Together, Family Sharing","Anime, Fighting, Action, Multiplayer, Ninja, Adventure, Story Rich, Local Multiplayer, Singleplayer, Third Person",True,False,False,71952,80515,7987,"2,000,000 .. 5,000,000",1304,0,491,384,0,6,53,2016,2,3500000.0,False,3.0440461338325417,0.36374679672978616,0.001637336492131625,0.1113727764319791,0.06943779195905177,-0.33272933915924324,Action,88502,0.909753451899392
214190,Minimum,2014-09-10,False,0.0,False,0,Unknown,"Atari Inc., Cubed Productions LLC",Action,"Multi-player, Steam Achievements, Steam Trading Cards, Steam Workshop, Partial Controller Support, Stats, Family Sharing","Action, Third-Person Shooter, Multiplayer, Shooter, MOBA, Crafting, Robots, Indie, Voxel, Co-op",True,False,False,2893,2405,1590,"500,000 .. 1,000,000",257,0,207,0,0,0,7,2014,9,750000.0,True,0.0,-0.12152056792191268,-0.3137905681950916,-0.14209042723478343,-0.2905741747136625,-0.7903090588163041,Action,3995,0.6020025031289111
2795640,BOXHEAD:Immortal,2024-03-27,False,4.99,False,0,"Fire Source Studio, Sean Cooper",Fire Source Studio,"Action, Adventure, Indie, RPG, Strategy, Early Access","Single-player, Multi-player, Co-op, Online Co-op, LAN Co-op, Shared/Split Screen Co-op, Shared/Split Screen, Remote Play Together, Family Sharing","Early Access, Top-Down Shooter, Shoot 'Em Up, Rogue-lite, Shooter, Action RPG, RPG, Singleplayer, Local Multiplayer, Local Co-Op",True,False,False,123,93,19,"200,000 .. 500,000",41,0,41,2,0,0,0,2024,3,350000.0,False,1.7900914121273581,-0.14098494765641803,-0.37886451987841563,-0.14209042723478343,-0.3453586044247277,1.497589539469,Action,112,0.8303571428571429
33110,Alien Shooter: Revisited,2009-05-27,False,4.99,False,0,Sigma Team Inc.,Sigma Team Inc.,"Action, Indie, RPG","Single-player, Steam Trading Cards, Family Sharing","Action, RPG, Indie, Gore, Shooter, Singleplayer, Isometric, Aliens, Top-Down Shooter",True,False,False,653,509,282,"200,000 .. 500,000",118,0,104,1,0,0,0,2009,5,350000.0,False,1.7900914121273581,-0.1372607161548701,-0.35566686117648993,-0.14209042723478343,-0.3453586044247277,-1.934258357958956,Action,791,0.6434892541087232
744900,Dead Frontier 2,2019-07-15,False,0.0,True,0,Creaky Corpse Ltd,Creaky Corpse Ltd,"Action, Indie, Massively Multiplayer, RPG, Free To Play","Single-player, Multi-player, MMO, PvP, Online PvP, Co-op, Online Co-op, Steam Trading Cards, In-App Purchases, Remote Play on Tablet","Free to Play, Multiplayer, Survival Horror, Zombies, Horror, Online Co-Op, Third-Person Shooter, MMORPG, Survival, PvE",True,False,False,0,18844,7957,"2,000,000 .. 5,000,000",921,0,49,647,0,0,105,2019,7,3500000.0,True,0.0,-0.14184925043885277,-0.11374842042783638,-0.14209042723478343,0.4764078412412505,0.353640240326348,Action,26801,0.7031080929816051
2142790,Fields of Mistria,2024-08-05,False,13.99,False,0,NPC Studio,NPC Studio,"Indie, RPG, Simulation, Early Access","Single-player, Full controller support, Family Sharing","Early Access, Farming Sim, Dating Sim, RPG, Life Sim, Simulation, Romance, Cute, Pixel Graphics, Farming",True,False,False,24930,19544,414,"500,000 .. 1,000,000",1699,67,951,1616,0,0,0,2024,8,750000.0,False,2.7073833121145063,0.03333016717169549,0.12063831295006208,-0.14209042723478343,-0.3453586044247277,1.497589539469,Indie,19958,0.9792564385208938
253960,Jack Orlando: Director's Cut,2013-10-04,False,6.99,False,0,Toontraxx Studios,Topware Interactive,Adventure,"Single-player, Steam Trading Cards, Family Sharing","Adventure, Point & Click, Noir, Detective, Singleplayer, Classic",True,True,True,241,445,202,"1,000,000 .. 2,000,000",628,0,269,33,0,1,0,2013,10,1500000.0,False,2.0781907597781832,-0.14015577913343188,-0.20202003081308606,-0.09984655995698968,-0.3453586044247277,-1.0190989186448345,Adventure,647,0.6877897990726429
225600,Blade Symphony,2014-05-07,False,0.0,True,0,Puny Human,Puny Human,"Action, Indie","Multi-player, PvP, Online PvP, Shared/Split Screen PvP, Cross-Platform Multiplayer, Steam Achievements, Steam Trading Cards, Steam Workshop, In-App Purchases, Partial Controller Support, Steam Cloud, Stats, Includes level editor, Includes Source SDK, Remote Play Together","Action, Fighting, Indie, Multiplayer, Swordplay, Competitive, Third Person, Hack and Slash, Ninja, Parkour",True,True,True,2855,3188,1615,"500,000 .. 1,000,000",271,0,82,0,0,1,26,2014,5,750000.0,True,0.0,-0.12178758829372179,-0.3095728120674688,-0.09984655995698968,-0.14187357978362836,-0.7903090588163041,Action,4803,0.6637518217780554
718560,Scythe: Digital Edition,2018-09-05,False,19.99,False,0,The Knights of Unity,The Knights of Unity,Strategy,"Single-player, Multi-player, PvP, Online PvP, Shared/Split Screen PvP, Steam Achievements, Steam Trading Cards, Remote Play Together, Family Sharing","Board Game, Strategy, Turn-Based, Multiplayer, 4X, Tabletop, Alternate History, Mechs, Hex Grid, Turn-Based Strategy",True,True,False,3121,3235,377,"200,000 .. 500,000",208,0,66,30,0,2,56,2018,9,350000.0,False,3.0440461338325417,-0.11991844569105808,-0.3285527146417716,-0.05760269267919593,0.092916833263794,0.12485038049781758,Strategy,3612,0.89562569213732
390030,DESYNC,2017-02-28,False,14.99,False,0,The Foregone Syndicate,Adult Swim Games,"Action, Indie","Single-player, Steam Achievements, Full controller support, Steam Trading Cards, Steam Cloud, Family Sharing","Action, Indie, Shooter, Great Soundtrack, FPS, First-Person, Soundtrack, Difficult, Cyberpunk, Sci-fi",True,False,False,394,402,98,"200,000 .. 500,000",170,0,326,0,0,2,179,2017,2,350000.0,False,2.771963526845863,-0.13908067079430578,-0.34000090984531933,-0.05760269267919593,1.0555575267582256,-0.10393947933071283,Action,500,0.804
212500,The Lord of the Rings Online™,2012-06-06,False,0.0,True,0,Standing Stone Games,Daybreak Game Company LLC,"Action, Adventure, Massively Multiplayer, RPG, Free To Play","Multi-player, MMO, PvP, Co-op, In-App Purchases, Partial Controller Support","Free to Play, MMORPG, Massively Multiplayer, Open World, Fantasy, RPG, Adventure, Multiplayer, Character Customization, Based On A Novel",True,False,False,171,17099,3896,"2,000,000 .. 5,000,000",1932,677,217,793,0,0,0,2012,6,3500000.0,True,0.0,-0.1406476587657118,0.19083382564549953,-0.14209042723478343,-0.3453586044247277,-1.247888778473365,Action,20995,0.8144320076208621
342200,MechWarrior Online™ Legends,2015-12-10,False,0.0,True,0,Piranha Games Inc.,Piranha Games Inc.,"Action, Massively Multiplayer, Simulation, Strategy, Free To Play","Multi-player, MMO, Steam Achievements, In-App Purchases","Free to Play, Mechs, Multiplayer, Shooter, Action, Robots, Sci-fi, Simulation, FPS, PvP",True,False,False,155,9790,2430,"2,000,000 .. 5,000,000",1674,0,76,392,0,52,36,2015,12,3500000.0,True,0.0,-0.14076008839594722,0.11310660557930699,2.0545906712104918,-0.0636101087678209,-0.5615191989877737,Action,12220,0.8011456628477905
39540,SpellForce - Platinum Edition,2009-11-03,False,9.99,False,0,Phenomic,THQ Nordic,"Action, RPG","Single-player, Steam Cloud, Family Sharing","RPG, Strategy, Fantasy, RTS, Action, Singleplayer, Story Rich, Dwarf, Classic, Great Soundtrack",True,False,False,2338,2335,321,"200,000 .. 500,000",490,0,152,118,0,0,0,2009,11,350000.0,False,2.39698576841553,-0.12542047072070348,-0.24359505549965416,-0.14209042723478343,-0.3453586044247277,-1.934258357958956,Action,2656,0.8791415662650602
1182110,Weed Shop 3,2022-04-20,False,19.99,False,0,Weed Games,Weed Games ,"Casual, Indie, Simulation, Strategy","Single-player, Steam Achievements, Steam Trading Cards, Partial Controller Support, Steam Cloud, Stats, Family Sharing","Immersive Sim, Management, Building, FPS, Economy, Strategy, Open World, Farming Sim, Crafting, Life Sim",True,False,False,3921,3797,234,"200,000 .. 500,000",2772,0,1795,46,0,0,42,2022,4,350000.0,False,3.0440461338325417,-0.11429696417928759,0.44389919330287064,-0.14209042723478343,-0.01665202615833643,1.0400098198119392,Casual,4031,0.9419498883651699
1491000,War Robots: Frontiers,2025-03-04,False,0.0,True,0,MY.GAMES,MY.GAMES,"Action, Simulation, Free To Play","Multi-player, PvP, Online PvP, Cross-Platform Multiplayer, Steam Achievements, Full controller support, In-App Purchases, Camera Comfort, Custom Volume Controls, Playable without Timed Input, Stereo Sound, Subtitle Options, Surround Sound","Free to Play, Third-Person Shooter, Mechs, PvP, Multiplayer, Action, Arena Shooter, Robots, Sci-fi, Futuristic",True,False,False,736,1977,1105,"20,000,000 .. 50,000,000",172,0,317,256,0,4,33,2025,3,35000000.0,True,0.0,-0.13667748744802388,-0.3393983732556589,0.026885041876391583,-0.08708915007256314,1.7263793992975305,Action,3082,0.6414665801427645
1290000,PowerWash Simulator,2022-07-14,False,24.99,False,0,FuturLab,Square Enix,"Casual, Indie, Simulation","Single-player, Multi-player, Co-op, Online Co-op, Cross-Platform Multiplayer, Steam Achievements, Full controller support, Steam Trading Cards, Steam Cloud, Family Sharing","Casual, Relaxing, Simulation, Multiplayer, First-Person, 3D, Sandbox, Funny, Co-op, Immersive Sim",True,False,False,49892,50767,1643,"1,000,000 .. 2,000,000",2115,59,975,2547,0,17,100,2022,7,1500000.0,False,3.2577118486533987,0.20873444404271457,0.24596592359942682,0.5760553164877105,0.4372761057333468,1.0400098198119392,Casual,52410,0.9686510207975577
355180,Codename CURE,2017-10-31,False,0.0,True,0,Raptor Byte,Raptor Byte,"Action, Free To Play","Single-player, Multi-player, Co-op, Online Co-op, LAN Co-op, Cross-Platform Multiplayer, Steam Achievements, Steam Workshop, Partial Controller Support, Includes level editor","Zombies, Shooter, Free to Play, Survival Horror, Co-op, FPS, Military, Post-apocalyptic, Class-Based, PvE",True,False,True,287,13960,2518,"2,000,000 .. 5,000,000",136,0,44,12,0,1,44,2017,10,3500000.0,True,0.0,-0.1398325439465051,-0.3502440318695463,-0.09984655995698968,-0.0009993319551749415,-0.10393947933071283,Action,16478,0.8471901929845855
1272160,The Life and Suffering of Sir Brante,2021-03-04,False,19.99,False,0,"Sever, Schisma Games",101XP,"Adventure, Indie, RPG, Simulation, Strategy","Single-player, Steam Achievements, Steam Trading Cards, Family Sharing","Choices Matter, Story Rich, RPG, Interactive Fiction, Choose Your Own Adventure, Visual Novel, Text-Based, Indie, Medieval, Adventure",True,False,False,7800,7790,829,"200,000 .. 500,000",1041,0,685,40,0,1,89,2021,3,350000.0,False,3.0440461338325417,-0.08703980569909037,-0.07759622504821194,-0.09984655995698968,0.3511862876159586,0.8112199599834088,Adventure,8619,0.9038171481610395
914020,Gibbous -  A Cthulhu Adventure,2019-08-07,False,19.99,False,0,Stuck In Attic,Stuck In Attic,"Adventure, Indie","Single-player, Steam Achievements, Steam Cloud, Family Sharing","Story Rich, Point & Click, Puzzle, Adventure, Dark, Indie, Cute, Singleplayer, Lovecraftian, Dark Fantasy",True,True,True,2067,1953,224,"200,000 .. 500,000",459,0,415,1,0,2,48,2019,8,350000.0,False,3.0440461338325417,-0.12732474758281573,-0.2529343726393905,-0.05760269267919593,0.030306056451148037,0.353640240326348,Adventure,2177,0.8971061093247589
218740,Pid,2012-10-31,False,19.99,False,0,Might and Delight,Might and Delight,"Adventure, Indie","Single-player, Multi-player, Co-op, Shared/Split Screen, Steam Achievements, Full controller support, Remote Play on TV, Remote Play Together, Family Sharing","Indie, Puzzle-Platformer, Adventure, Platformer, Puzzle, Local Co-Op, Difficult, Singleplayer, Co-op, Great Soundtrack",True,True,False,295,2023,402,"500,000 .. 1,000,000",93,0,47,1,0,1,12,2012,10,750000.0,False,3.0440461338325417,-0.13977632913138738,-0.363198568547245,-0.09984655995698968,-0.25144243920575876,-1.247888778473365,Adventure,2425,0.8342268041237113
1364780,Street Fighter™ 6,2023-06-01,False,39.99,False,0,"CAPCOM Co., Ltd.","CAPCOM Co., Ltd.","Action, Adventure","Single-player, Multi-player, PvP, Online PvP, Shared/Split Screen PvP, Shared/Split Screen, Cross-Platform Multiplayer, Steam Achievements, Steam Trading Cards, In-App Purchases, Camera Comfort, Custom Volume Controls, Adjustable Difficulty, Keyboard Only Option, Save Anytime, Stereo Sound, Surround Sound, Partial Controller Support, Steam Cloud, Family Sharing","2D Fighter, Fighting, Character Customization, Arcade, Action, Multiplayer, Competitive, PvP, Adventure, Singleplayer",True,False,False,45602,48252,8414,"2,000,000 .. 5,000,000",6145,383,1057,14920,0,9,43,2023,6,3500000.0,False,3.7133281345162463,0.17858924943584525,1.4600771517651476,0.23810437826536038,-0.008825679056755686,1.2687996796404697,Action,56666,0.851515900187061
1608070,CRISIS CORE –FINAL FANTASY VII– REUNION,2022-12-13,False,49.99,False,0,"Square Enix, TOSE CO., LTD.",Square Enix,"Action, RPG","Single-player, Steam Achievements, Full controller support, Steam Trading Cards, Steam Cloud, Family Sharing","Action, RPG, Adventure, JRPG, Action RPG, Action-Adventure, Party-Based RPG, Spectacle fighter, 3D, 3D Platformer",True,False,False,6476,6667,751,"500,000 .. 1,000,000",1083,0,956,59,0,1,51,2022,12,750000.0,False,3.9316295350670645,-0.09634335760107055,-0.06494295666534339,-0.09984655995698968,0.05378509775589027,1.0400098198119392,Action,7418,0.8987597735238608
1084600,My Time at Sandrock,2023-11-02,False,13.99,False,65,Pathea Games,"Pathea Games, Focus Entertainment, PM Studios, Inc., DMM Games","Adventure, Casual, Indie, RPG, Simulation","Single-player, Multi-player, Co-op, Online Co-op, Steam Achievements, Full controller support, Steam Cloud, Family Sharing","Life Sim, Building, Farming Sim, Multiplayer, Sandbox, Crafting, RPG, Dating Sim, Open World, Character Customization",True,False,False,23613,23218,3065,"500,000 .. 1,000,000",2411,46,695,1501,0,16,60,2023,11,750000.0,False,2.7073833121145063,0.024075803232943303,0.3351413388691671,0.5338114492099167,0.12422222167011698,1.2687996796404697,Adventure,26283,0.8833846973328767
404790,Godot Engine,2016-02-23,False,0.0,True,0,Godot Engine,Godot Engine,Game Development,"Partial Controller Support, Includes level editor","Game Development, Utilities, Software, 3D, 2D, Free to Play, Programming",True,True,True,0,6696,1110,"1,000,000 .. 2,000,000",6350,122,189,1024,0,0,0,2016,2,1500000.0,True,0.0,-0.14184925043885277,1.5218371522053393,-0.14209042723478343,-0.3453586044247277,-0.33272933915924324,Other,7806,0.8578016910069177
683320,GRIS,2018-12-13,False,14.99,False,0,Nomada Studio,Devolver Digital,"Adventure, Indie","Single-player, Steam Achievements, Full controller support, Steam Trading Cards, Steam Cloud, Remote Play on Phone, Remote Play on Tablet, Remote Play on TV, Family Sharing","Beautiful, Atmospheric, Great Soundtrack, Indie, Female Protagonist, Adventure, Hand-drawn, Platformer, Singleplayer, Relaxing",True,True,False,81778,80404,3044,"2,000,000 .. 5,000,000",1216,0,196,67,0,1,17,2018,12,3500000.0,False,2.771963526845863,0.4327926433981073,-0.0248742734529263,-0.09984655995698968,-0.21231070369785507,0.12485038049781758,Adventure,83448,0.9635221934617966
307960,IL-2 Sturmovik: Battle of Stalingrad,2014-10-22,False,49.99,False,0,1C Game Studios,FOR-GAMES CR LTD,"Action, Simulation","Single-player, Multi-player, PvP, Online PvP, Co-op, Online Co-op, VR Supported, Steam Trading Cards, Camera Comfort, Custom Volume Controls, Adjustable Difficulty, Playable without Timed Input, Stereo Sound, Surround Sound, Partial Controller Support, Includes level editor, Family Sharing","Flight, Realistic, Simulation, Jet, VR, World War II, War, Historical, First-Person, Singleplayer",True,False,False,8475,7142,1888,"200,000 .. 500,000",2096,0,223,179,0,57,0,2014,10,350000.0,False,3.9316295350670645,-0.082296680673534,0.24024182599765292,2.2658100075994607,-0.3453586044247277,-0.7903090588163041,Action,9030,0.7909191583610188
1196630,Nexomon: Extinction,2020-08-28,False,19.99,False,0,VEWO Interactive Inc.,"PQube, VEWO Interactive Inc.","Action, Adventure, Casual, Indie, RPG, Simulation","Single-player, Steam Achievements, Full controller support, Steam Cloud, Family Sharing","Creature Collector, Turn-Based Combat, RPG, Casual, Top-Down, Funny, Singleplayer, Adventure, Colorful, Family Friendly",True,True,False,3639,2951,286,"200,000 .. 500,000",574,0,675,70,0,0,56,2020,8,350000.0,False,3.0440461338325417,-0.11627853641218669,-0.21828851873391705,-0.14209042723478343,0.092916833263794,0.5824301001548784,Action,3237,0.9116465863453815
483980,Mad Father,2016-09-22,False,9.99,False,0,sen,PLAYISM,"Adventure, Indie","Single-player, Steam Achievements, Steam Trading Cards, Partial Controller Support, Steam Cloud, Family Sharing","RPGMaker, Horror, Psychological Horror, Anime, Pixel Graphics, 2D, Exploration, Survival Horror, Story Rich, Adventure",True,False,False,5898,5561,158,"200,000 .. 500,000",194,0,50,23,0,0,21,2016,9,350000.0,False,2.39698576841553,-0.10040487799332473,-0.3327704707693945,-0.14209042723478343,-0.18100531529153208,-0.33272933915924324,Adventure,5719,0.9723727924462319
318100,AXYOS,2018-08-01,False,0.99,False,80,Axyos Games,Axyos Games,"Action, Casual, Indie, Massively Multiplayer, Strategy","Single-player, Multi-player, PvP, Online PvP, LAN PvP, Steam Achievements, Steam Trading Cards, Partial Controller Support, Steam Cloud, Stats, Family Sharing","Hero Shooter, FPS, Wargame, MOBA, Multiplayer, PvP, PvE, Shooter, Strategy, First-Person",True,False,False,1633,1165,1113,"200,000 .. 500,000",106,0,56,0,0,1,4,2018,8,350000.0,False,0.688134638736401,-0.13037440130295122,-0.3592820807144524,-0.09984655995698968,-0.31405321601840475,0.12485038049781758,Action,2278,0.5114135206321334
219780,Divinity II: Developer's Cut,2012-10-29,False,2.99,False,85,Larian Studios,"Larian Studios, Focus Home Interactive",RPG,"Single-player, Family Sharing","RPG, Fantasy, Open World, Third Person, Dragons, Action RPG, Singleplayer, Adventure, Action, Magic",True,False,False,4380,4058,742,"500,000 .. 1,000,000",395,0,42,22,0,0,0,2012,10,750000.0,False,1.3837912309017721,-0.11107163916190926,-0.2722155435085235,-0.14209042723478343,-0.3453586044247277,-1.247888778473365,RPG,4800,0.8454166666666667
529180,Dark and Light,2017-07-20,False,17.99,False,0,Snail Games USA,Snail Games USA,"Action, Adventure, Massively Multiplayer, RPG, Simulation, Early Access","Single-player, Multi-player, PvP, Online PvP, LAN PvP, Co-op, Online Co-op, LAN Co-op, Steam Workshop, Family Sharing","Open World, Survival, Massively Multiplayer, RPG, Sandbox, Fantasy, Adventure, Magic, MMORPG, Early Access",True,False,False,10557,6133,5557,"500,000 .. 1,000,000",6976,0,1108,35,0,1,29,2017,7,750000.0,False,2.9439125248241944,-0.06766677503915128,1.7104311047690468,-0.09984655995698968,-0.11839453847888612,-0.10393947933071283,Action,11690,0.5246364414029084
1386900,Observer: System Redux,2020-11-10,False,29.99,False,0,"Bloober Team, Anshar Studios",Bloober Team SA,"Adventure, Indie","Single-player, Steam Achievements, Full controller support, Steam Cloud, Family Sharing","Horror, Investigation, Cyberpunk, Hacking, Stealth, Walking Simulator, First-Person, Action-Adventure, Story Rich, Alternate History",True,False,False,2357,2181,341,"200,000 .. 500,000",626,0,749,6,0,2,23,2020,11,350000.0,False,3.433664571799657,-0.12528696053479893,-0.20262256740274648,-0.05760269267919593,-0.1653526210883706,0.5824301001548784,Adventure,2522,0.8647898493259318
895400,Deadside,2024-12-05,False,24.99,False,0,Bad Pixel,"Bad Pixel, tinyBuild","Action, Adventure, Indie, Massively Multiplayer","Multi-player, MMO, PvP, Online PvP, Co-op, Online Co-op, Steam Achievements, Family Sharing",Unknown,True,False,False,34140,0,0,,0,0,0,0,0,16,29,2024,12,750000.0,False,3.2577118486533987,0.09804747307595339,-0.39121651996645396,0.5338114492099167,-0.11839453847888612,1.497589539469,Action,0,0.8471660663060372
857350,CopperCube 6 Game Engine,2018-07-13,False,0.0,True,0,Ambiera e.U.,Ambiera e.U.,"Animation & Modeling, Design & Illustration",Unknown,"Animation & Modeling, Game Development, Design & Illustration, Software, GameMaker, Sandbox, Utilities, Education, First-Person, Free to Play",True,False,False,0,268,63,"200,000 .. 500,000",59,0,108,3,0,2,0,2018,7,350000.0,True,0.0,-0.14184925043885277,-0.373441690571472,-0.05760269267919593,-0.3453586044247277,0.12485038049781758,Other,331,0.8096676737160121
1678420,Blade Runner: Enhanced Edition,2022-06-23,False,9.99,False,0,"Nightdive Studios, Westwood Studios","Nightdive Studios, Atari",Adventure,"Single-player, Steam Achievements, Full controller support, Steam Cloud, Family Sharing","Adventure, Point & Click, Cinematic, Cyberpunk, FMV, 1980s, Alternate History, Artificial Intelligence, Atmospheric, Dark",True,False,False,581,354,132,"200,000 .. 500,000",0,0,0,2,0,0,24,2022,6,350000.0,False,2.39698576841553,-0.13776664949092943,-0.39121651996645396,-0.14209042723478343,-0.15752627398678984,1.0400098198119392,Adventure,486,0.7283950617283951
353380,Steam Link,2015-11-10,False,0.0,False,0,Unknown,Unknown,Unknown,Full controller support,"Steam Machine, Software, Shooter, Local Multiplayer, VR, Survival Horror, PvP, Survival, Great Soundtrack, RPG",True,True,True,5047,5693,1722,"500,000 .. 1,000,000",0,0,0,1,0,0,0,2015,11,750000.0,True,0.0,-0.10638472895147061,-0.39121651996645396,-0.14209042723478343,-0.3453586044247277,-0.5615191989877737,Unknown,7415,0.7677680377612947
460950,Katana ZERO,2019-04-18,False,14.99,False,0,Askiisoft,Devolver Digital,"Action, Indie","Single-player, Steam Achievements, Full controller support, Steam Trading Cards, Steam Cloud, Remote Play on Phone, Remote Play on Tablet, Remote Play on TV, Family Sharing","Pixel Graphics, Action, Great Soundtrack, Story Rich, Platformer, Cyberpunk, 2D Platformer, Indie, 2D, Hack and Slash",True,True,False,65172,69672,1397,"2,000,000 .. 5,000,000",382,169,307,82,0,1,22,2019,4,3500000.0,False,2.771963526845863,0.31610474091753116,-0.27613203134131614,-0.09984655995698968,-0.17317896818995132,0.353640240326348,Action,71069,0.9803430468980849
1372810,Teamfight Manager,2021-03-01,False,9.99,False,0,Team Samoyed,Team Samoyed,"Indie, Simulation, Sports","Single-player, Multi-player, PvP, Online PvP, Cross-Platform Multiplayer, Steam Achievements, Partial Controller Support, Steam Cloud, Family Sharing","Simulation, Management, e-sports, Auto Battler, Pixel Graphics, Sports, Strategy, Choices Matter, 2D, Resource Management",True,True,False,5578,4843,728,"500,000 .. 1,000,000",807,0,581,123,0,3,30,2021,3,750000.0,False,2.39698576841553,-0.10265347059803294,-0.1480930060384796,-0.015358825401402173,-0.11056819137730538,0.8112199599834088,Indie,5571,0.869323281278047
424030,War of Rights,2018-12-03,False,29.99,False,0,Campfire Games,Campfire Games,"Action, Indie, Massively Multiplayer, Simulation, Strategy, Early Access","Multi-player, MMO, PvP, Online PvP, Co-op, Online Co-op, Steam Achievements, Steam Trading Cards, Partial Controller Support, Steam Cloud, Stats, Family Sharing","Historical, War, Multiplayer, Realistic, Action, Simulation, Military, FPS, Strategy, First-Person",True,False,False,12953,11619,1526,"500,000 .. 1,000,000",4394,0,335,298,0,0,29,2018,12,750000.0,False,3.433664571799657,-0.05083043791139863,0.932556367517461,-0.14209042723478343,-0.11839453847888612,0.12485038049781758,Action,13145,0.8839102320273868
1238080,Burnout™ Paradise Remastered,2020-06-04,False,19.99,False,0,"Stellar Entertainment, Criterion Games",Electronic Arts,"Action, Adventure, Racing","Single-player, Multi-player, PvP, Online PvP, Co-op, Online Co-op, Steam Achievements, Full controller support, Steam Trading Cards","Racing, Action, Multiplayer, Arcade, Adventure, Driving, Automobile Sim, Destruction, Third Person, Co-op",True,False,False,6954,4592,2795,"500,000 .. 1,000,000",549,0,348,33,0,0,56,2020,6,750000.0,False,3.0440461338325417,-0.09298452239778768,-0.22582022610467214,-0.14209042723478343,0.092916833263794,0.5824301001548784,Action,7387,0.6216325978069581
1241510,The Test,2020-02-24,False,1.99,False,0,Randumb Studios,Randumb Studios,"Adventure, Casual, Indie, RPG, Simulation","Single-player, Full controller support, Family Sharing","Choose Your Own Adventure, Simulation, Multiple Endings, Story Rich, Pixel Graphics, Psychological Horror, Psychological, Singleplayer, Choices Matter, Horror",True,False,False,19622,19334,620,"500,000 .. 1,000,000",33,0,28,3,0,0,0,2020,2,750000.0,False,1.095273387402595,-0.003968362658901785,-0.38127466623705725,-0.14209042723478343,-0.3453586044247277,0.5824301001548784,Adventure,19954,0.9689285356319535
1325860,VTube Studio,2021-03-12,False,0.0,True,0,DenchiSoft,DenchiSoft,"Indie, Animation & Modeling, Video Production","Single-player, Steam Workshop","Indie, Mature, Anime, Animation & Modeling, Free to Play, NSFW, Software, Cute, Video Production, Character Customization",True,True,False,103,5283,412,"1,000,000 .. 2,000,000",2096,1438,67,10139,0,3,0,2021,3,1500000.0,True,0.0,-0.1411254846942123,0.24024182599765292,-0.015358825401402173,-0.3453586044247277,0.8112199599834088,Indie,5695,0.9276558384547849
266130,Breach & Clear,2014-03-21,False,9.99,False,0,"Mighty Rabbit Studios, Gun Interactive",Gun Interactive,"Action, RPG, Simulation, Strategy","Single-player, Steam Achievements, Steam Trading Cards, Steam Cloud, Stats, Steam Leaderboards, Family Sharing","Strategy, Tactical, Turn-Based Strategy, Simulation, Action, Turn-Based, Singleplayer, Military, RPG, Shooter",True,True,True,2013,1990,423,"200,000 .. 500,000",861,0,192,1,0,1,64,2014,3,350000.0,False,2.39698576841553,-0.12770419758486024,-0.13182451811764861,-0.09984655995698968,0.15552761007643995,-0.7903090588163041,Action,2413,0.8246995441359304
1449690,The Walking Dead: The Telltale Definitive Series,2020-10-29,False,49.99,False,0,Skybound Games,Skybound Games,Adventure,"Single-player, Steam Achievements, Full controller support, Family Sharing","Choices Matter, Story Rich, Interactive Fiction, Horror, Multiple Endings, Comic Book, Adventure, Choose Your Own Adventure, Post-apocalyptic, Visual Novel",True,False,False,33887,29969,1072,"500,000 .. 1,000,000",1469,151,479,677,18,0,23,2020,10,750000.0,False,3.9316295350670645,0.09626967954785597,0.05134660513911523,-0.14209042723478343,-0.1653526210883706,0.5824301001548784,Adventure,31041,0.9654650301214522
500,Left 4 Dead,2008-11-17,False,9.99,False,0,Valve,Valve,Action,"Single-player, Multi-player, Co-op, Steam Achievements, Full controller support, Captions available, Camera Comfort, Color Alternatives, Custom Volume Controls, Adjustable Difficulty, Stereo Sound, Surround Sound, Steam Cloud, Valve Anti-Cheat enabled, Stats, Steam Leaderboards, Includes Source SDK, Commentary available, Remote Play on TV, Family Sharing","Zombies, Co-op, Multiplayer, FPS, Action, Horror, Shooter, Online Co-Op, Survival, Team-Based",True,False,False,56531,59622,2272,"5,000,000 .. 10,000,000",1266,191,145,774,0,0,73,2008,11,7500000.0,False,2.39698576841553,0.25538571373852,-0.009810858711416114,-0.14209042723478343,0.22596473399066666,-2.1630482177874866,Action,61894,0.9632920800077552
679900,Swords & Souls: Neverseen,2019-07-22,False,14.99,False,0,SoulGame Studio,Armor Games Studios,"Action, Adventure, Indie, RPG","Single-player, Steam Achievements, Steam Trading Cards, Camera Comfort, Custom Volume Controls, Steam Leaderboards, Family Sharing","Indie, RPG, Turn-Based Combat, Character Customization, Action RPG, Singleplayer, Turn-Based, Idler, Funny, 2D",True,True,False,5849,5047,363,"500,000 .. 1,000,000",1182,0,918,188,0,0,39,2019,7,750000.0,False,2.771963526845863,-0.10074919373592067,-0.03511739547715322,-0.14209042723478343,-0.040131067463078665,0.353640240326348,Action,5410,0.9329020332717191
515570,UBERMOSH Vol.3,2016-08-15,False,0.99,False,0,Walter Machado,Walter Machado,"Action, Indie","Single-player, Steam Achievements, Full controller support, Steam Trading Cards, Family Sharing","Action, Indie, Arcade, Fast-Paced, Pixel Graphics, Cyberpunk, Retro, Bullet Hell, Twin Stick Shooter, Top-Down Shooter",True,False,True,1170,274,34,"200,000 .. 500,000",289,0,274,7,0,0,13,2016,8,350000.0,False,0.688134638736401,-0.1336278337278884,-0.30414998276052513,-0.14209042723478343,-0.24361609210417803,-0.33272933915924324,Action,308,0.8896103896103896
1119730,"Ranch Simulator: Build, Hunt, Farm",2023-11-03,False,24.99,False,0,Toxic Dog,Excalibur Games,Simulation,"Single-player, Multi-player, PvP, Online PvP, Co-op, Online Co-op, Full controller support, Steam Cloud, Family Sharing","Simulation, Multiplayer, Online Co-Op, Open World, Farming Sim, Farming, Job Simulator, Co-op, Realistic, Hunting",True,False,False,37769,28977,7042,"1,000,000 .. 2,000,000",987,164,475,1488,0,2,39,2023,11,1500000.0,False,3.2577118486533987,0.12354791858372233,-0.09386471296904295,-0.05760269267919593,-0.040131067463078665,1.2687996796404697,Simulation,36019,0.8044920736278075
2653790,The Exit 8,2023-11-29,False,2.79,False,30,KOTAKE CREATE,PLAYISM,"Adventure, Indie, Simulation","Single-player, Full controller support, Family Sharing","Psychological Horror, Walking Simulator, Horror, First-Person, Puzzle, Exploration, Atmospheric, 3D, Surreal, Immersive Sim",True,False,False,9986,7846,548,"200,000 .. 500,000",88,0,79,46,0,0,2,2023,11,350000.0,False,1.332366019094335,-0.07167910746817747,-0.36470491002139604,-0.14209042723478343,-0.32970591022156626,1.2687996796404697,Adventure,8394,0.9347152728139148
615120,COMPOUND,2022-07-19,False,19.99,False,0,Bevan McKechnie,notdead,"Action, Indie","Single-player, Steam Achievements, Tracked Controller Support, VR Only, Steam Trading Cards, Steam Leaderboards, Family Sharing","Action, Rogue-lite, VR, Indie, Retro, Shooter, FPS, Pixel Graphics, 3D, First-Person",True,False,False,2035,2013,63,"200,000 .. 500,000",523,0,392,3,0,0,21,2022,7,350000.0,False,3.0440461338325417,-0.12754960684328653,-0.23365320177025745,-0.14209042723478343,-0.18100531529153208,1.0400098198119392,Action,2076,0.9696531791907514
57740,Jagged Alliance - Back in Action,2012-02-08,False,19.99,False,0,"Coreplay GmbH, Bigmoon Studios",THQ Nordic,"RPG, Simulation, Strategy","Single-player, Steam Achievements, Steam Trading Cards, Stats, Family Sharing","Strategy, RPG, Tactical, Simulation, Real-Time with Pause, Tactical RPG, Turn-Based, Military, Singleplayer, Action",True,True,True,1022,1241,470,"200,000 .. 500,000",3977,0,239,23,17,6,60,2012,2,350000.0,False,3.0440461338325417,-0.13466780780756593,0.806927488573266,0.1113727764319791,0.12422222167011698,-1.247888778473365,RPG,1711,0.7253068381063705
489830,The Elder Scrolls V: Skyrim Special Edition,2016-10-27,False,39.99,False,0,Bethesda Game Studios,Bethesda Softworks,RPG,"Single-player, Steam Achievements, Playable without Timed Input, Save Anytime, Stereo Sound, Surround Sound, Partial Controller Support, Steam Cloud, Remote Play on Phone, Remote Play on Tablet, Family Sharing","Open World, RPG, Adventure, Singleplayer, Fantasy, Character Customization, Moddable, Dragons, Story Rich, Magic",True,False,False,209230,310162,26896,"5,000,000 .. 10,000,000",5182,512,1340,25085,17,2,75,2016,10,7500000.0,False,3.7133281345162463,1.3283789704458246,1.1699557838436614,-0.05760269267919593,0.24161742819382814,-0.33272933915924324,RPG,337058,0.9202036444766183
13530,Prince of Persia: The Two Thrones™,2008-11-21,False,9.99,False,0,Ubisoft Montreal,Ubisoft,"Action, Adventure","Single-player, Partial Controller Support, Family Sharing","Action, Adventure, Platformer, Parkour, Third Person, Singleplayer, Hack and Slash, Fantasy, Time Manipulation, Time Travel",True,False,False,2538,1856,462,"200,000 .. 500,000",263,0,26,24,17,0,0,2008,11,350000.0,False,2.39698576841553,-0.12401510034276084,-0.3119829584261104,-0.14209042723478343,-0.3453586044247277,-2.1630482177874866,Action,2318,0.8006902502157032
1227530,Partisans 1941,2020-10-14,False,29.99,False,0,Alter Games,Daedalic Entertainment,"Indie, Strategy","Single-player, Steam Achievements, Steam Trading Cards, Steam Cloud, Family Sharing","Strategy, Real Time Tactics, World War II, Stealth, Tactical, Singleplayer, Isometric, Indie, War, Historical",True,False,False,7400,6728,1458,"500,000 .. 1,000,000",614,0,143,49,0,3,30,2020,10,750000.0,False,3.433664571799657,-0.08985054645497562,-0.2062377869407089,-0.015358825401402173,-0.11056819137730538,0.5824301001548784,Indie,8186,0.821891033471781
244710,Shelter,2013-08-28,False,14.99,False,0,Might and Delight,Might and Delight,"Adventure, Indie","Single-player, Steam Trading Cards, Partial Controller Support, Family Sharing","Adventure, Survival, Nature, Exploration, Open World, Simulation, Singleplayer, Cute, Family Friendly, Atmospheric",True,True,False,2661,3123,544,"200,000 .. 500,000",147,459,89,0,0,1,0,2013,8,350000.0,False,2.771963526845863,-0.12315079756032613,-0.346930080626414,-0.09984655995698968,-0.3453586044247277,-1.0190989186448345,Adventure,3667,0.8516498500136351
48190,Assassin’s Creed® Brotherhood,2011-03-22,False,19.99,False,0,Ubisoft Montreal,Ubisoft,"Action, Adventure","Single-player, Multi-player, Partial Controller Support","Action, Open World, Adventure, Parkour, Stealth, Assassin, Third Person, Historical, Multiplayer, Singleplayer",True,False,False,24026,20484,2652,"1,000,000 .. 2,000,000",1140,0,980,169,17,0,0,2011,3,1500000.0,False,3.0440461338325417,0.026977893063394827,-0.047770663860021774,-0.14209042723478343,-0.3453586044247277,-1.4766786383018953,Action,23136,0.8853734439834025
338810,Demise of Nations,2017-08-08,False,0.0,True,0,Noble Master LLC,Noble Master LLC,"Indie, Strategy, Free To Play","Single-player, Multi-player, PvP, Online PvP, Shared/Split Screen PvP, Co-op, Online Co-op, Shared/Split Screen Co-op, Shared/Split Screen, Cross-Platform Multiplayer, Steam Achievements, Steam Trading Cards, In-App Purchases, Custom Volume Controls, Adjustable Difficulty, Mouse Only Option, Playable without Timed Input, Save Anytime, Touch Only Option, Steam Cloud, Stats, Includes level editor, Remote Play Together","Free to Play, Strategy, Indie, 4X, Multiplayer, Turn-Based Strategy, Grand Strategy, Hex Grid, Historical, Singleplayer",True,True,True,0,423,100,"200,000 .. 500,000",402,0,121,5,0,1,21,2017,8,350000.0,True,0.0,-0.14184925043885277,-0.27010666544471207,-0.09984655995698968,-0.18100531529153208,-0.10393947933071283,Indie,523,0.8087954110898662
1134570,F1® 2021,2021-07-15,False,0.0,False,0,Codemasters,Electronic Arts,"Racing, Simulation, Sports","Single-player, Multi-player, PvP, Online PvP, Steam Achievements, Full controller support, Steam Workshop, In-App Purchases, Steam Cloud, Family Sharing","Racing, Driving, Sports, Immersive Sim, Automobile Sim, PvP, Controller, Split Screen, e-sports, Simulation",True,False,False,25854,30062,5024,"1,000,000 .. 2,000,000",4361,0,2262,153,0,0,50,2021,7,1500000.0,True,0.0,0.03982297831779042,0.9226145137880641,-0.14209042723478343,0.04595875065430953,0.8112199599834088,Racing,35086,0.8568089836401984
1410090,Hellscreen,2026-02-13,False,8.99,False,50,"Jamie D, Mixtape Games UK",Mixtape Games UK,Action,"Single-player, Partial Controller Support, Family Sharing","Boomer Shooter, Fast-Paced, Retro, Metroidvania, Shooter, Horror, Old School, Atmospheric, First-Person, Combat",True,False,False,0,35,5,"200,000 .. 500,000",0,0,0,0,0,0,0,2026,2,350000.0,False,2.301584592660462,-0.14184925043885277,-0.39121651996645396,-0.14209042723478343,-0.3453586044247277,1.9551692591260608,Action,40,0.875
300,Day of Defeat: Source,2010-07-12,False,9.99,False,0,Valve,Valve,Action,"Multi-player, Cross-Platform Multiplayer, Steam Achievements, Steam Trading Cards, Camera Comfort, Color Alternatives, Custom Volume Controls, Adjustable Difficulty, Stereo Sound, Surround Sound, Valve Anti-Cheat enabled, Stats, Includes Source SDK, Family Sharing","FPS, World War II, Multiplayer, Action, Shooter, Military, War, Team-Based, First-Person, Historical",True,False,True,15800,20798,1891,"2,000,000 .. 5,000,000",923,9,121,238,0,0,54,2010,7,3500000.0,False,2.39698576841553,-0.030824990581385357,-0.11314588383817598,-0.14209042723478343,0.07726413906063251,-1.7054684981304258,Action,22689,0.9166556481114196
2096600,Crysis 2 Remastered,2022-11-17,False,29.99,False,0,"Crytek, Saber Interactive",Crytek,Action,"Single-player, Steam Achievements, Full controller support, Steam Trading Cards, Family Sharing","Action, FPS, Shooter, Sandbox, First-Person, Aliens, Hero Shooter, Shoot 'Em Up, Dark Humor, Dystopian ",True,False,False,8316,6022,731,"1,000,000 .. 2,000,000",403,0,410,79,0,0,35,2022,11,1500000.0,False,3.433664571799657,-0.0834139501239984,-0.2698053971498819,-0.14209042723478343,-0.07143645586940164,1.0400098198119392,Action,6753,0.8917518140085888
1522870,Supraland Six Inches Under,2022-01-14,False,6.99,False,65,Supra Games,Supra Games,Adventure,"Single-player, Steam Achievements, Full controller support, Steam Cloud, Family Sharing","Puzzle-Platformer, Metroidvania, Exploration, First-Person, Adventure, Puzzle, FPS, Combat, Cartoon, Cute",True,False,False,3777,3366,124,"500,000 .. 1,000,000",599,0,599,38,0,0,53,2022,1,750000.0,False,2.0781907597781832,-0.11530883085140628,-0.21075681136316196,-0.14209042723478343,0.06943779195905177,1.0400098198119392,Adventure,3490,0.9644699140401146
378860,Project CARS 2,2017-09-21,False,0.0,False,0,Slightly Mad Studios,BANDAI NAMCO Entertainment,Racing,"Single-player, Multi-player, PvP, Online PvP, Steam Achievements, VR Supported, Steam Cloud, Steam Leaderboards, Family Sharing","Racing, Driving, Automobile Sim, Simulation, VR, Multiplayer, Realistic, Sports, Singleplayer, Open World",True,False,False,11627,14903,3471,"1,000,000 .. 2,000,000",2365,0,443,130,0,0,47,2017,9,1500000.0,True,0.0,-0.06014804351715823,0.32128299730697774,-0.14209042723478343,0.022479709349567292,-0.10393947933071283,Racing,18374,0.8110917600957875
508840,Broken Armor,2016-08-01,False,0.99,False,0,Jonathan Tindell,Wastebasket Games,"Action, Indie","Single-player, Steam Achievements, Full controller support, Steam Trading Cards, Steam Cloud, Steam Leaderboards, Family Sharing","Action, Indie, Pixel Graphics, 2D, Retro, Singleplayer, Arcade, Difficult, Top-Down, Score Attack",True,False,False,762,655,138,"200,000 .. 500,000",126,0,141,4,0,0,22,2016,8,350000.0,False,0.688134638736401,-0.13649478929889136,-0.3532567148178483,-0.14209042723478343,-0.17317896818995132,-0.33272933915924324,Action,793,0.8259773013871374
558990,Opus Magnum,2017-12-07,False,19.99,False,0,Zachtronics,Zachtronics,"Indie, Simulation","Single-player, Steam Achievements, Steam Workshop, Steam Cloud, Steam Leaderboards, Includes level editor, Family Sharing","Puzzle, Programming, Automation, Indie, Simulation, Logic, Singleplayer, Great Soundtrack, Steampunk, Building",True,True,True,5564,5848,153,"200,000 .. 500,000",780,250,324,139,0,1,5,2017,12,350000.0,False,3.0440461338325417,-0.10275184652448892,-0.1562272499988951,-0.09984655995698968,-0.306226868916824,-0.10393947933071283,Indie,6001,0.9745042492917847
476360,Strike Vector EX,2017-07-19,False,0.0,False,0,Ragequit Corporation,Ragequit Corporation,"Action, Indie","Single-player, Multi-player, PvP, Online PvP, Steam Achievements, Full controller support, Steam Trading Cards, Steam Cloud, Stats, Steam Leaderboards, Remote Play on TV, Family Sharing","Action, Indie, Shooter, Sci-fi, Mechs, Multiplayer, Fast-Paced, Flight, 6DOF, Competitive",True,False,False,712,647,105,"200,000 .. 500,000",29,0,29,0,0,0,41,2017,7,350000.0,True,0.0,-0.13684613189337702,-0.3824797394163781,-0.14209042723478343,-0.024478373259917176,-0.10393947933071283,Action,752,0.8603723404255319
2162800,shapez 2 - Factory,2024-08-15,False,29.99,False,0,tobspr Games,"tobspr Games, Gamirror Games","Casual, Indie, Simulation, Strategy, Early Access","Single-player, Adjustable Text Size, Camera Comfort, Color Alternatives, Custom Volume Controls, Adjustable Difficulty, Playable without Timed Input, Save Anytime, Subtitle Options, Steam Cloud, Family Sharing","Management, Strategy, Automation, Futuristic, Early Access, Building, Puzzle, Crafting, Simulation, Sandbox",True,True,True,12034,10856,205,"200,000 .. 500,000",1661,0,472,2399,0,1,83,2024,8,350000.0,False,3.433664571799657,-0.05728811479804499,0.10919011774651434,-0.09984655995698968,0.30422820500647413,1.497589539469,Casual,11061,0.9814664135249977
650700,Yume Nikki,2018-01-09,False,0.0,True,0,kikiyama,PLAYISM,"Adventure, Casual, Indie, Free To Play","Single-player, Partial Controller Support, Family Sharing","Indie, Free to Play, RPGMaker, Psychological Horror, Surreal, Exploration, Pixel Graphics, Horror, Walking Simulator, Atmospheric",True,False,False,0,8120,509,"500,000 .. 1,000,000",125,0,38,36,0,0,0,2018,1,750000.0,True,0.0,-0.14184925043885277,-0.3535579831126785,-0.14209042723478343,-0.3453586044247277,0.12485038049781758,Adventure,8629,0.9410128635994901
3217030,Moxter,2024-12-06,False,9.99,False,0,"Aisten Lab, Dalton Bastos",Aisten Lab,"Adventure, Indie, Racing, Sports","Single-player, Family Sharing","Bikes, Historical, Education, Sports, Exploration, Offroad, Action-Adventure, Racing, Sandbox, Choices Matter",True,False,False,0,7,3,"200,000 .. 500,000",0,0,0,0,0,0,0,2024,12,350000.0,False,2.39698576841553,-0.14184925043885277,-0.39121651996645396,-0.14209042723478343,-0.3453586044247277,1.497589539469,Adventure,10,0.7
895870,Project Wingman,2020-12-01,False,24.99,False,0,Sector D2,"Sector D2, Balor Games","Action, Indie, Simulation","Single-player, Steam Achievements, Full controller support, VR Supported, Family Sharing","Flight, Action, Jet, War, Military, Indie, Arcade, Singleplayer, Great Soundtrack, VR",True,False,False,17633,18028,1189,"500,000 .. 1,000,000",3015,284,600,96,0,2,40,2020,12,750000.0,False,3.2577118486533987,-0.017944771067541193,0.5171073889466101,-0.05760269267919593,-0.032304720361497924,0.5824301001548784,Action,19217,0.9381276994327938
297020,The Culling Of The Cows,2014-05-09,False,4.99,False,0,DL Softworks,DL Softworks,"Action, Casual, Indie, Strategy","Single-player, Steam Achievements, Full controller support, Steam Trading Cards, Steam Cloud, Family Sharing","Indie, Casual, Action, Tower Defense, Strategy, Gore, Zombies, Violent, Shooter, 2D",True,False,False,231,2557,879,"200,000 .. 500,000",202,0,243,1,0,1,5,2014,5,350000.0,False,1.7900914121273581,-0.14022604765232902,-0.3303603244107528,-0.09984655995698968,-0.306226868916824,-0.7903090588163041,Action,3436,0.7441792782305006
292910,Deponia: The Complete Journey,2014-07-08,False,2.99,False,90,Daedalic Entertainment,Daedalic Entertainment,Adventure,"Single-player, Steam Achievements, Steam Trading Cards, Steam Cloud, Commentary available, Remote Play on Phone, Remote Play on Tablet, Family Sharing","Adventure, Point & Click, Comedy, Puzzle, Singleplayer, Funny, 2D, Story Rich, Great Soundtrack, Classic",True,True,True,3332,5613,931,"1,000,000 .. 2,000,000",470,0,183,31,0,0,105,2014,7,1500000.0,False,1.3837912309017721,-0.11843577994232862,-0.24962042139625823,-0.14209042723478343,0.4764078412412505,-0.7903090588163041,Adventure,6544,0.8577322738386308
699130,World War Z,2021-09-21,False,29.99,False,0,Saber Interactive Inc,Saber Interactive Inc,Action,"Single-player, Multi-player, PvP, Online PvP, Co-op, Online Co-op, Cross-Platform Multiplayer, Steam Achievements, Full controller support, Steam Cloud, Family Sharing","Zombies, Multiplayer, Online Co-Op, Action, Co-op, Singleplayer, Shooter, Third-Person Shooter, PvE, Survival Horror",True,False,False,23041,21657,4401,"1,000,000 .. 2,000,000",1210,489,596,1663,0,20,35,2021,9,1500000.0,False,3.433664571799657,0.020056443952027395,-0.02668188322190752,0.7027869183210917,-0.07143645586940164,0.8112199599834088,Action,26058,0.8311075293575869
454200,Neon Hardcorps,2016-05-30,False,1.99,False,0,Sergey Dovganovskiy,Back To Basics Gaming,"Action, Indie","Single-player, Steam Trading Cards, Family Sharing","Indie, Action, Top-Down, Pixel Graphics",True,False,False,101,145,159,"500,000 .. 1,000,000",202,0,219,3,0,0,0,2016,5,750000.0,False,1.095273387402595,-0.14113953839799173,-0.3303603244107528,-0.14209042723478343,-0.3453586044247277,-0.33272933915924324,Action,304,0.4769736842105263
561340,Merlin adventurer store,2016-12-02,False,2.99,False,0,DyingCat,DyingCat,"Casual, Indie, Simulation","Single-player, Steam Achievements, Steam Trading Cards, Family Sharing","Casual, Indie, Simulation",True,False,False,0,109,22,"200,000 .. 500,000",197,0,284,0,0,0,23,2016,12,350000.0,False,1.3837912309017721,-0.14184925043885277,-0.3318666658849038,-0.14209042723478343,-0.1653526210883706,-0.33272933915924324,Casual,131,0.8320610687022901
1468810,鬼谷八荒 Tale of Immortal,2023-05-26,False,12.99,False,35,鬼谷工作室,"鬼谷工作室, Lightning Games","Action, Adventure, Indie, RPG, Simulation","Single-player, Steam Achievements, Full controller support, Steam Workshop, Steam Cloud, Remote Play on Tablet, Family Sharing","Management, Singleplayer, Simulation, Mythology, Sandbox, Tactical RPG, RPG, Dating Sim, Choose Your Own Adventure, Action",True,False,False,191359,121020,106084,"2,000,000 .. 5,000,000",4436,799,2512,4116,0,4,169,2023,5,3500000.0,False,2.63834278867739,1.2028021003247613,0.9452096359003295,0.026885041876391583,0.9772940557424182,1.2687996796404697,Action,227104,0.5328836127941383
2231450,Pizza Tower,2023-01-26,False,19.99,False,0,Tour De Pizza,Tour De Pizza,"Action, Indie","Single-player, Multi-player, Co-op, Shared/Split Screen Co-op, Shared/Split Screen, Steam Achievements, Full controller support, Steam Cloud, Remote Play Together, Family Sharing","Great Soundtrack, 2D Platformer, Fast-Paced, Indie, Cartoony, Platformer, Funny, Singleplayer, Pixel Graphics, Comedy",True,False,False,64727,65599,1094,"1,000,000 .. 2,000,000",663,0,215,367,0,1,74,2023,1,1500000.0,False,3.0440461338325417,0.3129777918266088,-0.19147564049402893,-0.09984655995698968,0.23379108109224742,1.2687996796404697,Action,66693,0.9835964793906407
562590,Galactic Junk League,2017-07-26,False,0.0,False,0,Pixel Federation,Pixel Federation,"Action, Casual, Free To Play, Indie, Massively Multiplayer","Multi-player, Online PvP, Cross-Platform Multiplayer, Steam Achievements, In-App Purchases, Family Sharing","Free to Play, Space, Building, Multiplayer, Massively Multiplayer, Action, Crafting, Sci-fi, Arena Shooter, Sandbox",True,True,False,492,1212,532,"200,000 .. 500,000",145,0,60,0,0,0,52,2017,7,350000.0,True,0.0,-0.1383920393091139,-0.3475326172160744,-0.14209042723478343,0.06161144485747102,-0.10393947933071283,Action,1744,0.694954128440367
523780,Emily is Away Too,2017-05-26,False,4.99,False,0,Kyle Seeley,Kyle Seeley,"Adventure, Casual, Indie, RPG, Simulation","Single-player, Steam Achievements, Steam Trading Cards, Steam Cloud, Stats, Family Sharing","Indie, Simulation, Choices Matter, Dating Sim, Casual, Story Rich, Pixel Graphics, Multiple Endings, Singleplayer, Text-Based",True,True,True,5257,5576,401,"200,000 .. 500,000",183,0,146,10,0,0,21,2017,5,350000.0,False,1.7900914121273581,-0.10490909005463085,-0.3360844220125267,-0.14209042723478343,-0.18100531529153208,-0.10393947933071283,Adventure,5977,0.9329094863643969
1665900,SHINORUBI,2024-01-19,False,24.99,False,0,Last Boss 88,Last Boss 88,"Action, Indie","Single-player, Steam Achievements, Full controller support, Steam Cloud, Steam Leaderboards, Remote Play on TV, Remote Play Together, Family Sharing","2D, Top-Down, Flight, Singleplayer, Aliens, Space Sim, Military, On-Rails Shooter, Futuristic, Colorful",True,False,False,0,10,8,"200,000 .. 500,000",0,0,0,0,0,0,52,2024,1,350000.0,False,3.2577118486533987,-0.14184925043885277,-0.39121651996645396,-0.14209042723478343,0.06161144485747102,1.497589539469,Action,18,0.5555555555555556
507490,Ashes of the Singularity: Escalation,2016-11-10,False,29.99,False,0,"Stardock Entertainment, Oxide Games",Stardock Entertainment,"Simulation, Strategy","Single-player, Multi-player, PvP, Online PvP, Co-op, Online Co-op, Steam Achievements, Steam Trading Cards, Steam Cloud, Includes level editor, Family Sharing","RTS, Base-Building, PvP, Real Time Tactics, Moddable, Strategy, Online Co-Op, Transhumanism, Sci-fi, Military",True,False,False,2666,3548,1224,"200,000 .. 500,000",305,0,151,22,0,13,54,2016,11,350000.0,False,3.433664571799657,-0.12311566330087756,-0.29932969004324184,0.4070798473765354,0.07726413906063251,-0.33272933915924324,Simulation,4772,0.7435037720033529
3185510,Lucky Pikinini - Advanced Killer Cyborg,2024-09-23,False,0.99,False,80,Lucky Pikinini,Lucky Pikinini,"Action, Indie, Strategy","Single-player, Steam Cloud, Family Sharing","Action, Strategy, Action RPG, Arcade, Shooter, Arena Shooter, Tactical RPG, 3D, Cinematic, First-Person",True,False,False,0,2,1,"200,000 .. 500,000",0,0,0,0,0,0,0,2024,9,350000.0,False,0.688134638736401,-0.14184925043885277,-0.39121651996645396,-0.14209042723478343,-0.3453586044247277,1.497589539469,Action,3,0.6666666666666666
230820,The Night of the Rabbit,2013-05-28,False,19.99,False,0,Daedalic Entertainment,Daedalic Entertainment,"Adventure, Indie","Single-player, Steam Achievements, Full controller support, Steam Trading Cards, Steam Cloud, Remote Play on Phone, Remote Play on Tablet, Family Sharing","Adventure, Point & Click, Indie, Fantasy, Puzzle, Story Rich, Singleplayer, Retro, Classic, Cult Classic",True,True,True,2684,2839,337,"200,000 .. 500,000",247,0,165,10,0,1,17,2013,5,350000.0,False,3.0440461338325417,-0.12298917996686272,-0.31680325114339364,-0.09984655995698968,-0.21231070369785507,-1.0190989186448345,Adventure,3176,0.8938916876574308
977880,Eastward,2021-09-16,False,12.49,False,50,Pixpil,"Chucklefish, XD","Action, Adventure, Indie, RPG","Single-player, Steam Achievements, Full controller support, Steam Trading Cards, Steam Cloud, Family Sharing","Pixel Graphics, Story Rich, Adventure, Singleplayer, Action RPG, Atmospheric, RPG, Post-apocalyptic, Action, JRPG",True,True,False,14246,13339,2501,"500,000 .. 1,000,000",688,6,403,48,0,3,30,2021,9,750000.0,False,2.6019486702196644,-0.04174471841799955,-0.18394393312327384,-0.015358825401402173,-0.11056819137730538,0.8112199599834088,Action,15840,0.8421085858585858
228380,Wreckfest,2018-06-14,False,29.99,False,0,Bugbear,THQ Nordic,"Action, Indie, Racing, Simulation, Sports","Single-player, Multi-player, PvP, Online PvP, Steam Achievements, Steam Workshop, Partial Controller Support, Steam Cloud, Stats, Steam Leaderboards, Family Sharing","Racing, Destruction, Automobile Sim, Simulation, Multiplayer, Driving, Physics, Action, Indie, Sports",True,False,False,29904,34031,4586,"1,000,000 .. 2,000,000",1248,151,433,328,0,14,20,2018,6,1500000.0,False,3.433664571799657,0.06828172847112858,-0.015233688018359781,0.4493237146543292,-0.18883166239311283,0.12485038049781758,Action,38617,0.8812440117046897
398710,Timberman,2015-09-18,False,0.99,False,0,Digital Melody,Forever Entertainment S. A.,"Action, Casual, Indie","Single-player, Multi-player, Shared/Split Screen, Cross-Platform Multiplayer, Steam Achievements, Full controller support, Steam Trading Cards, Steam Cloud, Steam Leaderboards, Remote Play Together, Family Sharing","Casual, Pixel Graphics, Indie, Multiplayer, Action, 2D, Singleplayer, Arcade, Difficult, Local Multiplayer",True,True,True,8390,10572,764,"500,000 .. 1,000,000",212,0,153,7,0,0,20,2015,9,750000.0,False,0.688134638736401,-0.08289396308415962,-0.32734764146245077,-0.14209042723478343,-0.18883166239311283,-0.5615191989877737,Action,11336,0.9326040931545518
742120,DRAGON QUEST® XI: Echoes of an Elusive Age™ - Digital Edition of Light,2018-09-04,False,0.0,False,0,Square Enix,Square Enix,RPG,"Single-player, Steam Achievements, Full controller support, Steam Trading Cards, Steam Cloud, Remote Play on Tablet, Remote Play on TV, Family Sharing","JRPG, RPG, Turn-Based Combat, Singleplayer, Fantasy, Anime, Story Rich, Adventure, Turn-Based, Open World",True,False,False,6512,7614,1271,"200,000 .. 500,000",2730,0,1585,38,0,0,58,2018,9,350000.0,True,0.0,-0.09609039093304088,0.4312459249200021,-0.14209042723478343,0.10856952746695549,0.12485038049781758,RPG,8885,0.8569499155880698
39190,Dungeon Siege,2011-04-05,False,6.99,False,0,Gas Powered Games,Square Enix,RPG,"Single-player, Family Sharing","RPG, Fantasy, Action RPG, Party-Based RPG, Classic, Hack and Slash, Adventure, Singleplayer, Dungeon Crawler, Isometric",True,False,False,3723,3217,724,"500,000 .. 1,000,000",323,0,157,32,0,0,0,2011,4,750000.0,False,2.0781907597781832,-0.11568828085345079,-0.2939068607362982,-0.14209042723478343,-0.3453586044247277,-1.4766786383018953,RPG,3941,0.8162902816544024
678950,DRAGON BALL FighterZ,2018-01-26,False,9.59,False,84,Arc System Works,Bandai Namco Entertainment,Action,"Single-player, Multi-player, PvP, Online PvP, Shared/Split Screen PvP, Shared/Split Screen, Steam Achievements, Full controller support, Steam Trading Cards, Steam Cloud, Remote Play on Phone, Remote Play on Tablet, Remote Play on TV, Remote Play Together, Family Sharing","Fighting, Anime, Action, 2D Fighter, Multiplayer, Local Multiplayer, Competitive, Controller, PvP, Arcade",True,False,False,53918,65978,6998,"2,000,000 .. 5,000,000",3654,614,477,511,0,29,35,2018,1,3500000.0,False,2.359910159613315,0.23702454975069961,0.7096178293431102,1.0829817238212356,-0.07143645586940164,0.12485038049781758,Action,72976,0.9041054593290945
747200,Keplerth,2022-05-23,False,14.99,False,0,TARO,Gamirror Games,"Adventure, Casual, Indie, RPG, Simulation","Single-player, Multi-player, Co-op, Online Co-op, LAN Co-op, Steam Achievements, Steam Workshop, Steam Cloud, Family Sharing","Adventure, Exploration, Sandbox, Survival, Open World, Building, Sci-fi, Casual, RPG, Multiplayer",True,False,False,3667,3421,606,"200,000 .. 500,000",927,0,505,22,0,0,59,2022,5,350000.0,False,2.771963526845863,-0.11608178455927472,-0.11194081065885517,-0.14209042723478343,0.11639587456853623,1.0400098198119392,Adventure,4027,0.8495157685622051
1213740,She Will Punish Them,2020-04-29,False,15.99,False,0,L2 Games,L2 Games,"Action, Indie, RPG, Early Access","Single-player, Steam Workshop, Partial Controller Support, Family Sharing","Sexual Content, Nudity, Mature, Female Protagonist, 3D, Hack and Slash, Demons, Action RPG, Souls-like, Dark Fantasy",True,False,False,17175,11430,954,"500,000 .. 1,000,000",1139,0,279,25,0,0,3,2020,4,750000.0,False,2.8326249356838407,-0.021163069233029807,-0.04807193215485198,-0.14209042723478343,-0.3218795631199855,0.5824301001548784,Action,12384,0.9229651162790697
313140,Blackbay Asylum,2014-08-01,False,9.99,False,0,TAD Productions AB,KPL,"Adventure, Indie","Single-player, Steam Trading Cards, Family Sharing","Adventure, Indie, Horror, Gore, Puzzle, Lovecraftian, Comedy",True,False,False,139,312,240,"200,000 .. 500,000",272,0,212,0,0,0,0,2014,8,350000.0,False,2.39698576841553,-0.14087251802618264,-0.30927154377263855,-0.14209042723478343,-0.3453586044247277,-0.7903090588163041,Adventure,552,0.5652173913043478
835860,Dreadnought,2018-10-14,False,0.0,False,0,"Six Foot, YAGER","Grey Box, Six Foot","Action, Massively Multiplayer","Multi-player, MMO, PvP, Online PvP, Co-op, Online Co-op, In-App Purchases, Family Sharing","Space, Free to Play, Massively Multiplayer, Sci-fi, Action, Multiplayer, Shooter, PvP, Spaceships, Open World",True,False,False,0,4450,2090,"500,000 .. 1,000,000",455,0,168,0,0,0,33,2018,10,750000.0,True,0.0,-0.14184925043885277,-0.2541394458187113,-0.14209042723478343,-0.08708915007256314,0.12485038049781758,Action,6540,0.6804281345565749
460790,Bayonetta,2017-04-11,False,19.99,False,0,PlatinumGames,SEGA,"Action, Adventure","Single-player, Steam Achievements, Full controller support, Steam Trading Cards, Steam Cloud, Remote Play on Phone, Remote Play on Tablet, Remote Play on TV, Family Sharing","Action, Female Protagonist, Hack and Slash, Sexual Content, Nudity, Singleplayer, Spectacle fighter, Mature, Great Soundtrack, Character Action Game",True,False,False,26342,26797,2156,"1,000,000 .. 2,000,000",538,0,193,109,17,0,50,2017,4,1500000.0,False,3.0440461338325417,0.04325208203997043,-0.2291341773478044,-0.14209042723478343,0.04595875065430953,-0.10393947933071283,Action,28953,0.9255344869270887
1447430,小黑盒加速器,2021-05-24,False,0.0,True,0,Qing Feng Beijing Technology,Qing Feng Beijing Technology,"Software Training, Web Publishing, Game Development",Unknown,"Web Publishing, Game Development, Software Training, Utilities, Software",True,False,False,0,7088,1800,"1,000,000 .. 2,000,000",0,0,0,3328,0,0,0,2021,5,1500000.0,True,0.0,-0.14184925043885277,-0.39121651996645396,-0.14209042723478343,-0.3453586044247277,0.8112199599834088,Other,8888,0.7974797479747975
1287840,Disciples: Liberation,2021-10-21,False,39.99,False,0,Frima Studio,Kalypso Media,"RPG, Strategy","Single-player, Multi-player, PvP, Online PvP, Steam Achievements, Full controller support, Steam Trading Cards, Steam Cloud, Family Sharing","RPG, Strategy, Dark Fantasy, Female Protagonist, Tactical RPG, Turn-Based Strategy, Multiple Endings, Turn-Based Tactics, Tactical, Isometric",True,False,False,2643,2630,944,"200,000 .. 500,000",409,0,362,29,17,2,50,2021,10,350000.0,False,3.7133281345162463,-0.12327728089434097,-0.2679977873809007,-0.05760269267919593,0.04595875065430953,0.8112199599834088,RPG,3574,0.735870173475098
1832640,Mirror 2: Project X,2022-01-20,False,1.99,False,0,KAGAMI Ⅱ WORKs,NIJICO,"Adventure, Indie, RPG, Early Access","Single-player, Steam Achievements, Steam Workshop, Steam Cloud, Family Sharing","3D, Match 3, Anime, Female Protagonist, Drama, Visual Novel, Interactive Fiction, Singleplayer, Multiple Endings, FPS",True,False,False,111578,28726,87986,"2,000,000 .. 5,000,000",442,0,142,11,0,11,1,2022,1,3500000.0,False,1.095273387402595,0.6421928297115584,-0.2580559336515039,0.3225921128209479,-0.33753225732314696,1.0400098198119392,Adventure,116712,0.2461272191377065
237950,UFO: Afterlight,2014-01-06,False,6.99,False,0,Altar Games,Bohemia Interactive,"Indie, Strategy","Single-player, Captions available, Family Sharing","Strategy, Tactical, Sci-fi, Real-Time with Pause, Indie, Aliens, Singleplayer, Turn-Based, Mars, Violent",True,False,False,363,337,180,"200,000 .. 500,000",111,0,219,7,0,0,0,2014,1,350000.0,False,2.0781907597781832,-0.1392985032028869,-0.35777573924030137,-0.14209042723478343,-0.3453586044247277,-0.7903090588163041,Indie,517,0.6518375241779497
1172650,INDUSTRIA,2021-09-30,False,19.99,False,0,Bleakmill,Headup,"Action, Adventure, Indie","Single-player, Steam Achievements, Steam Trading Cards, Partial Controller Support, Steam Cloud, Family Sharing","FPS, Action, Sci-fi, Singleplayer, Dystopian , Atmospheric, Story Rich, Mystery, Shooter, Adventure",True,False,False,2662,2314,940,"500,000 .. 1,000,000",142,0,73,2,0,0,23,2021,9,750000.0,False,3.0440461338325417,-0.12314377070843642,-0.348436422100565,-0.14209042723478343,-0.1653526210883706,0.8112199599834088,Action,3254,0.7111247695144438
392110,ENDLESS™ Space 2,2017-05-18,False,39.99,False,0,AMPLITUDE Studios,AMPLITUDE Studios,Strategy,"Single-player, Multi-player, PvP, Online PvP, Cross-Platform Multiplayer, Steam Achievements, Steam Trading Cards, Steam Workshop, Steam Cloud, Remote Play on Tablet, Family Sharing","Strategy, Space, Sci-fi, 4X, Turn-Based Strategy, Multiplayer, Turn-Based, Grand Strategy, Great Soundtrack, Singleplayer",True,True,False,17047,18526,3664,"1,000,000 .. 2,000,000",2194,0,494,359,0,21,115,2017,5,1500000.0,False,3.7133281345162463,-0.022062506274913084,0.2697661188910129,0.7450307855988855,0.5546713122570579,-0.10393947933071283,Strategy,22190,0.8348805768364128
544730,Catan Universe,2017-04-25,False,0.0,True,0,Client/Frontend: Endava  / Backend: SuperNimbus,USM,"Casual, Strategy","Single-player, Multi-player, PvP, Online PvP, Cross-Platform Multiplayer, Steam Achievements, Steam Trading Cards, In-App Purchases","Board Game, Multiplayer, Casual, Strategy, Free to Play, Card Game, Tabletop, Singleplayer",True,True,False,0,7826,8234,"1,000,000 .. 2,000,000",761,0,131,848,0,0,21,2017,4,1500000.0,True,0.0,-0.14184925043885277,-0.16195134760066898,-0.14209042723478343,-0.18100531529153208,-0.10393947933071283,Casual,16060,0.48729763387297637
434730,Half Dead,2016-08-01,False,1.99,False,0,Room710Games,Room710Games,"Action, Adventure","Single-player, Multi-player, PvP, Online PvP, Co-op, Online Co-op, Steam Achievements, Full controller support, Steam Trading Cards, Steam Workshop, Family Sharing","Multiplayer, Survival, Adventure, Action, Co-op, Puzzle, Gore, First-Person, Singleplayer, Horror",True,False,False,2669,2582,718,"200,000 .. 500,000",103,0,67,4,0,0,18,2016,8,350000.0,False,1.095273387402595,-0.12309458274520842,-0.360185885598943,-0.14209042723478343,-0.2044843565962743,-0.33272933915924324,Action,3300,0.7824242424242425
1766740,Choo-Choo Charles,2022-12-09,False,19.99,False,0,Two Star Games,Two Star Games,"Action, Adventure, Indie","Single-player, Steam Achievements, Partial Controller Support, Family Sharing","Survival Horror, Horror, Open World, First-Person, Singleplayer, Trains, Shooter, Dark, 3D, Action-Adventure",True,False,False,15558,14293,1372,"500,000 .. 1,000,000",387,0,187,31,0,0,25,2022,12,750000.0,False,3.0440461338325417,-0.03252548873869593,-0.2746256898671651,-0.14209042723478343,-0.14969992688520908,1.0400098198119392,Action,15665,0.9124162144909033
239140,Dying Light,2015-01-26,False,24.99,False,0,Techland,Techland,"Action, RPG","Single-player, Multi-player, PvP, Online PvP, Co-op, Online Co-op, Steam Achievements, Full controller support, Steam Trading Cards, Steam Workshop, Steam Cloud, Valve Anti-Cheat enabled, Includes level editor, Remote Play on Tablet, Remote Play on TV, Family Sharing","Zombies, Survival Horror, Horror, Online Co-Op, Open World, Parkour, First-Person, Survival, Open World Survival Craft, Gore",True,True,True,369315,435687,21945,"10,000,000 .. 20,000,000",2154,297,1073,4953,17,41,78,2015,1,15000000.0,False,3.2577118486533987,2.4532725552105505,0.2577153870978047,1.5899081311547605,0.2650964694985704,-0.5615191989877737,Action,457632,0.9520466226138032
894020,Death's Door,2021-07-20,False,19.99,False,0,Acid Nerve,Devolver Digital,"Action, Adventure, Indie, RPG","Single-player, Steam Achievements, Full controller support, Steam Trading Cards, Steam Cloud, Family Sharing","Cute, Souls-like, 3D Platformer, Cartoony, Dark Fantasy, Action, Adventure, Action-Adventure, RPG, Hack and Slash",True,False,False,18491,17444,1224,"500,000 .. 1,000,000",439,0,377,54,0,2,24,2021,7,750000.0,False,3.0440461338325417,-0.011915732146167332,-0.2589597385359946,-0.05760269267919593,-0.15752627398678984,0.8112199599834088,Action,18668,0.9344332547675166
261510,Tesla Effect: A Tex Murphy Adventure,2014-05-08,False,19.99,False,0,Big Finish Games,Big Finish Games,"Adventure, Indie","Single-player, Steam Trading Cards, Family Sharing","FMV, Adventure, Detective, Noir, Cyberpunk, Mystery, Indie, First-Person, Atmospheric, Multiple Endings",True,True,False,616,1126,167,"200,000 .. 500,000",193,0,139,0,0,0,0,2014,5,350000.0,False,3.0440461338325417,-0.13752070967478947,-0.33307173906422466,-0.14209042723478343,-0.3453586044247277,-0.7903090588163041,Adventure,1293,0.8708430007733952
555570,Infestation: The New Z,2016-11-22,False,0.0,True,0,Fredaikis AB,OP Productions LLC,"Action, Indie, Massively Multiplayer, RPG, Free To Play","Multi-player, MMO, PvP, Online PvP, Co-op, Online Co-op, Steam Achievements, Steam Trading Cards, In-App Purchases","Zombies, Free to Play, Survival, Multiplayer, Open World, Massively Multiplayer, FPS, Shooter, Action, PvP",True,False,False,2174,18200,15615,"5,000,000 .. 10,000,000",5536,0,53,70,0,0,69,2016,11,7500000.0,True,0.0,-0.1265728744306164,1.2766047602135535,-0.14209042723478343,0.1946593455843437,-0.33272933915924324,Action,33815,0.5382226822416087
1127700,Reverse Collapse: Code Name Bakery,2024-03-21,False,24.99,False,0,"Shanghai Sunborn Network Technology Co., Ltd.",XD,"Adventure, RPG, Strategy","Single-player, Steam Achievements, Full controller support, Steam Cloud, Family Sharing","Turn-Based Tactics, Multiple Endings, Singleplayer, Mystery, Tactical RPG, Top-Down, Lovecraftian, 2D, Anime, Strategy",True,False,False,4662,3661,1022,"200,000 .. 500,000",1300,0,624,45,0,2,100,2024,3,350000.0,False,3.2577118486533987,-0.10909006692901016,0.00043226331281081046,-0.05760269267919593,0.4372761057333468,1.497589539469,Adventure,4683,0.7817638266068759
43000,Front Mission Evolved,2010-09-28,False,9.99,False,0,Double Helix Games,Square Enix,Action,"Single-player, Multi-player, Steam Achievements, Custom Volume Controls, Adjustable Difficulty, Playable without Timed Input, Stereo Sound, Surround Sound, Partial Controller Support, Steam Leaderboards, Family Sharing","Mechs, Action, Shooter, Third-Person Shooter, Sci-fi, Robots, Third Person, Singleplayer, Futuristic",True,False,False,720,731,441,"200,000 .. 500,000",278,0,323,1,0,5,27,2010,9,350000.0,False,2.39698576841553,-0.1367899170782593,-0.30746393400365735,0.06912890915418535,-0.1340472326820476,-1.7054684981304258,Action,1172,0.6237201365187713
751780,Forager,2019-04-18,False,19.99,False,0,HopFrog,Balor Games,"Action, Adventure, Indie, Simulation","Single-player, Steam Achievements, Steam Trading Cards, Steam Workshop, Partial Controller Support, Steam Cloud, Steam Leaderboards, Commentary available, Remote Play on Phone, Remote Play on Tablet, Remote Play on TV, Family Sharing","Open World Survival Craft, Survival, Pixel Graphics, Crafting, Indie, Farming Sim, Sandbox, 2D, Adventure, Base-Building",True,False,False,34772,36751,4130,"1,000,000 .. 2,000,000",1845,0,976,235,0,0,103,2019,4,1500000.0,False,3.0440461338325417,0.10248844347025209,0.16462348399527182,-0.14209042723478343,0.460755147038089,0.353640240326348,Action,40881,0.8989750739952546
283390,Incoming + Incoming Forces,2014-03-06,False,2.99,False,0,Rage Software,Funbox Media Ltd,Action,"Single-player, Steam Trading Cards, Partial Controller Support, Family Sharing","Action, Sci-fi, Shooter, Classic, First-Person, Arcade, FPS",True,False,False,0,188,156,"200,000 .. 500,000",319,0,230,0,0,0,0,2014,3,350000.0,False,1.3837912309017721,-0.14184925043885277,-0.295111933915619,-0.14209042723478343,-0.3453586044247277,-0.7903090588163041,Action,344,0.5465116279069767
1490610,METALLIC CHILD,2021-09-15,False,24.99,False,0,Action Square(STUDIO HG),HIKE Inc.,"Action, Indie","Single-player, Steam Achievements, Full controller support, Steam Trading Cards, Steam Cloud, Family Sharing","Cute, Action Roguelike, Action, Hack and Slash, 3D, Rogue-like, Robots, Sci-fi, Funny, Singleplayer",True,False,False,1128,1032,177,"200,000 .. 500,000",138,0,254,3,0,9,40,2021,9,350000.0,False,3.2577118486533987,-0.13392296150725636,-0.34964149527988586,0.23810437826536038,-0.032304720361497924,0.8112199599834088,Action,1209,0.8535980148883374
1416260,SpellForce 3 Versus Edition,2020-11-03,False,0.0,True,0,Grimlore Games,THQ Nordic,"RPG, Strategy, Free To Play","Multi-player, PvP, Online PvP, LAN PvP, Co-op, Online Co-op, LAN Co-op, Full controller support, Steam Cloud","Strategy, RPG, Building, Free to Play, Strategy RPG, Action RPG, RTS, Multiplayer, Fantasy, PvP",True,False,False,619,1132,373,"200,000 .. 500,000",1290,11,407,79,0,1,0,2020,11,350000.0,True,0.0,-0.13749962911912034,-0.0025804196354912265,-0.09984655995698968,-0.3453586044247277,0.5824301001548784,RPG,1505,0.7521594684385382
644560,Mirror,2018-04-19,False,1.99,False,0,KAGAMI WORKS,Paradise Project,"Adventure, Indie, RPG","Single-player, Steam Achievements, Steam Trading Cards, Steam Cloud, Remote Play on Phone, Remote Play on Tablet, Family Sharing","Sexual Content, Nudity, Hentai, Mature, Anime, NSFW, Match 3, Female Protagonist, Visual Novel, Dating Sim",True,True,False,73591,80419,2554,"2,000,000 .. 5,000,000",461,0,303,106,0,7,114,2018,4,3500000.0,False,1.095273387402595,0.37526380697702594,-0.2523318360497301,0.15361664370977285,0.5468449651554772,0.12485038049781758,Adventure,82973,0.9692189025345594
1136160,Internet Cafe Simulator,2019-10-25,False,9.99,False,0,Cheesecake Dev,Cheesecake Dev,"Adventure, Indie, Simulation","Single-player, Steam Achievements, Family Sharing","Simulation, Indie, Management, Sexual Content, Singleplayer, Adventure, Nudity, First-Person, Multiplayer, Economy",True,False,False,8570,7220,2671,"200,000 .. 500,000",123,0,86,8,0,0,15,2019,10,350000.0,False,2.39698576841553,-0.08162912974401126,-0.3541605197023389,-0.14209042723478343,-0.22796339790101655,0.353640240326348,Adventure,9891,0.72995652613487
3017860,DOOM: The Dark Ages,2025-05-14,False,69.99,False,0,id Software,Bethesda Softworks,Action,"Single-player, Steam Achievements, Full controller support, Steam Trading Cards, Color Alternatives, Adjustable Difficulty, Surround Sound, Steam Cloud, HDR available, Family Sharing","Action, FPS, Demons, Dark Fantasy, Singleplayer, Sci-fi, Cinematic, Gore, Story Rich, First-Person",True,False,False,26682,18891,2780,"500,000 .. 1,000,000",991,89,964,3518,17,1,28,2025,5,750000.0,False,4.262539022051294,0.04564121168247289,-0.09265963978972212,-0.09984655995698968,-0.12622088558046687,1.7263793992975305,Action,21671,0.8717179640994878
230270,N++ (NPLUSPLUS),2016-08-25,False,14.99,False,0,Metanet Software Inc.,Metanet Software Inc.,Action,"Single-player, Multi-player, PvP, Shared/Split Screen PvP, Co-op, Shared/Split Screen Co-op, Shared/Split Screen, Steam Achievements, Full controller support, Steam Trading Cards, Steam Cloud, Remote Play on TV, Remote Play Together, Family Sharing","Precision Platformer, 2D Platformer, Local Co-Op, Local Multiplayer, Action, Difficult, Parkour, Level Editor, Minimalist, Indie",True,True,True,2739,3003,203,"200,000 .. 500,000",283,0,167,10,0,0,33,2016,8,350000.0,False,2.771963526845863,-0.12260270311292851,-0.30595759252950633,-0.14209042723478343,-0.08708915007256314,-0.33272933915924324,Action,3206,0.9366812227074236
575550,Hell Girls,2017-01-12,False,0.0,False,0,Athena Works,"Athena Works, SakuraGame","Adventure, Indie, RPG, Strategy","Single-player, Steam Achievements, Steam Trading Cards, Steam Cloud, Family Sharing","Sexual Content, Anime, Nudity, Match 3, Mature, Puzzle, RPG, Indie, Strategy, Adventure",True,True,False,3440,3446,481,"200,000 .. 500,000",197,0,185,3,0,0,92,2017,1,350000.0,True,0.0,-0.1176768799382396,-0.3318666658849038,-0.14209042723478343,0.3746653289207008,-0.10393947933071283,Adventure,3927,0.8775146422205246
1520,DEFCON,2006-09-29,False,11.99,False,0,Introversion Software,Introversion Software,"Indie, Strategy","Single-player, Multi-player, PvP, Online PvP, LAN PvP, Co-op, Online Co-op, LAN Co-op, Cross-Platform Multiplayer, Steam Achievements, Family Sharing","Tactical, PvP, Online Co-Op, Co-op, Singleplayer, Strategy, Replay Value, Cold War, Military, Multiplayer",True,True,True,3420,3657,525,"200,000 .. 500,000",358,0,52,8,0,0,22,2006,9,350000.0,False,2.5641798306825083,-0.11781741697603386,-0.28336247041724105,-0.14209042723478343,-0.17317896818995132,-2.620627937444547,Indie,4182,0.8744619799139168
672630,Academia : School Simulator,2021-01-28,False,19.99,False,0,Squeaky Wheel Studio Inc,Paradox Interactive,"Indie, Simulation, Strategy","Single-player, Steam Achievements, Steam Trading Cards, Steam Workshop, Steam Cloud, Family Sharing","Management, City Builder, Colony Sim, Base-Building, Simulation, Building, Capitalism, Economy, Strategy, Sandbox",True,True,False,2780,2471,414,"200,000 .. 500,000",2843,0,927,27,0,0,140,2021,1,350000.0,False,3.0440461338325417,-0.12231460218545026,0.4652892422358151,-0.14209042723478343,0.7503299897965766,0.8112199599834088,Indie,2885,0.8564991334488735
219950,NiGHTS Into Dreams,2012-12-17,False,0.0,False,0,SEGA,SEGA,Adventure,"Single-player, Steam Achievements, Partial Controller Support, Family Sharing","Adventure, Classic, Great Soundtrack, Surreal, Retro, Score Attack, Singleplayer, Colorful, Action, Flight",True,False,False,1058,1651,263,"200,000 .. 500,000",398,0,31,2,0,0,13,2012,12,350000.0,True,0.0,-0.13441484113953628,-0.2713117386240329,-0.14209042723478343,-0.24361609210417803,-1.247888778473365,Adventure,1914,0.8625914315569488
236430,DARK SOULS™ II,2014-04-25,False,39.99,False,0,"FromSoftware, Inc.","BANDAI NAMCO Entertainment, FromSoftware, Inc.","Action, RPG","Single-player, Multi-player, Co-op, Steam Achievements, Full controller support, Remote Play on Phone, Remote Play on Tablet, Remote Play on TV, Family Sharing","Souls-like, RPG, Dark Fantasy, Difficult, Action RPG, Action, Unforgiving, Adventure, Exploration, Atmospheric",True,False,False,31969,39201,5123,"500,000 .. 1,000,000",4512,0,3000,197,0,4,38,2014,4,750000.0,False,3.7133281345162463,0.08279217762338618,0.9681060263074249,0.026885041876391583,-0.04795741456465941,-0.7903090588163041,Action,44324,0.8844192762386066
415200,Motorsport Manager,2016-11-09,False,19.99,False,0,Playsport Games,Miniclip,"Racing, Simulation, Sports, Strategy","Single-player, Steam Achievements, Steam Trading Cards, Steam Workshop, Steam Cloud, Family Sharing","Management, Racing, Simulation, Strategy, Sports, Automobile Sim, Singleplayer, Difficult, Multiplayer, Action",True,True,True,11328,12504,1132,"500,000 .. 1,000,000",3367,0,803,373,0,5,73,2016,11,750000.0,False,3.0440461338325417,-0.062249072232182456,0.6231538287268418,0.06912890915418535,0.22596473399066666,-0.33272933915924324,Racing,13636,0.9169844529187445
653530,Return of the Obra Dinn,2018-10-18,False,19.99,False,0,Lucas Pope,3909,"Adventure, Indie","Single-player, Steam Achievements, Full controller support, Steam Cloud, Remote Play on TV, Family Sharing","Detective, Mystery, Puzzle, Story Rich, Atmospheric, Singleplayer, Indie, Great Soundtrack, First-Person, Historical",True,True,False,30738,28093,923,"500,000 .. 1,000,000",497,41,463,166,0,1,16,2018,10,750000.0,False,3.0440461338325417,0.07414212294714934,-0.24148617743584275,-0.09984655995698968,-0.2201370507994358,0.12485038049781758,Adventure,29016,0.9681899641577061
1895130,Darza's Dominion,2022-04-21,False,0.0,True,0,Ripple Studio,Ripple Studio,"Action, Adventure, Massively Multiplayer, RPG","Multi-player, MMO, Co-op, Online Co-op, Cross-Platform Multiplayer, In-App Purchases","Crafting, Action Roguelike, Adventure, Bullet Hell, Top-Down Shooter, Dungeon Crawler, Perma Death, Rogue-lite, PvE, MMORPG",True,False,False,0,805,404,"200,000 .. 500,000",868,0,658,21,0,0,0,2022,4,350000.0,True,0.0,-0.14184925043885277,-0.12971564005383718,-0.14209042723478343,-0.3453586044247277,1.0400098198119392,Action,1209,0.6658395368072787
238960,Path of Exile,2013-10-23,False,0.0,True,0,Grinding Gear Games,Grinding Gear Games,"Action, Adventure, Indie, Massively Multiplayer, RPG, Free To Play","Single-player, Multi-player, MMO, PvP, Online PvP, Co-op, Online Co-op, Steam Achievements, Full controller support, Steam Trading Cards, In-App Purchases, Remote Play on Tablet","Free to Play, Dark Fantasy, Action RPG, Hack and Slash, Loot, MMORPG, Multiplayer, Dungeon Crawler, Isometric, Character Customization",True,True,False,1031,209822,25269,"20,000,000 .. 50,000,000",12914,2215,431,4694,0,6,127,2013,10,35000000.0,True,0.0,-0.13460456614055852,3.4993622394707966,0.1113727764319791,0.6485874774760269,-1.0190989186448345,Action,235091,0.892513962678282
927350,Hood: Outlaws & Legends,2021-05-10,False,0.0,False,0,Sumo Digital,Focus Entertainment,"Action, Adventure, Massively Multiplayer, RPG","Multi-player, PvP, Online PvP, Co-op, Online Co-op, Cross-Platform Multiplayer, Steam Achievements, Full controller support, Steam Trading Cards, Steam Cloud, Family Sharing","Action, Adventure, RPG, Medieval, Action RPG, PvP, Action-Adventure, Stealth, 3D, Multiplayer",True,False,False,5272,3675,4009,"500,000 .. 1,000,000",908,0,281,0,0,0,50,2021,5,750000.0,True,0.0,-0.10480368727628515,-0.11766490826062903,-0.14209042723478343,0.04595875065430953,0.8112199599834088,Action,7684,0.47826652785007806
15710,Oddworld: Abe's Exoddus®,2008-08-28,False,2.99,False,0,Oddworld Inhabitants,Oddworld Inhabitants,Adventure,"Single-player, Family Sharing","Platformer, Adventure, 2D, Dark, Puzzle, Singleplayer, Classic, Puzzle-Platformer, Stealth, Action",True,False,False,1465,1491,85,"200,000 .. 500,000",368,0,311,6,0,0,0,2008,8,350000.0,False,1.3837912309017721,-0.13155491242042303,-0.280349787468939,-0.14209042723478343,-0.3453586044247277,-2.1630482177874866,Adventure,1576,0.9460659898477157
469990,NEKOPALIVE,2016-05-31,False,0.0,True,0,NEKO WORKs,Sekai Project,"Casual, Free To Play","Single-player, Tracked Controller Support, VR Supported, Partial Controller Support","Anime, Free to Play, VR, Cute, Sexual Content, Music, Casual, Mature, Singleplayer, Cats",True,False,False,0,1374,112,"200,000 .. 500,000",63,0,10,1,0,0,0,2016,5,350000.0,True,0.0,-0.14184925043885277,-0.37223661739215114,-0.14209042723478343,-0.3453586044247277,-0.33272933915924324,Casual,1486,0.9246298788694481
521890,Hello Neighbor,2017-12-08,False,29.99,False,0,Dynamic Pixels,tinyBuild,"Adventure, Indie, Strategy","Single-player, Steam Achievements, Full controller support, Steam Trading Cards, Remote Play on TV, Family Sharing","Horror, Sandbox, Stealth, First-Person, Story Rich, Action-Adventure, Survival Horror, Difficult, 3D Platformer, Survival",True,False,False,22432,16402,3219,"500,000 .. 1,000,000",421,11,132,127,0,1,17,2017,12,750000.0,False,3.433664571799657,0.0157770911511921,-0.26438256784293823,-0.09984655995698968,-0.21231070369785507,-0.10393947933071283,Adventure,19621,0.8359410835329494
1764390,BAD END THEATER,2021-10-26,False,9.99,False,0,NomnomNami,NomnomNami,Simulation,"Single-player, Steam Achievements, Full controller support, Family Sharing","Multiple Endings, Visual Novel, Story Rich, LGBTQ+, Choices Matter, Pixel Graphics, Choose Your Own Adventure, Cute, Romance, Simulation",True,True,True,8524,8123,209,"200,000 .. 500,000",118,0,123,6,0,2,48,2021,10,350000.0,False,2.39698576841553,-0.08195236493093806,-0.35566686117648993,-0.05760269267919593,0.030306056451148037,0.8112199599834088,Simulation,8332,0.9749159865578493
372800,RPG MO,2015-08-18,False,0.0,True,0,Marxnet,Marxnet,"Adventure, Indie, Massively Multiplayer, RPG, Free To Play, Early Access","Single-player, Multi-player, MMO, PvP, Online PvP, Co-op, Online Co-op, Cross-Platform Multiplayer, Steam Achievements, Steam Trading Cards, In-App Purchases, Partial Controller Support, Stats, Steam Leaderboards, Includes level editor","Free to Play, RPG, MMORPG, Massively Multiplayer, Pixel Graphics, Multiplayer, Adventure, Open World, 2D, Early Access",True,True,True,0,2289,613,"500,000 .. 1,000,000",211,0,27,49,0,0,177,2015,8,750000.0,True,0.0,-0.14184925043885277,-0.327648909757281,-0.14209042723478343,1.0399048325550642,-0.5615191989877737,Adventure,2902,0.7887663680220538
617830,SUPERHOT VR,2017-05-25,False,24.99,False,0,SUPERHOT Team,SUPERHOT Team,"Action, Indie","Single-player, Steam Achievements, Tracked Controller Support, VR Supported, SteamVR Collectibles, Steam Leaderboards, Family Sharing","VR, Shooter, Bullet Time, FPS, Puzzle, Time Manipulation, First-Person, Atmospheric, Cyberpunk, Action",True,False,False,8689,7652,2597,"1,000,000 .. 2,000,000",232,161,133,30,0,0,26,2017,5,1500000.0,False,3.2577118486533987,-0.0807929343691354,-0.3213222755658467,-0.14209042723478343,-0.14187357978362836,-0.10393947933071283,Action,10249,0.7466094253097864
3240220,Grand Theft Auto V Enhanced,2025-03-04,False,29.99,False,0,Rockstar North,Rockstar Games,"Action, Adventure, Racing","Single-player, Multi-player, PvP, Online PvP, Co-op, Online Co-op, Steam Achievements, In-App Purchases, Partial Controller Support, Remote Play on Phone, Remote Play on Tablet","Open World, Action, Multiplayer, Crime, Mature, Third Person, Shooter, First-Person, Automobile Sim, Adventure",True,False,False,162663,38595,17286,"5,000,000 .. 10,000,000",2298,765,465,39502,17,0,77,2025,3,7500000.0,False,3.433664571799657,1.0011595584975534,0.3010980215533541,-0.14209042723478343,0.25727012239698965,1.7263793992975305,Action,55881,0.6906640897621732
368260,Marvel's Midnight Suns,2022-12-01,False,59.99,False,0,Firaxis Games,2K,"RPG, Strategy","Single-player, Steam Achievements, Full controller support, In-App Purchases, Family Sharing","Superhero, Turn-Based Tactics, Deckbuilding, Turn-Based Strategy, Tactical RPG, Turn-Based Combat, Card Game, Character Customization, Strategy RPG, Tactical",True,False,False,16434,17871,4003,"2,000,000 .. 5,000,000",1800,485,819,436,13,6,72,2022,12,3500000.0,False,4.110709916308365,-0.026369966483307233,0.15106641072791266,0.1113727764319791,0.2181383868890859,1.0400098198119392,RPG,21874,0.8169973484502149
63200,Monday Night Combat,2011-01-24,False,4.99,False,0,Uber Entertainment,Uber Entertainment,"Action, Strategy, Indie, Sports","Single-player, Multi-player, Co-op, Steam Achievements, Partial Controller Support, Valve Anti-Cheat enabled, Stats, Steam Leaderboards, Family Sharing","Hero Shooter, Action, Third-Person Shooter, MOBA, Indie, Sports, Strategy, Multiplayer, Arena Shooter, Comedy",True,False,False,907,934,250,"200,000 .. 500,000",499,0,299,0,0,0,51,2011,1,350000.0,False,1.7900914121273581,-0.13547589577488295,-0.24088364084618233,-0.14209042723478343,0.05378509775589027,-1.4766786383018953,Action,1184,0.7888513513513513
403190,Planetbase,2015-10-15,False,14.99,False,0,Madruga Works,Madruga Works,"Indie, Simulation, Strategy","Single-player, Steam Achievements, Steam Trading Cards, Steam Workshop, Family Sharing","Colony Sim, City Builder, Base-Building, Space, Strategy, Survival, Simulation, Sci-fi, Resource Management, Singleplayer",True,True,False,9386,7859,1993,"1,000,000 .. 2,000,000",1815,11,1194,193,0,0,30,2015,10,1500000.0,False,2.771963526845863,-0.07589521860200535,0.15558543515036571,-0.14209042723478343,-0.11056819137730538,-0.5615191989877737,Indie,9852,0.7977060495330898
597820,BIOMUTANT,2021-05-25,False,39.99,False,0,Experiment 101,THQ Nordic,"Action, RPG","Single-player, Steam Achievements, Full controller support, Steam Trading Cards, Steam Cloud, Remote Play on Tablet, Family Sharing","Open World, Action, Singleplayer, RPG, Adventure, Character Customization, Post-apocalyptic, Third Person, Hack and Slash, Fantasy",True,False,False,13028,12840,6587,"1,000,000 .. 2,000,000",383,0,134,37,0,2,46,2021,5,1500000.0,False,3.7133281345162463,-0.05030342401967014,-0.27583076304648596,-0.05760269267919593,0.014653362247986548,0.8112199599834088,Action,19427,0.660935810984712
879160,Battlerite Royale,2019-02-19,False,0.0,True,0,Stunlock Studios,Stunlock Studios,"Action, Free To Play, Massively Multiplayer","Single-player, Multi-player, PvP, Online PvP, In-App Purchases","Battle Royale, Free to Play, Multiplayer, MOBA, PvP, Massively Multiplayer, Action, Competitive, Top-Down, Early Access",True,False,False,3343,6088,2103,"1,000,000 .. 2,000,000",769,0,94,5,0,3,0,2019,2,1500000.0,True,0.0,-0.11835848457154177,-0.15954120124202734,-0.015358825401402173,-0.3453586044247277,0.353640240326348,Action,8191,0.7432547918447076
1183840,Dungeon of Rikka,2020-12-07,False,1.24,False,75,Poorly Drawn Squid,Poorly Drawn Squid,"Adventure, Indie, RPG, Strategy","Single-player, Steam Achievements, Family Sharing","Traditional Roguelike, Turn-Based Tactics, Dungeon Crawler, Rogue-lite, Perma Death, Turn-Based, Turn-Based Strategy, Rogue-like, 2D, RPG",True,False,True,0,24,4,"200,000 .. 500,000",0,0,0,0,0,0,8,2020,12,350000.0,False,0.8064758658669484,-0.14184925043885277,-0.39121651996645396,-0.14209042723478343,-0.2827478276120818,0.5824301001548784,Adventure,28,0.8571428571428571
2027330,GoreBox,2023-07-21,False,8.99,False,0,Felix Filip,F²Games,"Action, Casual, Indie, Simulation","Single-player, Multi-player, PvP, Online PvP, Co-op, Online Co-op, Cross-Platform Multiplayer, Includes level editor","Gore, Sandbox, Violent, Physics, FPS, Shooter, PvE, Stylized, First-Person, 3D",True,False,False,20350,13136,1368,"500,000 .. 1,000,000",6585,249,6483,509,0,0,0,2023,7,750000.0,False,2.301584592660462,0.0011471855168093716,1.5926352014904372,-0.14209042723478343,-0.3453586044247277,1.2687996796404697,Action,14504,0.9056811913954771
712730,SIMULACRA,2017-10-26,False,4.99,False,0,Kaigan Games OÜ,"Kaigan Games OÜ, Neon Doctrine","Adventure, Indie, Simulation","Single-player, Steam Achievements, Steam Cloud, Family Sharing","Horror, Detective, Point & Click, Visual Novel, Immersive Sim, Psychological Horror, FMV, Choices Matter, Story Rich, Multiple Endings",True,True,False,3380,3972,418,"200,000 .. 500,000",265,0,272,5,0,0,24,2017,10,350000.0,False,1.7900914121273581,-0.11809849105162239,-0.31138042183645,-0.14209042723478343,-0.15752627398678984,-0.10393947933071283,Adventure,4390,0.9047835990888383
1004750,WRC 8 FIA World Rally Championship,2020-09-08,False,29.99,False,0,KT Racing,Nacon,"Racing, Simulation, Sports","Single-player, Multi-player, PvP, Online PvP, Shared/Split Screen PvP, Shared/Split Screen, Steam Achievements, Full controller support, Steam Cloud, Remote Play Together, Family Sharing","Singleplayer, Racing, Score Attack, Driving, Automobile Sim, Sports, Physics, PvP, Time Management, Management",True,False,False,1834,1499,532,"200,000 .. 500,000",421,0,164,32,0,4,43,2020,9,350000.0,False,3.433664571799657,-0.1289620040731189,-0.26438256784293823,0.026885041876391583,-0.008825679056755686,0.5824301001548784,Racing,2031,0.7380600689315608
289130,ENDLESS™ Legend,2014-09-18,False,29.99,False,0,AMPLITUDE Studios,AMPLITUDE Studios,"RPG, Strategy","Single-player, Multi-player, PvP, Online PvP, Cross-Platform Multiplayer, Steam Achievements, Steam Trading Cards, Steam Workshop, Partial Controller Support, Steam Cloud, Family Sharing","Strategy, 4X, Turn-Based, Turn-Based Strategy, Fantasy, Hex Grid, Multiplayer, RPG, Singleplayer, Great Soundtrack",True,True,False,14332,15589,3042,"2,000,000 .. 5,000,000",1196,0,423,173,0,13,139,2014,9,3500000.0,False,3.433664571799657,-0.041140409155484226,-0.030899639349530373,0.4070798473765354,0.7425036426949958,-0.7903090588163041,RPG,18631,0.8367237400032205
1039880,Hellsplit: Arena,2019-09-09,False,24.99,False,0,Deep Type Games,Deep Type Games,"Action, RPG","Single-player, Tracked Controller Support, VR Only, Family Sharing","VR, Action, Gore, RPG, Swordplay, Dark Fantasy, Medieval, Fantasy, First-Person, Horror",True,False,False,3725,3298,571,"200,000 .. 500,000",328,0,125,10,0,0,16,2019,9,350000.0,False,3.2577118486533987,-0.11567422714967136,-0.29240051926214716,-0.14209042723478343,-0.2201370507994358,0.353640240326348,Action,3869,0.85241664512794
312990,The Expendabros,2014-08-05,False,0.0,True,0,Free Lives,Devolver Digital,"Action, Adventure, Indie, Free To Play","Single-player, Multi-player, Shared/Split Screen, Full controller support, Remote Play on Phone, Remote Play on Tablet, Remote Play on TV, Remote Play Together","Free to Play, Action, Pixel Graphics, 2D, Multiplayer, Local Co-Op, Shooter, Co-op, Local Multiplayer, Platformer",True,True,False,173,17661,513,"2,000,000 .. 5,000,000",188,0,63,20,0,0,0,2014,8,3500000.0,True,0.0,-0.1406336050619324,-0.3345780805383757,-0.14209042723478343,-0.3453586044247277,-0.7903090588163041,Action,18174,0.9717728623308023
1672970,Minecraft Dungeons,2021-09-22,False,19.99,False,0,"Mojang Studios, ‪Double Eleven",Xbox Game Studios,"Action, Adventure, RPG","Single-player, Multi-player, Co-op, Online Co-op, Shared/Split Screen Co-op, Shared/Split Screen, Cross-Platform Multiplayer, Steam Achievements, Full controller support, Steam Trading Cards, Family Sharing","Dungeon Crawler, Hack and Slash, Adventure, Action, RPG, Action RPG, Action-Adventure, Exploration, Top-Down, Loot",True,False,False,14977,12725,1227,"1,000,000 .. 2,000,000",1308,48,551,260,0,12,104,2021,9,1500000.0,False,3.0440461338325417,-0.03660808968661926,0.00284240967145244,0.3648359800987417,0.46858149413966976,0.8112199599834088,Action,13952,0.912055619266055
865610,Tails Noir,2021-06-08,False,4.99,False,80,Eggnut,Raw Fury,"Adventure, Indie","Single-player, Steam Achievements, Full controller support, Steam Cloud, Family Sharing","Detective, Pixel Graphics, Visual Novel, Conversation, Adventure, Story Rich, Interactive Fiction, Point & Click, Investigation, Conspiracy",True,True,False,2519,2072,1021,"1,000,000 .. 2,000,000",340,0,426,2,0,2,26,2021,6,1500000.0,False,1.7900914121273581,-0.1241486105286654,-0.2887852997241847,-0.05760269267919593,-0.14187357978362836,0.8112199599834088,Adventure,3093,0.6698997736825089
826630,Iron Harvest,2020-08-31,False,4.49,False,85,KING Art,"Prime Matter, Deep Silver",Strategy,"Single-player, Multi-player, PvP, Online PvP, Co-op, Online Co-op, Cross-Platform Multiplayer, Steam Achievements, Full controller support, Remote Play on TV, Family Sharing","RTS, Strategy, Base-Building, Mechs, War, Alternate History, World War I, Multiplayer, Steampunk, Co-op",True,False,False,11492,10945,4123,"1,000,000 .. 2,000,000",766,0,167,93,0,2,25,2020,8,1500000.0,False,1.7029282555214393,-0.061096668522269505,-0.16044500612651796,-0.05760269267919593,-0.14969992688520908,0.5824301001548784,Strategy,15068,0.7263737722325458
939400,LoveChoice,2021-11-15,False,1.99,False,0,Akaba Studio,Akaba Studio,"Adventure, Indie, RPG, Simulation","Single-player, Steam Achievements, Steam Trading Cards, Steam Cloud, Family Sharing","Romance, Dating Sim, Choices Matter, Story Rich, Visual Novel, Multiple Endings, Great Soundtrack, Cute, Beautiful, Simulation",True,True,False,31692,31465,2425,"1,000,000 .. 2,000,000",105,0,84,92,0,3,20,2021,11,1500000.0,False,1.095273387402595,0.08084573964993566,-0.35958334900928257,-0.015358825401402173,-0.18883166239311283,0.8112199599834088,Adventure,33890,0.9284449690174092
1024480,Immortal Realms: Vampire Wars,2020-08-28,False,29.99,False,0,Palindrome Interactive,Kalypso Media,"Action, RPG, Strategy","Single-player, Steam Achievements, Steam Trading Cards, Steam Cloud, Family Sharing","Strategy, Vampire, Turn-Based Combat, Turn-Based Strategy, Turn-Based Tactics, Singleplayer, 4X, Isometric, Tactical, Gothic",True,False,False,405,344,215,"200,000 .. 500,000",921,0,1734,1,17,2,52,2020,8,350000.0,False,3.433664571799657,-0.13900337542351893,-0.11374842042783638,-0.05760269267919593,0.06161144485747102,0.5824301001548784,Action,559,0.6153846153846154
741260,Mobile Empire,2018-01-25,False,3.99,False,0,Shanghai huan zhen Info Tech Ltd,XD,"Casual, Indie, Simulation, Strategy","Single-player, Steam Achievements, Steam Cloud, Family Sharing","Strategy, Simulation, Casual, Indie",True,True,False,1349,820,686,"200,000 .. 500,000",841,757,314,1,0,0,30,2018,1,350000.0,False,1.6074359097634274,-0.13237002723962976,-0.1378498840142527,-0.14209042723478343,-0.11056819137730538,0.12485038049781758,Casual,1506,0.5444887118193891
7600,Sid Meier's Railroads!,2007-05-04,False,9.99,False,0,"Firaxis Games, Feral Interactive (Mac)","2K, Feral Interactive (Mac)",Strategy,"Single-player, Multi-player, Family Sharing","Trains, Strategy, Management, Economy, Simulation, Singleplayer, Multiplayer, Real-Time with Pause, Casual, Building",True,True,False,2574,2301,950,"500,000 .. 1,000,000",397,4,188,73,0,0,0,2007,5,750000.0,False,2.39698576841553,-0.12376213367473117,-0.2716130069188631,-0.14209042723478343,-0.3453586044247277,-2.391838077616017,Strategy,3251,0.7077822208551215
540900,Nuclear Contingency,2017-01-02,False,0.99,False,0,Amaterasu Software,Amaterasu Software,"Action, Adventure, Indie","Single-player, Steam Achievements, Steam Trading Cards, Family Sharing","Action, Indie, Adventure, Stealth, 2D",True,False,False,0,163,142,"200,000 .. 500,000",337,0,211,0,0,0,4,2017,1,350000.0,False,0.688134638736401,-0.14184925043885277,-0.2896891046086753,-0.14209042723478343,-0.31405321601840475,-0.10393947933071283,Action,305,0.5344262295081967
304050,Trove,2015-07-09,False,0.0,True,0,gamigo US Inc.,gamigo US Inc.,"Action, Adventure, Casual, Massively Multiplayer, RPG, Free To Play","Multi-player, MMO, PvP, Online PvP, Co-op, Online Co-op, Steam Achievements, Steam Trading Cards, Steam Workshop, In-App Purchases, Adjustable Text Size, Custom Volume Controls, Playable without Timed Input, Save Anytime, Partial Controller Support","Free to Play, Open World, Sandbox, Pixel Graphics, Fantasy, MMORPG, Voxel, Multiplayer, Crafting, Family Friendly",True,False,False,960,74103,18267,"10,000,000 .. 20,000,000",4900,500,171,758,0,12,19,2015,7,15000000.0,True,0.0,-0.13510347262472816,1.0849981247015439,0.3648359800987417,-0.19665800949469356,-0.5615191989877737,Action,92370,0.8022409873335499
529340,Victoria 3,2022-10-25,False,49.99,False,0,Paradox Development Studio,Paradox Interactive,"Simulation, Strategy","Single-player, Multi-player, PvP, Online PvP, Cross-Platform Multiplayer, Steam Achievements, Steam Workshop, Color Alternatives, Custom Volume Controls, Adjustable Difficulty, Keyboard Only Option, Mouse Only Option, Playable without Timed Input, Save Anytime, Stereo Sound, Surround Sound, Steam Cloud, Family Sharing","Grand Strategy, Economy, Historical, Political Sim, Strategy, Capitalism, Politics, Diplomacy, Management, Simulation",True,True,True,40355,35043,17575,"1,000,000 .. 2,000,000",4896,291,1458,4609,0,17,127,2022,10,1500000.0,False,3.9316295350670645,0.14171935757052048,1.0837930515222232,0.5760553164877105,0.6485874774760269,1.0400098198119392,Simulation,52618,0.6659888251168802
448280,Job Simulator,2016-04-05,False,19.99,False,0,Owlchemy Labs,Owlchemy Labs,"Action, Casual, Indie, Simulation","Single-player, Steam Achievements, Tracked Controller Support, VR Only, Steam Trading Cards, Captions available, VR Support, SteamVR Collectibles, Family Sharing","VR, Simulation, Funny, First-Person, Singleplayer, Robots, Comedy, Physics, Psychological Horror, Horror",True,False,False,4284,4555,448,"200,000 .. 500,000",314,0,193,44,0,0,11,2016,4,350000.0,False,3.0440461338325417,-0.11174621694332172,-0.29661827538977004,-0.14209042723478343,-0.2592687863073395,-0.33272933915924324,Action,5003,0.910453727763342
761830,Mr. Prepper,2021-03-18,False,3.59,False,82,Rejected Games,"PlayWay S.A., Rejected Games","Action, Adventure, Casual, Indie, RPG, Simulation","Single-player, Steam Achievements, Steam Trading Cards, Captions available, Steam Cloud, Stats, Includes level editor, Remote Play on Tablet, Family Sharing","Survival, Simulation, Base-Building, Crafting, Adventure, Management, Resource Management, Indie, Casual, RPG",True,True,False,4678,3953,938,"200,000 .. 500,000",474,0,166,41,0,3,103,2021,3,350000.0,False,1.5238800240724537,-0.10897763729877474,-0.24841534821693742,-0.015358825401402173,0.460755147038089,0.8112199599834088,Action,4891,0.8082191780821918
255710,Cities: Skylines,2015-03-10,False,29.99,False,0,Colossal Order,Paradox Interactive,"Simulation, Strategy","Single-player, Steam Achievements, Steam Trading Cards, Steam Workshop, Steam Cloud, Includes level editor, Remote Play on Tablet, Family Sharing","City Builder, Simulation, Building, Management, Strategy, Sandbox, Singleplayer, Moddable, Economy, Resource Management",True,True,True,216382,256362,19408,"10,000,000 .. 20,000,000",3281,348,763,8842,0,76,135,2015,3,15000000.0,False,3.433664571799657,1.378635015161053,0.5972447553714443,3.0684434858775425,0.7111982542886729,-0.5615191989877737,Simulation,275770,0.9296225115132175
993090,Lossless Scaling,2018-12-28,False,6.99,False,0,THS,THS,Utilities,Unknown,"Utilities, Software, Pixel Graphics, 3D, FPS, 2D",True,False,False,34641,22235,2653,"2,000,000 .. 5,000,000",1674,174,168,5667,0,0,0,2018,12,3500000.0,False,2.0781907597781832,0.10156792587269967,0.11310660557930699,-0.14209042723478343,-0.3453586044247277,0.12485038049781758,Other,24888,0.8934024429443909
361800,Tree of Life,2017-08-17,False,0.0,False,0,OddOneGames,OddOneGames,"Indie, Massively Multiplayer, RPG","Multi-player, MMO, PvP, Online PvP, Co-op, Online Co-op, Family Sharing","Open World Survival Craft, Survival, Massively Multiplayer, Sandbox, Open World, Building, RPG, Crafting, Indie, Co-op",True,False,False,5141,4364,2328,"200,000 .. 500,000",846,0,479,0,0,0,0,2017,8,350000.0,True,0.0,-0.10572420487383757,-0.13634354254010167,-0.14209042723478343,-0.3453586044247277,-0.10393947933071283,Indie,6692,0.6521219366407651
312610,METAL SLUG X,2014-10-02,False,7.99,False,0,"SNK CORPORATION, Dotemu",SNK CORPORATION,Action,"Single-player, Multi-player, Co-op, Online Co-op, Shared/Split Screen Co-op, Steam Achievements, Full controller support, Steam Trading Cards, Steam Cloud, Steam Leaderboards, Remote Play on Phone, Remote Play on Tablet, Remote Play on TV, Remote Play Together, Family Sharing","Action, Arcade, Co-op, Classic, Shoot 'Em Up, 2D, Retro, Multiplayer, Side Scroller, Pixel Graphics",True,False,False,3054,3139,421,"200,000 .. 500,000",112,0,77,10,0,1,15,2014,10,350000.0,False,2.196112848483529,-0.12038924476766887,-0.35747447094547113,-0.09984655995698968,-0.22796339790101655,-0.7903090588163041,Action,3560,0.8817415730337078
3241660,R.E.P.O.,2025-02-26,False,9.99,False,0,semiwork,semiwork,"Action, Early Access","Single-player, Multi-player, Co-op, Online Co-op, Camera Comfort, Custom Volume Controls, Playable without Timed Input, Stereo Sound, Steam Cloud, Family Sharing","Horror, Online Co-Op, Multiplayer, Comedy, Co-op, Physics, 3D, First-Person, Stealth, Action",True,False,False,301533,179154,6488,"10,000,000 .. 20,000,000",1157,254,616,32349,0,0,0,2025,2,15000000.0,False,2.39698576841553,1.9769784804220154,-0.042649102847908314,-0.14209042723478343,-0.3453586044247277,1.7263793992975305,Action,185642,0.9650510121631958
450670,Table Top Racing: World Tour,2016-05-25,False,0.0,False,0,Playrise Digital Ltd.,Playrise Digital Ltd.,"Action, Indie, Racing","Single-player, Steam Achievements, Full controller support, Steam Cloud, Stats, Remote Play on TV, Family Sharing","Racing, Indie, Action, Multiplayer, Singleplayer, Arcade",True,False,False,402,527,158,"200,000 .. 500,000",0,0,0,1,0,0,36,2016,5,350000.0,True,0.0,-0.13902445597918808,-0.39121651996645396,-0.14209042723478343,-0.0636101087678209,-0.33272933915924324,Action,685,0.7693430656934307
1449280,Ghostbusters: The Video Game Remastered,2020-11-17,False,24.99,False,0,Saber Interactive,"Mad Dog Games, LLC",Action,"Single-player, Steam Achievements, Full controller support, Family Sharing","Third-Person Shooter, Action, Shooter, Action-Adventure, Third Person, Comedy, Sci-fi, Gun Customization, Singleplayer, Supernatural",True,False,False,1924,1871,197,"200,000 .. 500,000",366,0,141,15,0,0,40,2020,11,350000.0,False,3.2577118486533987,-0.1283295874030447,-0.28095232405859943,-0.14209042723478343,-0.032304720361497924,0.5824301001548784,Action,2068,0.9047388781431335
891040,Pool 2D - Poolians,2019-12-10,False,0.0,True,0,Poolians.com,Poolians.com,"Casual, Indie, Massively Multiplayer, Simulation, Sports, Free To Play","Single-player, Multi-player, PvP, Online PvP, Steam Achievements, In-App Purchases","Free to Play, Pool, Multiplayer, Simulation, Sports, Massively Multiplayer, Casual, Indie, Bowling, Co-op",True,False,False,0,8222,1216,"500,000 .. 1,000,000",0,0,0,262,0,0,13,2019,12,750000.0,True,0.0,-0.14184925043885277,-0.39121651996645396,-0.14209042723478343,-0.24361609210417803,0.353640240326348,Casual,9438,0.8711591438864166
523660,HYPERCHARGE: Unboxed,2020-04-27,False,24.99,False,0,Digital Cybercherries,Digital Cybercherries,"Action, Adventure, Casual, Indie, Strategy","Single-player, Multi-player, PvP, Online PvP, LAN PvP, Shared/Split Screen PvP, Co-op, Online Co-op, LAN Co-op, Shared/Split Screen Co-op, Shared/Split Screen, Cross-Platform Multiplayer, Steam Achievements, Full controller support, Steam Trading Cards, Adjustable Text Size, Camera Comfort, Custom Volume Controls, Adjustable Difficulty, Playable without Timed Input, Stereo Sound, Subtitle Options, Steam Cloud, Remote Play on TV, Remote Play Together, Family Sharing","Co-op Campaign, Action-Adventure, Third-Person Shooter, Singleplayer, FPS, Local Co-Op, Online Co-Op, Shooter, Split Screen, 4 Player Local",True,False,True,3777,3873,411,"500,000 .. 1,000,000",295,0,143,55,0,3,20,2020,4,750000.0,False,3.2577118486533987,-0.11530883085140628,-0.3023423729915439,-0.015358825401402173,-0.18883166239311283,0.5824301001548784,Action,4284,0.90406162464986
2440510,Forza Motorsport,2023-10-09,False,34.99,False,50,Turn 10,Xbox Game Studios,Racing,"Single-player, Multi-player, PvP, Online PvP, Cross-Platform Multiplayer, Steam Achievements, Full controller support, Steam Trading Cards, Family Sharing","Racing, Automobile Sim, Simulation, Sports, Multiplayer, Driving, First-Person, Realistic, Third Person, Singleplayer",True,False,False,11585,4749,5236,"1,000,000 .. 2,000,000",1441,49,1439,506,0,37,57,2023,10,1500000.0,False,3.5832411220909393,-0.06044317129652618,0.04291109288386953,1.4209326620435854,0.10074318036537475,1.2687996796404697,Racing,9985,0.4756134201301953
996470,eFootball  PES 2020,2019-09-10,False,0.0,False,0,Konami Digital Entertainment,Konami Digital Entertainment,Sports,"Single-player, Multi-player, PvP, Online PvP, Shared/Split Screen PvP, Co-op, Online Co-op, Shared/Split Screen Co-op, In-App Purchases, Partial Controller Support, Family Sharing","Sports, Football (Soccer), Multiplayer, Free to Play, Football (American), Singleplayer, Simulation, Online Co-Op, Realistic, Local Multiplayer",True,False,False,8332,18667,7563,"1,000,000 .. 2,000,000",3298,0,242,181,0,0,0,2019,9,1500000.0,True,0.0,-0.08330152049376298,0.6023663163835578,-0.14209042723478343,-0.3453586044247277,0.353640240326348,Sports,26230,0.7116660312619139
691020,Fog Of War - Free Edition,2018-02-22,False,0.0,True,0,Monkeys Lab.,Monkeys Lab.,"Violent, Gore, Action, Free To Play, Indie, Massively Multiplayer",Multi-player,"Free to Play, World War II, Multiplayer, FPS, Action, Massively Multiplayer, Singleplayer, Open World, Violent, Gore",True,False,False,0,916,827,"200,000 .. 500,000",41,0,19,1,0,1,0,2018,2,350000.0,True,0.0,-0.14184925043885277,-0.37886451987841563,-0.09984655995698968,-0.3453586044247277,0.12485038049781758,Action,1743,0.525530694205393
1380400,Saving Grace,2021-01-02,False,1.99,False,0,Thomas JC Ironmonger,Ironmonger Games,"Action, Adventure, Indie, Strategy","Single-player, Steam Achievements, Full controller support, Family Sharing","Horror, FPS, Hack and Slash, Survival Horror, PvE, Sandbox, Exploration, Shooter, Survival, 3D",True,False,False,0,27,2,"1,000,000 .. 2,000,000",0,0,0,0,0,0,20,2021,1,1500000.0,False,1.095273387402595,-0.14184925043885277,-0.39121651996645396,-0.14209042723478343,-0.18883166239311283,0.8112199599834088,Action,29,0.9310344827586207
13600,Prince of Persia®: The Sands of Time,2008-11-21,False,1.99,False,80,Kudosoft,Ubisoft,"Action, Adventure","Single-player, Family Sharing","Action, Adventure, Parkour, Platformer, Classic, Third Person, Singleplayer, Time Manipulation, Puzzle-Platformer, Story Rich",True,False,False,4828,3844,637,"500,000 .. 1,000,000",103,0,61,26,0,0,0,2008,11,750000.0,False,1.095273387402595,-0.10792360951531778,-0.360185885598943,-0.14209042723478343,-0.3453586044247277,-2.1630482177874866,Action,4481,0.8578442311983933
803330,Destroy All Humans!,2020-07-28,False,29.99,False,0,"Black Forest Games, Pandemic Studios",THQ Nordic,"Action, Adventure","Single-player, Steam Achievements, Full controller support, Steam Trading Cards, Steam Cloud, Remote Play on Tablet, Family Sharing","Action, Adventure, Villain Protagonist, Aliens, Open World, Remake, Singleplayer, Funny, Sci-fi, Comedy",True,False,False,8815,10010,827,"1,000,000 .. 2,000,000",329,1,224,22,0,1,40,2020,7,1500000.0,False,3.433664571799657,-0.07990755103103155,-0.292099250967317,-0.09984655995698968,-0.032304720361497924,0.5824301001548784,Action,10837,0.9236873673525884
236450,PAC-MAN™ Championship Edition DX+,2013-09-24,False,9.99,False,0,"Mine Loader Software Co., Ltd.",BANDAI NAMCO Entertainment,Action,"Single-player, Steam Achievements, Full controller support, Steam Cloud, Steam Leaderboards, Family Sharing","Arcade, Retro, Classic, Action, Score Attack, Remake, 2D, Great Soundtrack, Fast-Paced, Old School",True,False,False,4878,7496,353,"200,000 .. 500,000",139,0,99,15,0,8,12,2013,9,350000.0,False,2.39698576841553,-0.10757226692083212,-0.3493402269850557,0.19586051098756663,-0.25144243920575876,-1.0190989186448345,Action,7849,0.9550261179768124
466660,Stash,2017-09-07,False,0.0,True,0,Frogdice,Frogdice,"Adventure, Free To Play, Indie, Massively Multiplayer, RPG","Multi-player, MMO, PvP, Online PvP, Co-op, Online Co-op, Cross-Platform Multiplayer, Steam Trading Cards","Massively Multiplayer, RPG, Adventure, Free to Play, Indie, Turn-Based Combat, Multiplayer, Building, MMORPG, Crafting",True,True,True,0,441,227,"200,000 .. 500,000",631,0,767,1,0,2,0,2017,9,350000.0,True,0.0,-0.14184925043885277,-0.20111622592859546,-0.05760269267919593,-0.3453586044247277,-0.10393947933071283,Adventure,668,0.6601796407185628
1585220,Melatonin,2022-12-15,False,14.99,False,0,Half Asleep,Half Asleep,"Action, Indie","Single-player, Steam Achievements, Full controller support, Steam Workshop, Camera Comfort, Color Alternatives, Custom Volume Controls, Adjustable Difficulty, Keyboard Only Option, Playable without Timed Input, Stereo Sound, Steam Cloud, Includes level editor, Remote Play on TV, Family Sharing","Rhythm, Indie, Cute, Hand-drawn, Colorful, Music, Relaxing, 2D, Singleplayer, Action",True,True,False,7366,6752,354,"200,000 .. 500,000",142,0,128,29,0,0,14,2022,12,350000.0,False,2.771963526845863,-0.09008945941922586,-0.348436422100565,-0.14209042723478343,-0.23578974500259728,1.0400098198119392,Action,7106,0.9501829439909936
501300,What Remains of Edith Finch,2017-04-24,False,4.99,False,75,Giant Sparrow,Annapurna Interactive,"Adventure, Indie","Single-player, Steam Achievements, Full controller support, Steam Trading Cards, Steam Cloud, Remote Play on TV, Family Sharing","Story Rich, Atmospheric, Walking Simulator, First-Person, Mystery, Exploration, Adventure, Singleplayer, Female Protagonist, Indie",True,False,False,44677,43128,1925,"500,000 .. 1,000,000",165,0,135,70,0,1,9,2017,4,750000.0,False,1.7900914121273581,0.1720894114378606,-0.34150725131947035,-0.09984655995698968,-0.274921480510501,-0.10393947933071283,Adventure,45053,0.957272545668435
1094780,Fisher Online,2019-10-27,False,13.99,False,0,R-Age LLC,R-Age LLC,Simulation,"Multi-player, MMO, PvP, Co-op, Steam Achievements, Steam Workshop, In-App Purchases, Partial Controller Support, Family Sharing","Fishing, Simulation, Massively Multiplayer, Early Access, Indie",True,False,False,4139,3453,640,"200,000 .. 500,000",17342,0,22453,349,0,3,13,2019,10,350000.0,False,2.7073833121145063,-0.11276511046733012,4.8333782489789385,-0.015358825401402173,-0.24361609210417803,0.353640240326348,Simulation,4093,0.8436354752015637
1680070,Casual Golf,2021-08-16,False,0.99,False,0,NikiGames,NikiGames,"Casual, Indie","Single-player, Family Sharing","Casual, Golf, 6DOF, Choices Matter, Minimalist, 3D, Indie, Singleplayer",True,False,False,0,2,2,"200,000 .. 500,000",0,0,0,0,0,0,0,2021,8,350000.0,False,0.688134638736401,-0.14184925043885277,-0.39121651996645396,-0.14209042723478343,-0.3453586044247277,0.8112199599834088,Casual,4,0.5
731040,The Invincible,2023-11-06,False,29.99,False,0,Starward Industries,11 bit studios,"Action, Adventure, Indie","Single-player, Steam Achievements, Full controller support, Steam Trading Cards, Steam Cloud, Family Sharing","Adventure, Robots, Futuristic, Walking Simulator, Conversation, Sci-fi, Female Protagonist, Choices Matter, Multiple Endings, Mystery",True,False,False,6108,6306,821,"500,000 .. 1,000,000",393,0,391,22,0,2,29,2023,11,750000.0,False,3.433664571799657,-0.09892923909648497,-0.2728180800981839,-0.05760269267919593,-0.11839453847888612,1.2687996796404697,Action,7127,0.884804265469342
357290,Red Lake,2015-03-25,False,0.49,False,90,Talentplace,KishMish Games,"Action, Adventure, Indie","Single-player, Steam Trading Cards, Family Sharing","Indie, Action, Adventure, Horror, FPS, Great Soundtrack, Shooter, Psychological Horror, First-Person, Survival",True,False,False,709,430,526,"200,000 .. 500,000",235,0,223,0,0,0,0,2015,3,350000.0,False,0.3987761199573678,-0.13686721244904615,-0.3204184706813561,-0.14209042723478343,-0.3453586044247277,-0.5615191989877737,Action,956,0.4497907949790795
1366540,Dyson Sphere Program,2021-01-20,False,19.99,False,0,Youthcat Studio,Gamirror Games,"Indie, Simulation, Strategy, Early Access","Single-player, Steam Achievements, Family Sharing","Automation, Space, Base-Building, Building, Open World, Resource Management, Simulation, Sci-fi, Management, Sandbox",True,False,False,82153,83095,1993,"2,000,000 .. 5,000,000",4902,692,922,2703,0,2,128,2021,1,3500000.0,False,3.0440461338325417,0.43542771285674975,1.0856006612912044,-0.05760269267919593,0.6564138245776077,0.8112199599834088,Indie,85088,0.9765771906731854
655500,MX Bikes,2019-10-07,False,34.99,False,0,PiBoSo,PiBoSo,"Racing, Simulation, Sports, Early Access","Single-player, Multi-player, PvP, Online PvP, LAN PvP, Partial Controller Support, Family Sharing","Motocross, Motorbike, Multiplayer, Simulation, Offroad, VR, Realistic, Racing, Moddable, Controller",True,False,False,32873,26514,1602,"1,000,000 .. 2,000,000",1737,37,1629,3605,0,0,0,2019,10,1500000.0,False,3.5832411220909393,0.08914445173168686,0.1320865081536098,-0.14209042723478343,-0.3453586044247277,0.353640240326348,Racing,28116,0.9430217669654289
242550,Rayman® Legends,2013-09-03,False,29.99,False,0,Ubisoft Montpellier,Ubisoft,"Action, Adventure","Single-player, Multi-player, Co-op, Shared/Split Screen Co-op, Shared/Split Screen, Steam Achievements, Remote Play on Phone, Remote Play on Tablet, Remote Play Together","Platformer, Adventure, Local Co-Op, Action, Great Soundtrack, 2D, Co-op, Controller, 4 Player Local, Local Multiplayer",True,False,False,10884,8994,1049,"500,000 .. 1,000,000",1496,26,312,71,0,0,42,2013,9,750000.0,False,3.433664571799657,-0.06536899447121508,0.05948084909953073,-0.14209042723478343,-0.01665202615833643,-1.0190989186448345,Action,10043,0.8955491387035747
1141020,Adventure Escape Mysteries,2020-05-05,False,0.0,True,0,Haiku Games Co,Haiku Games Co,"Adventure, Casual, Indie, Free To Play","Single-player, Steam Achievements, In-App Purchases","Free to Play, Escape Room, Point & Click, Puzzle, Adventure, Detective, Indie, Mystery, Horror, Investigation",True,True,False,0,809,126,"200,000 .. 500,000",366,0,666,110,0,0,78,2020,5,350000.0,True,0.0,-0.14184925043885277,-0.28095232405859943,-0.14209042723478343,0.2650964694985704,0.5824301001548784,Adventure,935,0.8652406417112299
242780,Cognition: An Erica Reed Thriller,2013-09-19,False,14.99,False,0,Phoenix Online Studios,Phoenix Online Publishing,"Adventure, Indie","Single-player, Steam Achievements, Steam Trading Cards, Captions available, Steam Cloud, Family Sharing","Point & Click, Adventure, Female Protagonist, Mystery, Story Rich, Detective, Episodic, Indie, Supernatural, Thriller",True,True,False,372,656,141,"200,000 .. 500,000",287,0,293,1,0,2,59,2013,9,350000.0,False,2.771963526845863,-0.13923526153587948,-0.3047525193501855,-0.05760269267919593,0.11639587456853623,-1.0190989186448345,Adventure,797,0.823086574654956
527430,"Warhammer 40,000: Inquisitor - Martyr",2018-06-05,False,49.99,False,0,NeocoreGames,NeocoreGames,"Action, Adventure, Indie, RPG","Single-player, Multi-player, PvP, Online PvP, Co-op, Online Co-op, Steam Achievements, Full controller support, Steam Trading Cards, Family Sharing","Warhammer 40K, Action RPG, RPG, Hack and Slash, Action, Loot, Dark, Co-op, Adventure, Games Workshop",True,False,False,19267,16053,5097,"1,000,000 .. 2,000,000",2201,0,934,208,0,22,95,2018,6,1500000.0,False,3.9316295350670645,-0.006462895079749945,0.2718749969548243,0.7872746528766792,0.3981443702254431,0.12485038049781758,Action,21150,0.7590070921985815
684410,Bridge Constructor Portal,2017-12-20,False,9.99,False,0,ClockStone,Headup,"Simulation, Strategy","Single-player, Steam Achievements, Full controller support, Steam Trading Cards, Steam Workshop, Steam Cloud, Remote Play on Phone, Remote Play on Tablet, Remote Play on TV, Family Sharing","Puzzle, Simulation, Strategy, Physics, Building, Singleplayer, 2D, Comedy, Level Editor, Difficult",True,True,True,6413,6123,555,"200,000 .. 500,000",322,0,141,40,0,1,26,2017,12,350000.0,False,2.39698576841553,-0.09678604927012248,-0.29420812903112836,-0.09984655995698968,-0.14187357978362836,-0.10393947933071283,Simulation,6678,0.9168912848158132
232090,Killing Floor 2,2016-11-18,False,29.99,False,0,Tripwire Interactive,Tripwire Interactive,Action,"Single-player, Multi-player, PvP, Online PvP, Co-op, Online Co-op, Steam Achievements, Full controller support, Steam Trading Cards, Steam Workshop, In-App Purchases, Valve Anti-Cheat enabled, Includes level editor, Remote Play on Tablet, Remote Play on TV, Family Sharing","Zombies, Multiplayer, Online Co-Op, Gore, FPS, Post-apocalyptic, Hack and Slash, Horror, Shooter, Action",True,False,False,87196,111325,15541,"2,000,000 .. 5,000,000",3591,715,561,4508,17,5,307,2016,11,3500000.0,False,3.433664571799657,0.470864126936573,0.6906379267688073,0.06912890915418535,2.057329955760561,-0.33272933915924324,Action,126866,0.8775006699982659
532840,CAYNE,2017-01-24,False,0.0,True,0,THE BROTHERHOOD,THE BROTHERHOOD,"Adventure, Indie, Free To Play","Single-player, Steam Achievements, Adjustable Text Size, Custom Volume Controls, Mouse Only Option, Playable without Timed Input, Save Anytime, Subtitle Options","Free to Play, Adventure, Horror, Point & Click, Indie, Isometric, Sci-fi, Singleplayer, Female Protagonist, Gore",True,True,True,438,1478,351,"200,000 .. 500,000",99,0,93,3,0,1,15,2017,1,350000.0,True,0.0,-0.1387714893111584,-0.3613909587782638,-0.09984655995698968,-0.22796339790101655,-0.10393947933071283,Adventure,1829,0.8080918534718425
888090,TREE,2018-08-13,False,0.0,True,0,The Strangers,The Strangers,"Casual, Free To Play, Indie","Single-player, Steam Achievements","Free to Play, Indie, Casual, Short, Emotional, Singleplayer, Visual Novel, Great Soundtrack",True,False,False,0,2092,141,"200,000 .. 500,000",0,0,0,0,0,0,3,2018,8,350000.0,True,0.0,-0.14184925043885277,-0.39121651996645396,-0.14209042723478343,-0.3218795631199855,0.12485038049781758,Casual,2233,0.9368562472010747
282440,Quake Live,2014-09-17,False,9.99,False,0,id Software,Bethesda Softworks,Action,"Single-player, Multi-player, Steam Achievements, Steam Trading Cards, Steam Workshop, Partial Controller Support, Steam Cloud, Stats, Family Sharing","FPS, Arena Shooter, Multiplayer, Classic, Fast-Paced, Action, Shooter, e-sports, Competitive, First-Person",True,False,False,4245,13303,2074,"2,000,000 .. 5,000,000",314,0,57,297,0,0,58,2014,9,3500000.0,False,2.39698576841553,-0.11202026416702053,-0.29661827538977004,-0.14209042723478343,0.10856952746695549,-0.7903090588163041,Action,15377,0.865123236001821
1560560,村庄-The Village,2021-03-24,False,6.29,False,30,橙光游戏,橙光游戏,"Adventure, Casual, Indie, RPG, Strategy","Single-player, Steam Achievements, Family Sharing","RPG, Interactive Fiction, Visual Novel, Detective, Mystery, Thriller, Horror, Puzzle, Casual, Story Rich",True,False,False,0,5,8,"200,000 .. 500,000",0,0,0,0,0,0,8,2021,3,350000.0,False,1.986503546020567,-0.14184925043885277,-0.39121651996645396,-0.14209042723478343,-0.2827478276120818,0.8112199599834088,Adventure,13,0.38461538461538464
216890,Blood Bowl: Chaos Edition (Classic),2012-10-11,False,1.49,False,90,Cyanide Studios,Cyanide Studios,"Sports, Strategy","Single-player, Multi-player, PvP, Online PvP, Shared/Split Screen PvP, Shared/Split Screen, Remote Play Together, Family Sharing","Sports, Strategy, Board Game, Turn-Based, Games Workshop, Turn-Based Strategy, Fantasy, Multiplayer, Competitive, Singleplayer",True,False,False,1376,1434,337,"200,000 .. 500,000",1220,0,70,5,0,0,22,2012,10,350000.0,False,0.9122827104766162,-0.1321803022386075,-0.023669200273605483,-0.14209042723478343,-0.17317896818995132,-1.247888778473365,Sports,1771,0.8097120271033315
382110,Virtual Desktop Classic,2016-03-31,False,14.99,False,0,"Virtual Desktop, Inc.","Virtual Desktop, Inc.",Utilities,"Tracked Controller Support, VR Only, VR Support, Steam Workshop, Partial Controller Support","VR, Utilities, Software",True,False,False,2004,1426,635,"500,000 .. 1,000,000",354,0,148,53,0,0,0,2016,3,750000.0,False,2.771963526845863,-0.12776743925186765,-0.2845675435965619,-0.14209042723478343,-0.3453586044247277,-0.33272933915924324,Other,2061,0.6918971373119844
1419170,My Singing Monsters,2021-03-24,False,0.0,True,0,Big Blue Bubble,Big Blue Bubble,"Casual, Simulation, Free To Play","Single-player, Multi-player, Co-op, Online Co-op, In-App Purchases","Creature Collector, Simulation, Casual, Farming Sim, Colony Sim, Free to Play, Cute, Cartoony, Collectathon, Colorful",True,False,False,0,39143,2558,"1,000,000 .. 2,000,000",710,60,136,740,0,19,0,2021,3,1500000.0,True,0.0,-0.14184925043885277,-0.17731603063700935,0.6605430510432979,-0.3453586044247277,0.8112199599834088,Casual,41701,0.9386585453586245
997010,Police Simulator: Patrol Officers,2022-11-10,False,29.99,False,0,Aesir Interactive,astragon Entertainment,Simulation,"Single-player, Multi-player, Co-op, Online Co-op, Steam Achievements, Steam Trading Cards, Steam Workshop, Camera Comfort, Custom Volume Controls, Adjustable Difficulty, Subtitle Options, Partial Controller Support, Steam Cloud, Family Sharing","Simulation, Crime, Open World, Multiplayer, Realistic, Investigation, Online Co-Op, Immersive Sim, Singleplayer, America",True,False,False,17975,15108,4313,"1,000,000 .. 2,000,000",772,353,479,318,0,20,20,2022,11,1500000.0,False,3.433664571799657,-0.015541587721259305,-0.15863739635753674,0.7027869183210917,-0.18883166239311283,1.0400098198119392,Simulation,19421,0.7779208073734617
1070330,Russian Life Simulator,2019-05-17,False,0.49,False,51,GosDev Production,"Abama Entertainment, GosDev Production","Action, Indie, Simulation, Sports, Strategy","Single-player, Multi-player, PvP, Online PvP, Steam Achievements, Steam Trading Cards, Steam Leaderboards, Family Sharing","Simulation, Memes, Clicker, Singleplayer, 2D, Indie, Action, Strategy, Capitalism, Casual",True,True,True,7061,7009,884,"500,000 .. 1,000,000",1078,0,112,143,0,0,100,2019,5,750000.0,False,0.3987761199573678,-0.09223264924558837,-0.0664492981394944,-0.14209042723478343,0.4372761057333468,0.353640240326348,Action,7893,0.8880020271126314
285580,ACE - Arena: Cyber Evolution,2014-08-18,False,0.0,False,0,Spearhead Games,Spearhead Games,"Action, Free To Play, Indie, Sports, Strategy, Early Access","Single-player, Multi-player, Co-op, Family Sharing","Early Access, Free to Play, Sports, Multiplayer, Action, Indie, Strategy, Co-op, MOBA, Football (Soccer)",True,False,False,0,702,359,"200,000 .. 500,000",1017,0,14,0,0,0,0,2014,8,350000.0,True,0.0,-0.14184925043885277,-0.08482666412413684,-0.14209042723478343,-0.3453586044247277,-0.7903090588163041,Action,1061,0.6616399622997172
644930,They Are Billions,2019-06-18,False,29.99,False,0,Numantian Games,Numantian Games,Strategy,"Single-player, Steam Achievements, Steam Trading Cards, Steam Workshop, Steam Cloud, Stats, Steam Leaderboards, Includes level editor, Remote Play on Tablet, Family Sharing","Base-Building, Colony Sim, Strategy, Zombies, Survival, RTS, Tower Defense, City Builder, Steampunk, Building",True,False,False,45531,41508,7257,"2,000,000 .. 5,000,000",3496,24,1084,2751,0,1,34,2019,6,3500000.0,False,3.433664571799657,0.1780903429516756,0.662017438759938,-0.09984655995698968,-0.07926280297098239,0.353640240326348,Strategy,48765,0.8511842509996924
1142500,Fun with Ragdolls: The Game,2019-09-17,False,14.99,False,0,Jadon Barnes,Fun & Simple,"Action, Indie, Simulation","Single-player, Includes level editor, Family Sharing","Sandbox, Physics, Funny, Simulation, Action, Indie, Building, Singleplayer, 3D, Family Friendly",True,True,False,4434,4341,614,"500,000 .. 1,000,000",42,0,30,37,0,0,0,2019,9,750000.0,False,2.771963526845863,-0.11069218915986476,-0.3785632515835854,-0.14209042723478343,-0.3453586044247277,0.353640240326348,Action,4955,0.8760847628657922
390560,Fantasy Strike,2019-07-25,False,0.0,True,0,Sirlin Games,Sirlin Games,"Action, Casual, Free To Play, Indie","Single-player, Multi-player, PvP, Online PvP, Shared/Split Screen PvP, Shared/Split Screen, Cross-Platform Multiplayer, Full controller support, Steam Trading Cards, Captions available, In-App Purchases, Stats, Remote Play on TV, Remote Play Together","Free to Play, 2D Fighter, Fighting, Competitive, Multiplayer, PvP, Indie, Local Multiplayer, Casual, Singleplayer",True,True,True,462,1257,807,"200,000 .. 500,000",361,0,27,6,0,3,0,2019,7,350000.0,True,0.0,-0.1386028448658053,-0.28245866553275045,-0.015358825401402173,-0.3453586044247277,0.353640240326348,Action,2064,0.6090116279069767
515470,Hyper color ball,2016-09-02,False,1.99,False,0,Czester16,Back To Basics Gaming,"Casual, Indie, Simulation","Single-player, Steam Trading Cards, Family Sharing","Indie, Casual, Simulation",True,False,False,129,161,180,"200,000 .. 500,000",203,0,211,1,0,0,8,2016,9,350000.0,False,1.095273387402595,-0.14094278654507977,-0.3300590561159226,-0.14209042723478343,-0.2827478276120818,-0.33272933915924324,Casual,341,0.47214076246334313
1085510,Garfield Kart - Furious Racing,2019-11-06,False,14.99,False,0,Artefacts Studio,Microids,Racing,"Multi-player, PvP, Online PvP, Shared/Split Screen PvP, Shared/Split Screen, Steam Achievements, Full controller support, Steam Cloud, Remote Play Together, Family Sharing","Cult Classic, Racing, Great Soundtrack, Multiplayer, Family Friendly, Cartoony, Capitalism, Classic, Competitive, Singleplayer",True,True,False,10385,12719,1770,"500,000 .. 1,000,000",84,0,47,20,0,0,14,2019,11,750000.0,False,2.771963526845863,-0.06887539356418193,-0.3659099832007169,-0.14209042723478343,-0.23578974500259728,0.353640240326348,Racing,14489,0.877838360135275
293540,Guns and Robots,2014-08-04,False,0.0,False,0,Masthead Studios Ltd,"Masthead Studios Ltd, Thegamewallstudios, Gamigo AG","Action, Indie, Massively Multiplayer, RPG","Multi-player, MMO, Steam Achievements, Family Sharing","Free to Play, Action, Robots, Multiplayer, Shooter, Third-Person Shooter, Massively Multiplayer, Sandbox, Indie, FPS",True,False,False,0,1113,578,"500,000 .. 1,000,000",151,0,45,0,0,0,69,2014,8,750000.0,True,0.0,-0.14184925043885277,-0.3457250074470932,-0.14209042723478343,0.1946593455843437,-0.7903090588163041,Action,1691,0.6581904198698995
477770,Ride 2,2016-10-07,False,24.99,False,0,Milestone S.r.l.,Milestone S.r.l.,"Racing, Simulation, Sports","Single-player, Multi-player, PvP, Online PvP, Shared/Split Screen, Steam Achievements, Steam Trading Cards, Partial Controller Support, Steam Cloud, Remote Play Together, Family Sharing","Racing, Simulation, Sports, Motorbike, Bikes, Multiplayer, Open World, Singleplayer, Action, Split Screen",True,False,False,2459,2628,386,"200,000 .. 500,000",2799,0,709,10,0,17,35,2016,10,350000.0,False,3.2577118486533987,-0.12457022164204817,0.4520334372632861,0.5760553164877105,-0.07143645586940164,-0.33272933915924324,Racing,3014,0.8719309887193099
342150,Games of Glory,2017-04-25,False,0.0,False,0,Lightbulb Crew,Lightbulb Crew,"Action, Free To Play, Strategy","Multi-player, PvP, Online PvP, Cross-Platform Multiplayer, Steam Achievements, Full controller support, In-App Purchases, Family Sharing","Free to Play, MOBA, Action, Strategy, Multiplayer, Sci-fi, Controller, Team-Based, Competitive, Arena Shooter",True,False,False,0,315,243,"200,000 .. 500,000",3271,0,16,0,0,0,94,2017,4,350000.0,True,0.0,-0.14184925043885277,0.5942320724231422,-0.14209042723478343,0.3903180231238623,-0.10393947933071283,Action,558,0.5645161290322581
363970,Clicker Heroes,2015-05-13,False,0.0,True,0,Playsaurus,Playsaurus,"Adventure, Casual, Indie, RPG, Simulation, Strategy, Free To Play","Single-player, Steam Achievements, Steam Trading Cards, In-App Purchases, Camera Comfort, Mouse Only Option, Playable without Timed Input, Save Anytime, Touch Only Option, Steam Cloud, Stats","Clicker, Idler, Casual, 2D, Free to Play, Management, Indie, Funny, Strategy, Multiplayer",True,True,False,755,54989,6315,"5,000,000 .. 10,000,000",12929,0,628,2019,0,6,111,2015,5,7500000.0,True,0.0,-0.13654397726211934,3.5038812638932497,0.1113727764319791,0.523365923850735,-0.5615191989877737,Adventure,61304,0.8969887772412893
222730,Reus,2013-05-16,False,9.99,False,0,Abbey Games,Abbey Games,"Indie, Simulation, Strategy","Single-player, Steam Achievements, Steam Trading Cards, Family Sharing","God Game, Strategy, Indie, Simulation, Singleplayer, Sandbox, Casual, Puzzle, 2D, Resource Management",True,True,True,4802,4576,1263,"500,000 .. 1,000,000",223,294,96,4,0,1,123,2013,5,750000.0,False,2.39698576841553,-0.10810630766445033,-0.32403369021931855,-0.09984655995698968,0.6172820890697039,-1.0190989186448345,Indie,5839,0.7836958383284809
2129810,Reignbreaker,2025-03-18,False,9.99,False,0,Studio Fizbin,Thunderful Publishing,"Action, Adventure, Indie, RPG","Single-player, Steam Achievements, Full controller support, Steam Trading Cards, Steam Cloud, Family Sharing","Action RPG, Action Roguelike, Rogue-lite, Rogue-like, Hack and Slash, Singleplayer, Combat, Dystopian , Dungeon Crawler, Action",True,False,False,425,253,47,"500,000 .. 1,000,000",135,31,115,3,0,1,30,2025,3,750000.0,False,2.39698576841553,-0.1388628383857247,-0.35054530016437646,-0.09984655995698968,-0.11056819137730538,1.7263793992975305,Action,300,0.8433333333333334
296970,Renowned Explorers: International Society,2015-09-02,False,19.99,False,0,Abbey Games,Abbey Games,"Adventure, Indie, RPG, Strategy","Single-player, Steam Achievements, Steam Trading Cards, Steam Cloud, Stats, Steam Leaderboards, Family Sharing","Strategy, Adventure, RPG, Turn-Based, Indie, Turn-Based Strategy, Rogue-like, Singleplayer, Exploration, Tactical RPG",True,True,True,2290,2609,238,"200,000 .. 500,000",358,0,400,7,0,4,165,2015,9,350000.0,False,3.0440461338325417,-0.1257577596114097,-0.28336247041724105,0.026885041876391583,0.9459886673360952,-0.5615191989877737,Adventure,2847,0.9164032314717246
763410,Long Live Santa!,2017-12-19,False,0.0,True,0,Doborog Games,Doborog Games,"Action, Free To Play, Indie","Multi-player, PvP, Online PvP","Free to Play, Multiplayer, Funny, Action, Indie, Fighting, Survival, Memes, Swordplay, Psychological Horror",True,True,False,0,2721,378,"200,000 .. 500,000",51,0,23,0,0,0,0,2017,12,350000.0,True,0.0,-0.14184925043885277,-0.3758518369301136,-0.14209042723478343,-0.3453586044247277,-0.10393947933071283,Action,3099,0.8780251694094869
373180,Kung Fury: Street Rage - Ultimate Edition,2015-05-28,False,19.99,False,0,Hello There Games,Hello There Games,"Action, Adventure, Casual, Indie","Single-player, Multi-player, Co-op, Shared/Split Screen Co-op, Shared/Split Screen, Steam Achievements, Steam Trading Cards, Partial Controller Support, Steam Leaderboards, Remote Play Together, Family Sharing","Arcade, Beat 'em up, Action, Indie, Retro, 1980s, Side Scroller, Pixel Graphics, 2D, Adventure",True,True,False,2252,2231,253,"200,000 .. 500,000",116,0,114,3,0,0,28,2015,5,350000.0,False,3.0440461338325417,-0.1260247799832188,-0.35626939776615035,-0.14209042723478343,-0.12622088558046687,-0.5615191989877737,Action,2484,0.8981481481481481
552620,ATOM RPG: Post-apocalyptic indie game,2018-12-19,False,14.99,False,0,AtomTeam,AtomTeam,RPG,"Single-player, Steam Achievements, Full controller support, Steam Trading Cards, Steam Workshop, Steam Cloud, Remote Play on TV, Family Sharing","CRPG, Exploration, Survival, Turn-Based, RPG, Post-apocalyptic, Puzzle, Sandbox, Isometric, Strategy",True,True,True,10622,8888,1887,"500,000 .. 1,000,000",1480,0,500,75,0,1,36,2018,12,750000.0,False,2.771963526845863,-0.06721002966631992,0.05466055638224747,-0.09984655995698968,-0.0636101087678209,0.12485038049781758,RPG,10775,0.8248723897911833
57640,Broken Sword: Director's Cut (2009),2010-08-26,False,0.0,False,0,Revolution Software Ltd,Revolution Software Ltd,Adventure,"Single-player, Remote Play on Tablet, Family Sharing","Adventure, Point & Click, Puzzle, Story Rich, 2D, 1990's, Remake, Retro, Singleplayer, Mystery",True,True,True,2248,2583,186,"200,000 .. 500,000",154,0,67,4,0,0,0,2010,8,350000.0,True,0.0,-0.12605288739077763,-0.3448212025626026,-0.14209042723478343,-0.3453586044247277,-1.7054684981304258,Adventure,2769,0.9328277356446371
528230,SYNTHETIK: Legion Rising,2018-03-15,False,19.99,False,0,Flow Fire Games,"Flow Fire Games, WhisperGames","Action, Indie","Single-player, Multi-player, Co-op, Online Co-op, Full controller support, Steam Trading Cards, Family Sharing","Top-Down Shooter, Rogue-lite, Indie, Action, Action Roguelike, Online Co-Op, Difficult, Co-op, Shooter, Twin Stick Shooter",True,False,False,10045,11971,746,"500,000 .. 1,000,000",872,0,307,66,0,1,27,2018,3,750000.0,False,3.0440461338325417,-0.0712645232066844,-0.12851056687451637,-0.09984655995698968,-0.1340472326820476,0.12485038049781758,Action,12717,0.9413383659668161
1238840,Battlefield™ 1,2020-06-11,False,39.99,False,0,DICE,Electronic Arts,"Action, Massively Multiplayer","Single-player, Multi-player, PvP, Online PvP, Steam Achievements, Full controller support, Steam Trading Cards, HDR available","FPS, Multiplayer, Singleplayer, World War I, War, Shooter, Action, First-Person, Historical, Atmospheric",True,False,False,190065,166775,26046,"5,000,000 .. 10,000,000",2166,311,507,6308,17,7,50,2020,6,7500000.0,False,3.7133281345162463,1.1937093539794725,0.2613306066357672,0.15361664370977285,0.04595875065430953,0.5824301001548784,Action,192821,0.8649213519274352
466940,The Sandbox Evolution - Craft a 2D Pixel Universe!,2016-11-15,False,0.0,True,0,PIXOWL INC.,PIXOWL INC.,"Action, Free To Play, Indie, Simulation","Single-player, Full controller support, Steam Workshop, In-App Purchases, Steam Cloud, Includes level editor","Sandbox, Pixel Graphics, Free to Play, 2D, Simulation, Indie, God Game, Action, Physics, Crafting",True,False,False,285,630,860,"200,000 .. 500,000",226,0,64,2,0,1,0,2016,11,350000.0,True,0.0,-0.1398465976502845,-0.32312988533482795,-0.09984655995698968,-0.3453586044247277,-0.33272933915924324,Action,1490,0.4228187919463087
306660,Ultimate General: Gettysburg,2014-10-16,False,13.99,False,30,Game-Labs,Game-Labs,"Indie, Simulation, Strategy","Single-player, Multi-player, Steam Achievements, Steam Trading Cards, Stats, Steam Leaderboards, Family Sharing","Strategy, Historical, Simulation, RTS, Tactical, Wargame, Indie, War, Military, Singleplayer",True,True,True,2365,2168,522,"200,000 .. 500,000",268,0,208,11,0,0,3,2014,10,350000.0,False,2.7073833121145063,-0.1252307457196812,-0.3104766169519594,-0.14209042723478343,-0.3218795631199855,-0.7903090588163041,Indie,2690,0.8059479553903346
719890,Beasts of Bermuda,2018-12-21,False,19.99,False,0,"Sastrei Studios, LLC","Sastrei Studios, LLC","Adventure, Indie, Massively Multiplayer, Simulation, Early Access","Multi-player, PvP, Online PvP, Full controller support, Family Sharing","Dinosaurs, Simulation, Survival, Massively Multiplayer, Adventure, Early Access, Multiplayer, Open World, Indie, PvP",True,False,False,8246,6192,2531,"200,000 .. 500,000",15372,65,815,1143,0,24,0,2018,12,350000.0,False,3.0440461338325417,-0.08390582975627832,4.239879708163437,0.8717623874322667,-0.3453586044247277,0.12485038049781758,Adventure,8723,0.7098475295196607
47890,The Sims™ 3,2011-01-27,False,19.99,False,0,"The Sims Studio, Maxis",Electronic Arts,Simulation,"Single-player, Family Sharing","Life Sim, Simulation, Character Customization, Building, Sandbox, Singleplayer, Casual, Funny, Moddable, Romance",True,False,False,30713,28544,4366,"2,000,000 .. 5,000,000",3174,1073,786,1264,0,19,0,2011,1,3500000.0,False,3.0440461338325417,0.0739664516499065,0.5650090478246125,0.6605430510432979,-0.3453586044247277,-1.4766786383018953,Simulation,32910,0.8673351564873899
293260,Card Hunter,2015-07-13,False,0.0,True,0,The Knights of Unity,The Knights of Unity,"RPG, Strategy, Free To Play","Single-player, Multi-player, Co-op, Cross-Platform Multiplayer, Steam Achievements, Steam Trading Cards, Captions available, Includes level editor","Free to Play, Card Game, Tabletop, Tactical RPG, Board Game, Turn-Based, Strategy, Multiplayer, Co-op, Fantasy",True,True,False,0,4487,749,"500,000 .. 1,000,000",398,0,110,30,0,0,50,2015,7,750000.0,True,0.0,-0.14184925043885277,-0.2713117386240329,-0.14209042723478343,0.04595875065430953,-0.5615191989877737,RPG,5236,0.856951871657754
674400,Einar,2017-07-20,False,0.0,True,0,DreamPunks,"DreamPunks, WolffWare","Action, Casual, Indie, Strategy, Free To Play","Single-player, Full controller support","Free to Play, Action, Survival, Multiplayer, Open World, Singleplayer, Strategy, Adventure, Indie, Casual",True,False,False,0,878,554,"200,000 .. 500,000",12,0,9,0,0,0,0,2017,7,350000.0,True,0.0,-0.14184925043885277,-0.3876013004284915,-0.14209042723478343,-0.3453586044247277,-0.10393947933071283,Action,1432,0.6131284916201117
1458100,Cozy Grove,2021-04-07,False,14.99,False,0,Spry Fox, Spry Fox,"Casual, Indie","Single-player, Steam Achievements, Full controller support, Steam Trading Cards, Steam Cloud, Remote Play on Phone, Remote Play on Tablet, Remote Play on TV, Family Sharing","Relaxing, Cute, Story Rich, Cozy, Collectathon, Hidden Object, Colorful, Atmospheric, Life Sim, Procedural Generation",True,False,False,7374,7203,795,"200,000 .. 500,000",691,0,460,114,0,2,70,2021,4,350000.0,False,2.771963526845863,-0.09003324460410816,-0.18304012823878324,-0.05760269267919593,0.20248569268592442,0.8112199599834088,Casual,7998,0.9006001500375094
220200,Kerbal Space Program,2015-04-27,False,39.99,False,0,Squad,Private Division,"Indie, Simulation","Single-player, Steam Trading Cards, Steam Workshop, Partial Controller Support, Steam Cloud, Family Sharing","Space, Simulation, Sandbox, Physics, Science, Space Sim, Building, Moddable, Indie, Education",True,True,True,110230,121084,6078,"2,000,000 .. 5,000,000",3574,440,564,1844,0,2,0,2015,4,3500000.0,False,3.7133281345162463,0.6327206333642251,0.685516365756694,-0.05760269267919593,-0.3453586044247277,-0.5615191989877737,Indie,127162,0.9522027020650823
513740,Joana's Life,2016-09-01,False,1.99,False,0,Old Shack Studio,Back To Basics Gaming,"Adventure, Indie","Single-player, Family Sharing","Indie, Adventure, Horror, First-Person, Psychological Horror, Mystery",True,False,False,0,68,152,"200,000 .. 500,000",203,0,245,24,0,0,0,2016,9,350000.0,False,1.095273387402595,-0.14184925043885277,-0.3300590561159226,-0.14209042723478343,-0.3453586044247277,-0.33272933915924324,Adventure,220,0.3090909090909091
1197260,The Perfect Tower II,2025-11-30,False,0.0,True,0,Fire Sword Studios,Fire Sword Studios,"Action, Indie, Strategy, Free To Play","Single-player, Steam Achievements, In-App Purchases, Color Alternatives, Custom Volume Controls, Playable without Timed Input, Save Anytime, Steam Cloud, Steam Leaderboards","Strategy, Idler, Tower Defense, Free to Play, Automation, Resource Management, Indie, Action, Minigames, Base-Building",True,False,False,0,3201,438,"200,000 .. 500,000",0,0,0,491,0,1,74,2025,11,350000.0,True,0.0,-0.14184925043885277,-0.39121651996645396,-0.09984655995698968,0.23379108109224742,1.7263793992975305,Action,3639,0.8796372629843363
248550,Megabyte Punch,2013-10-15,False,14.99,False,0,Team Reptile,Team Reptile,"Action, Adventure, Indie","Single-player, Multi-player, Shared/Split Screen, Steam Achievements, Full controller support, Steam Cloud, Stats, Remote Play Together, Family Sharing","Adventure, Local Multiplayer, Platformer, Robots, Beat 'em up, Character Customization, Action, Local Co-Op, Fighting, Split Screen",True,True,True,405,999,114,"500,000 .. 1,000,000",486,0,90,1,0,0,30,2013,10,750000.0,False,2.771963526845863,-0.13900337542351893,-0.244800128678975,-0.14209042723478343,-0.11056819137730538,-1.0190989186448345,Action,1113,0.8975741239892183
1150760,Gloomwood,2022-09-05,False,19.99,False,0,"Dillon Rogers, David Szymanski, Nate Berens, Thomas Porta",New Blood Interactive,"Action, Indie, Early Access","Single-player, Full controller support, Steam Cloud, Family Sharing","Early Access, Immersive Sim, Stealth, Survival Horror, FPS, Atmospheric, First-Person, Exploration, Steampunk, Singleplayer",True,False,False,7094,6231,308,"500,000 .. 1,000,000",622,128,264,39,0,0,0,2022,9,750000.0,False,3.0440461338325417,-0.09200076313322783,-0.2038276405820673,-0.14209042723478343,-0.3453586044247277,1.0400098198119392,Action,6539,0.9528979966355712
522470,The House of Da Vinci,2017-11-24,False,19.99,False,0,Blue Brain Games,Blue Brain Games,"Adventure, Indie","Single-player, Steam Achievements, Steam Trading Cards, Family Sharing","Puzzle, Adventure, Point & Click, Indie, Strategy, Hidden Object, Singleplayer, Escape Room, First-Person, Atmospheric",True,True,False,6373,5619,821,"200,000 .. 500,000",350,0,220,28,0,2,6,2017,11,350000.0,False,3.0440461338325417,-0.097067123345711,-0.28577261677588267,-0.05760269267919593,-0.29840052181524324,-0.10393947933071283,Adventure,6440,0.8725155279503105
65780,ARMA: Gold Edition,2011-07-13,False,9.99,False,0,Bohemia Interactive,Bohemia Interactive,"Action, Simulation, Strategy","Single-player, Multi-player, Family Sharing","Simulation, Action, Military, Strategy, FPS, Tactical, Realistic, Multiplayer, Open World, Sandbox",True,False,False,841,967,306,"500,000 .. 1,000,000",354,0,53,6,17,0,0,2011,7,750000.0,False,2.39698576841553,-0.13593966799960402,-0.2845675435965619,-0.14209042723478343,-0.3453586044247277,-1.4766786383018953,Action,1273,0.7596229379418696
219640,Chivalry: Medieval Warfare,2012-10-16,False,24.99,False,0,Torn Banner Studios,Torn Banner Studios,"Action, Indie","Multi-player, Steam Achievements, Full controller support, Steam Trading Cards, Steam Workshop, Valve Anti-Cheat enabled, Includes level editor, Remote Play on TV, Family Sharing","Medieval, Multiplayer, Action, Gore, First-Person, Swordplay, Violent, PvP, Indie, Third Person",True,True,True,44576,54016,11428,"5,000,000 .. 10,000,000",1736,0,250,32,0,2,49,2012,10,7500000.0,False,3.2577118486533987,0.17137969939699957,0.1317852398587796,-0.05760269267919593,0.03813240355272878,-1.247888778473365,Action,65444,0.8253774219179757
1942280,Brotato,2023-06-23,False,3.49,False,30,Blobfish,Blobfish,"Action, Casual, Indie, RPG","Single-player, Multi-player, Co-op, Shared/Split Screen Co-op, Shared/Split Screen, Steam Achievements, Full controller support, Steam Trading Cards, Steam Workshop, Steam Cloud, Remote Play on TV, Remote Play Together, Family Sharing","Rogue-like, Singleplayer, Action Roguelike, Bullet Hell, Sci-fi, Survival, Arena Shooter, Local Co-Op, Rogue-lite, Hack and Slash",True,True,True,105571,94525,3276,"2,000,000 .. 5,000,000",2550,893,1002,6389,0,3,177,2023,6,3500000.0,False,1.501852701754163,0.5999825304100517,0.3770176318505654,-0.015358825401402173,1.0399048325550642,1.2687996796404697,Action,97801,0.9665034099855829
577460,Zoop! - Hunter's Grimm,2017-03-03,False,1.99,False,0,Warfare Studios,Senpai Industrial Studios,"Action, Adventure, Indie, RPG","Single-player, Steam Achievements, Full controller support, Steam Trading Cards, Captions available, Steam Cloud, Family Sharing","Anime, RPG, Adventure, RPGMaker, Action, Indie, Nudity, Sexual Content",True,False,False,267,192,128,"200,000 .. 500,000",195,0,227,0,0,0,25,2017,3,350000.0,False,1.095273387402595,-0.13997308098429936,-0.33246920247456424,-0.14209042723478343,-0.14969992688520908,-0.10393947933071283,Action,320,0.6
667600,Sky Force Reloaded,2017-11-29,False,9.99,False,0,Infinite Dreams,Infinite Dreams,"Action, Indie","Single-player, Multi-player, Co-op, Shared/Split Screen Co-op, Shared/Split Screen, Steam Achievements, Full controller support, Steam Trading Cards, Steam Cloud, Steam Leaderboards, Remote Play on TV, Remote Play Together, Family Sharing","Shoot 'Em Up, Arcade, Bullet Hell, Local Co-Op, Top-Down Shooter, Top-Down, Action, Indie, Local Multiplayer, Controller",True,True,True,2590,2277,180,"200,000 .. 500,000",390,0,261,29,0,1,30,2017,11,350000.0,False,2.39698576841553,-0.12364970404449575,-0.2737218849826745,-0.09984655995698968,-0.11056819137730538,-0.10393947933071283,Action,2457,0.9267399267399268
3036080,Shawarma Legend,2024-07-19,False,2.99,False,0,Eyad Alshafei,Patates Games,Simulation,"Single-player, Family Sharing","Simulation, Cooking, Time Management, 2D, Life Sim, Cartoon, Singleplayer, Funny, Cartoony, Comedy",True,False,False,6760,0,0,"200,000 .. 500,000",497,16,434,109,0,0,0,2024,7,350000.0,False,1.3837912309017721,-0.09434773166439202,-0.24148617743584275,-0.14209042723478343,-0.3453586044247277,1.497589539469,Simulation,0,0.8471660663060372
225420,Cities in Motion 2,2013-04-02,False,19.99,False,0,Colossal Order,Paradox Interactive,"Simulation, Strategy","Single-player, Multi-player, Co-op, Cross-Platform Multiplayer, Steam Achievements, Steam Trading Cards, Steam Workshop, Family Sharing","Simulation, Strategy, Transportation, Management, City Builder, Sandbox, Economy, Building, Singleplayer, Trains",True,True,True,1175,1432,1051,"500,000 .. 1,000,000",128,0,60,11,0,12,51,2013,4,750000.0,False,3.0440461338325417,-0.13359269946843982,-0.3526541782281879,0.3648359800987417,0.05378509775589027,-1.0190989186448345,Simulation,2483,0.57672170761176
1121910,"I Love You, Colonel Sanders! A Finger Lickin’ Good Dating Simulator",2019-09-24,False,0.0,True,0,Psyop,KFC,"Casual, Indie, Simulation","Single-player, Remote Play on Phone, Remote Play on Tablet","Dating Sim, Anime, Visual Novel, Beautiful, Cult Classic, Free to Play, World War I, Story Rich, Hentai, Psychedelic",True,True,False,0,11583,1025,"200,000 .. 500,000",0,0,0,5,0,0,0,2019,9,350000.0,True,0.0,-0.14184925043885277,-0.39121651996645396,-0.14209042723478343,-0.3453586044247277,0.353640240326348,Casual,12608,0.9187024111675127
2890830,Streamer Life Simulator 2,2026-02-05,False,19.99,False,0,Cheesecake Dev,Cheesecake Dev,"Indie, Simulation","Single-player, Steam Achievements, Family Sharing","Early Access, Simulation, Life Sim, Immersive Sim, First-Person, Web Publishing, Open World, Casual, Action, Economy",True,False,False,6422,4096,828,"200,000 .. 500,000",521,0,496,119,0,0,26,2026,2,350000.0,False,3.0440461338325417,-0.09672280760311505,-0.23425573835991786,-0.14209042723478343,-0.14187357978362836,1.9551692591260608,Indie,4924,0.8318440292445166
278970,Digger Online,2015-06-02,False,7.99,False,0,DiggerGames,DiggerGames,"Action, Adventure","Multi-player, Family Sharing","Story Rich, Action, Atmospheric, Realistic, Shooter, Survival, First-Person, Open World, Multiplayer, Family Friendly",True,False,False,1272,8751,9229,"200,000 .. 500,000",114,0,41,8,0,0,0,2015,6,350000.0,False,2.196112848483529,-0.13291109483513766,-0.35687193435581077,-0.14209042723478343,-0.3453586044247277,-0.5615191989877737,Action,17980,0.4867074527252503
314410,Rampage Knights,2015-09-04,False,12.99,False,0,Rake in Grass,Rake in Grass,"Action, Adventure, Indie, RPG","Single-player, Multi-player, PvP, Online PvP, Shared/Split Screen PvP, Co-op, Online Co-op, Shared/Split Screen Co-op, Shared/Split Screen, Cross-Platform Multiplayer, Steam Achievements, Full controller support, Steam Trading Cards, Steam Cloud, Remote Play Together, Family Sharing","Co-op, Action Roguelike, Action, Beat 'em up, Rogue-like, Multiplayer, Indie, Adventure, Local Co-Op, RPG",True,False,False,2173,3298,260,"200,000 .. 500,000",491,0,442,4,0,0,84,2015,9,350000.0,False,2.63834278867739,-0.12657990128250612,-0.24329378720482397,-0.14209042723478343,0.3120545521080549,-0.5615191989877737,Action,3558,0.9269252388982574
1150080,Azur Lane Crosswave,2020-02-13,False,11.99,False,70,"IDEA FACTORY, COMPILE HEART, FELISTELLA",Idea Factory International,"Action, Adventure, RPG","Single-player, Steam Achievements, Full controller support, Steam Trading Cards, Steam Cloud, Remote Play on Phone, Remote Play on Tablet, Remote Play on TV, Family Sharing","RPG, Action, Anime, Adventure, Sexual Content, Visual Novel, Female Protagonist, Cute, Nudity, JRPG",True,False,False,6526,5073,2277,"200,000 .. 500,000",313,0,176,5,0,8,27,2020,2,350000.0,False,2.5641798306825083,-0.09599201500658489,-0.2969195436846002,0.19586051098756663,-0.1340472326820476,0.5824301001548784,Action,7350,0.690204081632653
2478970,Tomb Raider I-III Remastered Starring Lara Croft,2024-02-13,False,29.99,False,0,"Aspyr, Crystal Dynamics",Aspyr,"Action, Adventure","Single-player, Steam Achievements, Full controller support, Steam Trading Cards, Steam Cloud, Family Sharing","Female Protagonist, Action-Adventure, Action, Exploration, Old School, 3D, Singleplayer, Adventure, Puzzle, Classic",True,False,False,6608,6128,721,"200,000 .. 500,000",878,14,148,252,0,0,284,2024,2,350000.0,False,3.433664571799657,-0.09541581315162842,-0.12670295710553514,-0.14209042723478343,1.877323972424204,1.497589539469,Action,6849,0.8947291575412469
1079800,Pistol Whip,2019-11-07,False,29.99,False,0,Cloudhead Games Ltd.,Cloudhead Games Ltd.,"Action, Indie, Sports","Single-player, Steam Achievements, Tracked Controller Support, VR Only, Steam Cloud, Stats, Steam Leaderboards, Family Sharing","VR, Action, Rhythm, Shooter, Arcade, On-Rails Shooter, Level Editor, FPS, Music, Bullet Hell",True,False,False,3575,3780,236,"200,000 .. 500,000",154,0,130,11,0,2,25,2019,11,350000.0,False,3.433664571799657,-0.11672825493312833,-0.3448212025626026,-0.05760269267919593,-0.14969992688520908,0.353640240326348,Action,4016,0.9412350597609562
292410,Street Racing Syndicate,2014-04-24,False,2.99,False,0,Eutechnyx,Funbox Media Ltd,Racing,"Single-player, Multi-player, Shared/Split Screen, Steam Trading Cards, Partial Controller Support, Remote Play Together, Family Sharing","Racing, Open World, Driving, Singleplayer, Multiplayer, Classic, Arcade, Automobile Sim, Sexual Content, Nudity",True,False,False,2774,3446,625,"500,000 .. 1,000,000",225,0,186,9,0,0,0,2014,4,750000.0,False,1.3837912309017721,-0.12235676329678855,-0.32343115362965813,-0.14209042723478343,-0.3453586044247277,-0.7903090588163041,Racing,4071,0.8464750675509702
338180,Batla,2015-05-14,False,0.0,False,0,[geim].pro,Abyss Lights Studio LLP,"Action, Free To Play","Multi-player, Cross-Platform Multiplayer, Steam Achievements, Steam Trading Cards, Family Sharing","Free to Play, FPS, Multiplayer, Robots, Shooter, Action, Psychological Horror, Mature, First-Person, Gore",True,False,False,0,1950,1130,"500,000 .. 1,000,000",659,0,27,1,0,0,61,2015,5,750000.0,True,0.0,-0.14184925043885277,-0.19268071367334974,-0.14209042723478343,0.1320485687716977,-0.5615191989877737,Action,3080,0.6331168831168831
1645820,SurrounDead,2022-06-24,False,11.99,False,0,Zurvivor,PlaySurrounDead,"Action, Adventure, Indie, RPG, Early Access","Single-player, Steam Achievements, Steam Trading Cards, Camera Comfort, Custom Volume Controls, Adjustable Difficulty, Playable without Timed Input, Save Anytime, Stereo Sound, Surround Sound, Family Sharing","Zombies, Survival, Open World, Post-apocalyptic, RPG, Singleplayer, Exploration, Shooter, Loot, Third Person",True,False,False,21725,7347,853,"500,000 .. 1,000,000",670,401,526,1870,0,0,21,2022,6,750000.0,False,2.5641798306825083,0.010809106865164921,-0.1893667624302175,-0.14209042723478343,-0.18100531529153208,1.0400098198119392,Action,8200,0.8959756097560976
226840,Age of Wonders III,2014-03-31,False,29.99,False,0,Triumph Studios,Paradox Interactive,"RPG, Strategy","Single-player, Multi-player, Co-op, Shared/Split Screen, Cross-Platform Multiplayer, Steam Achievements, Steam Trading Cards, Steam Workshop, Steam Cloud, Includes level editor, Remote Play Together, Family Sharing","Strategy, Turn-Based Strategy, Fantasy, RPG, 4X, Turn-Based, Multiplayer, Singleplayer, Tactical, Dwarf",True,True,True,6993,10093,2485,"1,000,000 .. 2,000,000",553,0,124,163,0,3,74,2014,3,1500000.0,False,3.433664571799657,-0.09271047517408885,-0.22461515292535134,-0.015358825401402173,0.23379108109224742,-0.7903090588163041,RPG,12578,0.8024328192081412
476620,Call of Duty®: WWII,2017-11-02,False,59.99,False,0,"Sledgehammer Games, Raven Software",Activision,Action,"Single-player, Multi-player, PvP, Online PvP, Shared/Split Screen PvP, Co-op, Online Co-op, Shared/Split Screen Co-op, Steam Achievements, Full controller support, Steam Trading Cards, In-App Purchases, Steam Cloud, Valve Anti-Cheat enabled, Remote Play on TV, Family Sharing","World War II, FPS, Multiplayer, War, Action, Zombies, Shooter, First-Person, Singleplayer, Co-op",True,False,False,32485,11394,8523,"500,000 .. 1,000,000",1504,0,510,75,17,3,35,2017,11,750000.0,False,4.110709916308365,0.08641803319847817,0.06189099545817236,-0.015358825401402173,-0.07143645586940164,-0.10393947933071283,Action,19917,0.5720741075463173
863550,HITMAN™ 2,2018-11-13,False,0.0,False,0,IO Interactive A/S,IO Interactive A/S,Action,"Single-player, Multi-player, Co-op, Online Co-op, Steam Achievements, Full controller support, Steam Trading Cards, Steam Cloud, Remote Play on Phone, Remote Play on Tablet, Remote Play on TV, Family Sharing","Stealth, Assassin, Action, Singleplayer, Third Person, Multiplayer, Violent, Open World, Sandbox, Strategy",True,False,False,31374,68165,6778,"5,000,000 .. 10,000,000",900,0,261,187,0,0,146,2018,11,7500000.0,True,0.0,0.07861120074900688,-0.12007505461927066,-0.14209042723478343,0.797288072406061,0.12485038049781758,Action,74943,0.9095579306939942
455910,STAR WARS™: Rogue Squadron 3D,2016-03-29,False,9.99,False,0,"Factor 5, LucasArts","LucasArts, Lucasfilm, Disney","Action, Simulation","Single-player, Partial Controller Support, Steam Cloud, Family Sharing","Action, Simulation, Flight, Classic, Sci-fi, Singleplayer, Space, 1990's",True,False,False,1219,939,351,"200,000 .. 500,000",219,0,131,3,0,0,0,2016,3,350000.0,False,2.39698576841553,-0.13328351798529245,-0.3252387633986394,-0.14209042723478343,-0.3453586044247277,-0.33272933915924324,Action,1290,0.727906976744186
268130,Heat Signature,2017-09-21,False,14.99,False,0,Suspicious Developments,Suspicious Developments,"Action, Adventure, Indie, Strategy","Single-player, Steam Achievements, Full controller support, Steam Cloud, Remote Play Together, Family Sharing","Space, Stealth, Indie, Top-Down, Rogue-like, Action, Strategy, Sci-fi, Procedural Generation, Real-Time with Pause",True,False,False,6786,6756,390,"500,000 .. 1,000,000",487,44,484,21,0,1,70,2017,9,750000.0,False,2.771963526845863,-0.09416503351525948,-0.24449886038414478,-0.09984655995698968,0.20248569268592442,-0.10393947933071283,Action,7146,0.945424013434089
204240,The Bridge,2013-02-22,False,9.99,False,0,"Ty Taylor, Vega Castañeda",The Quantum Astrophysicists Guild,"Adventure, Casual, Indie, Strategy","Single-player, Steam Achievements, Full controller support, Steam Trading Cards, Steam Cloud, Remote Play on TV, Family Sharing","Puzzle-Platformer, Hand-drawn, Surreal, Physics, 2D, Puzzle, Singleplayer, Emotional, Logic, Indie",True,True,True,3416,3747,557,"200,000 .. 500,000",117,0,111,1,0,0,20,2013,2,350000.0,False,2.39698576841553,-0.11784552438359272,-0.3559681294713201,-0.14209042723478343,-0.18883166239311283,-1.0190989186448345,Adventure,4304,0.8705855018587361
973810,Journey To The Savage Planet,2021-01-28,False,29.99,False,0,Typhoon,505 Games,"Action, Adventure","Single-player, Multi-player, Co-op, Online Co-op, Full controller support, Family Sharing","Adventure, Exploration, Action, Action-Adventure, 3D Platformer, Multiplayer, First-Person, Arcade, Colorful, Comedy",True,False,False,5637,5422,795,"200,000 .. 500,000",638,0,225,72,0,1,51,2021,1,350000.0,False,3.433664571799657,-0.10223888633653987,-0.19900734786478402,-0.09984655995698968,0.05378509775589027,0.8112199599834088,Action,6217,0.8721248190445553
334940,Yoku's Island Express,2018-05-29,False,19.99,False,0,Villa Gorilla,Team17 Digital Ltd,"Adventure, Indie","Single-player, Steam Achievements, Full controller support, Steam Trading Cards, Steam Cloud, Remote Play on TV, Family Sharing","Pinball, Metroidvania, Adventure, Platformer, Singleplayer, Family Friendly, Indie, Puzzle-Platformer, Great Soundtrack, Cute",True,False,False,3095,4640,184,"200,000 .. 500,000",237,0,142,4,0,0,31,2018,5,350000.0,False,3.0440461338325417,-0.12010114384019063,-0.3198159340916957,-0.14209042723478343,-0.10274184427572462,0.12485038049781758,Adventure,4824,0.9618573797678275
425580,The Room Two,2016-07-05,False,4.99,False,0,Fireproof Games,Fireproof Games,"Adventure, Indie","Single-player, Steam Achievements, Steam Trading Cards, Steam Cloud, Family Sharing","Puzzle, Mystery, Point & Click, Atmospheric, Hidden Object, Horror, Indie, Adventure, Singleplayer, Lovecraftian",True,False,False,20543,19460,468,"500,000 .. 1,000,000",235,0,191,30,0,0,7,2016,7,750000.0,False,1.7900914121273581,0.002503367931524005,-0.3204184706813561,-0.14209042723478343,-0.2905741747136625,-0.33272933915924324,Adventure,19928,0.9765154556403051
276810,Mordheim: City of the Damned,2015-11-19,False,19.99,False,0,Rogue Factor,Nacon,"RPG, Strategy","Single-player, Multi-player, PvP, Online PvP, Steam Achievements, Steam Trading Cards, Partial Controller Support, Steam Cloud, Family Sharing","Tactical, Games Workshop, RPG, Turn-Based, Strategy, Dark Fantasy, Turn-Based Tactics, Turn-Based Combat, Multiplayer, Turn-Based Strategy",True,False,False,6961,5662,2399,"500,000 .. 1,000,000",1527,52,488,112,0,6,109,2015,11,750000.0,False,3.0440461338325417,-0.09293533443455969,0.06882016623926704,0.1113727764319791,0.5077132296475735,-0.5615191989877737,RPG,8061,0.7023942438903362
2108330,F1® 23,2023-06-15,False,0.0,False,0,Codemasters,Electronic Arts,"Racing, Sports","Single-player, Multi-player, PvP, Online PvP, Shared/Split Screen PvP, Co-op, Online Co-op, Shared/Split Screen Co-op, Shared/Split Screen, Steam Achievements, Full controller support, VR Supported, Steam Workshop, Steam Cloud, Remote Play Together, HDR available, Family Sharing","VR, Racing, Driving, Multiplayer, Automobile Sim, Sports, Singleplayer, Simulation, Competitive, e-sports",True,False,False,14208,15059,2456,"1,000,000 .. 2,000,000",3023,29,1608,515,0,0,49,2023,6,1500000.0,True,0.0,-0.042011738789808656,0.5195175353052517,-0.14209042723478343,0.03813240355272878,1.2687996796404697,Racing,17515,0.8597773337139595
238210,System Shock® 2 (1999),2013-05-10,False,0.0,False,0,"Nightdive Studios, Irrational Games, Looking Glass Studios",Nightdive Studios,"Action, RPG","Single-player, Multi-player, Co-op, Steam Trading Cards, Family Sharing","Cyberpunk, RPG, Horror, Sci-fi, Classic, FPS, Immersive Sim, Survival Horror, Cult Classic, Action",True,True,False,6282,7194,417,"200,000 .. 500,000",274,0,115,18,17,0,0,2013,5,350000.0,True,0.0,-0.0977065668676749,-0.3086690071829782,-0.14209042723478343,-0.3453586044247277,-1.0190989186448345,Action,7611,0.9452108789909341
364690,SUPER DISTRO,2015-07-22,False,4.99,False,0,KITATUS STUDIOS,My Way Games,"Action, Adventure, Indie","Single-player, Steam Achievements, Full controller support, Steam Trading Cards, Family Sharing","Indie, Action, Adventure, Platformer, Difficult, 2D",True,False,False,290,423,716,"200,000 .. 500,000",291,331,286,2861,0,0,5,2015,7,350000.0,False,1.7900914121273581,-0.13981146339083594,-0.3035474461708647,-0.14209042723478343,-0.306226868916824,-0.5615191989877737,Action,1139,0.3713784021071115
459820,Crush Crush,2016-10-18,False,0.0,True,0,Sad Panda Studios,Sad Panda Studios,"Casual, Indie, Free To Play","Single-player, Steam Achievements, Steam Trading Cards, In-App Purchases, Stats, Steam Leaderboards, Remote Play on Phone, Remote Play on Tablet","Sexual Content, Nudity, Free to Play, Hentai, Dating Sim, Anime, Mature, Clicker, Cute, Singleplayer",True,True,True,562,24246,2949,"1,000,000 .. 2,000,000",1158,0,282,892,0,4,25,2016,10,1500000.0,True,0.0,-0.13790015967683397,-0.04234783455307811,0.026885041876391583,-0.14969992688520908,-0.33272933915924324,Casual,27195,0.8915609487038059
648390,Marie's Room,2018-04-13,False,0.0,True,0,Kenny Guillaume,Kenny Guillaume,"Adventure, Casual, Indie, Free To Play","Single-player, Steam Achievements","Free to Play, Story Rich, Atmospheric, Indie, Walking Simulator, Exploration, Adventure, Singleplayer, Female Protagonist, Casual",True,False,False,0,6058,405,"200,000 .. 500,000",139,0,50,4,0,1,7,2018,4,350000.0,True,0.0,-0.14184925043885277,-0.3493402269850557,-0.09984655995698968,-0.2905741747136625,0.12485038049781758,Adventure,6463,0.9373356026613028
519860,DUSK,2018-12-10,False,19.99,False,0,David Szymanski,New Blood Interactive,"Action, Indie","Single-player, Multi-player, PvP, Online PvP, LAN PvP, Steam Achievements, Full controller support, Steam Trading Cards, Steam Workshop, Steam Cloud, Family Sharing","Boomer Shooter, FPS, Retro, Shooter, Fast-Paced, Old School, Horror, First-Person, Great Soundtrack, Lovecraftian",True,True,True,21667,22830,639,"1,000,000 .. 2,000,000",350,71,218,36,0,3,30,2018,12,1500000.0,False,3.0440461338325417,0.01040154945556156,-0.28577261677588267,-0.015358825401402173,-0.11056819137730538,0.12485038049781758,Action,23469,0.9727725936341557
1301210,Knockout City™,2021-05-21,False,0.0,False,0,Velan Studios,Velan Studios,"Action, Adventure, Free To Play, Indie, Sports","Multi-player, PvP, Online PvP, Cross-Platform Multiplayer, Steam Achievements, Full controller support, Steam Trading Cards, In-App Purchases","Multiplayer, Sports, Team-Based, Third Person, PvP, Action-Adventure, Action, Co-op, Physics, Competitive",True,False,False,5014,7196,1224,"500,000 .. 1,000,000",360,0,182,0,0,0,50,2021,5,750000.0,True,0.0,-0.10661661506383113,-0.28275993382758063,-0.14209042723478343,0.04595875065430953,0.8112199599834088,Action,8420,0.8546318289786223
461640,Sins Of The Demon RPG,2016-05-13,False,1.99,False,0,Chandler Rounsley,Senpai Industrial Studios,"Action, Adventure, Indie, RPG","Single-player, Steam Achievements, Full controller support, Steam Trading Cards, Captions available, Steam Cloud, Family Sharing","Anime, RPG, RPGMaker, Adventure, Sexual Content, Indie, Nudity, Pixel Graphics, Story Rich, Action",True,False,False,855,824,165,"200,000 .. 500,000",36715,0,189,0,0,0,9,2016,5,350000.0,False,1.095273387402595,-0.13584129207314805,10.669848924724475,-0.14209042723478343,-0.274921480510501,-0.33272933915924324,Action,989,0.833164812942366
449140,Istrolid,2016-05-06,False,0.0,True,0,treeform,treeform,"Free To Play, Indie, Strategy","Single-player, Multi-player, PvP, Online PvP, Co-op, Online Co-op, Cross-Platform Multiplayer","Free to Play, Building, Strategy, Space, Multiplayer, Indie, RTS, Sandbox, Sci-fi, 2D",True,True,True,0,2325,337,"500,000 .. 1,000,000",521,0,63,6,0,2,0,2016,5,750000.0,True,0.0,-0.14184925043885277,-0.23425573835991786,-0.05760269267919593,-0.3453586044247277,-0.33272933915924324,Indie,2662,0.8734034560480841
673130,AMID EVIL,2019-06-20,False,19.99,False,0,Indefatigable,New Blood Interactive,"Action, Adventure, Indie","Single-player, Steam Achievements, Full controller support, Steam Trading Cards, Steam Cloud, Family Sharing","Old School, Boomer Shooter, Arena Shooter, FPS, Sci-fi, Magic, Surreal, Shooter, First-Person, Psychedelic",True,False,False,6544,6709,448,"1,000,000 .. 2,000,000",161,20,125,9,0,4,43,2019,6,1500000.0,False,3.0440461338325417,-0.09586553167257006,-0.3427123244987912,0.026885041876391583,-0.008825679056755686,0.353640240326348,Action,7157,0.9374039401984071
362680,Fran Bow,2015-08-27,False,14.99,False,0,Killmonday Games AB,Killmonday Games AB,"Adventure, Indie","Single-player, Steam Achievements, Steam Trading Cards, Remote Play on Phone, Remote Play on Tablet, Family Sharing","Psychological Horror, Story Rich, Point & Click, Puzzle, Horror, Adventure, Indie, Dark, Singleplayer, Atmospheric",True,True,True,19609,18502,514,"1,000,000 .. 2,000,000",415,0,443,80,13,2,18,2015,8,1500000.0,False,2.771963526845863,-0.004059711733468055,-0.26619017761191943,-0.05760269267919593,-0.2044843565962743,-0.5615191989877737,Adventure,19016,0.9729701304164914
3058630,Assetto Corsa EVO,2025-01-16,False,39.99,False,0,KUNOS Simulazioni,505 Games,"Racing, Simulation, Sports, Early Access","Single-player, VR Supported, Partial Controller Support, Family Sharing","Early Access, Racing, Simulation, Automobile Sim, Sports, Driving, Realistic, VR, Multiplayer, Physics",True,False,False,15122,7712,3306,"200,000 .. 500,000",374,35,235,179,0,0,0,2025,1,350000.0,False,3.7133281345162463,-0.03558919616261085,-0.2785421776999578,-0.14209042723478343,-0.3453586044247277,1.7263793992975305,Racing,11018,0.6999455436558359
1193340,Zelter,2020-10-22,False,9.99,False,50,G1 Playground,SuperGG.com,"Action, Adventure, Indie, Early Access","Single-player, Family Sharing","Zombies, Survival, Voxel, Post-apocalyptic, Building, Open World, Exploration, Simulation, Online Co-Op, Singleplayer",True,False,False,1732,947,992,"200,000 .. 500,000",463,0,64,4,0,1,0,2020,10,350000.0,False,2.39698576841553,-0.12967874296586962,-0.25172929946006967,-0.09984655995698968,-0.3453586044247277,0.5824301001548784,Action,1939,0.4883960804538422
345220,Agent Awesome,2015-02-17,False,0.99,False,0,Chaos Industries,Conglomerate 5,Strategy,"Single-player, Steam Trading Cards, Family Sharing","Strategy, Tactical, Indie, Comedy, Turn-Based Combat, Turn-Based Strategy, Turn-Based Tactics",True,True,False,0,576,349,"200,000 .. 500,000",177,0,207,6,0,0,39,2015,2,350000.0,False,0.688134638736401,-0.14184925043885277,-0.3378920317815079,-0.14209042723478343,-0.040131067463078665,-0.5615191989877737,Strategy,925,0.6227027027027027
1071870,Biped,2020-03-26,False,14.99,False,0,NEXT Studios,"NEXT Studios, META Publishing","Action, Adventure, Casual, Indie, Simulation, Sports, Strategy","Single-player, Multi-player, Co-op, Online Co-op, Shared/Split Screen Co-op, Cross-Platform Multiplayer, Steam Achievements, Full controller support, Steam Trading Cards, Steam Workshop, Steam Workshop, Custom Volume Controls, Mouse Only Option, Playable without Timed Input, Stereo Sound, Steam Cloud, Includes level editor, Remote Play on Phone, Remote Play on TV, Remote Play Together, Family Sharing","Character Customization, Emotional, Co-op, PvE, Action, Multiplayer, Relaxing, Casual, Nature, Funny",True,False,False,8542,7597,1225,"500,000 .. 1,000,000",292,8,188,300,0,0,15,2020,3,750000.0,False,2.771963526845863,-0.08182588159692322,-0.3032461778760345,-0.14209042723478343,-0.22796339790101655,0.5824301001548784,Action,8822,0.8611425980503288
1712840,Tiny Tina's Assault on Dragon Keep: A Wonderlands One-shot Adventure,2021-11-09,False,9.99,False,0,"Gearbox Software, Stray Kite Studios",2K,"Action, Adventure, RPG","Single-player, Multi-player, Co-op, Online Co-op, LAN Co-op, Steam Achievements, Full controller support, Family Sharing","Looter Shooter, Adventure, Fantasy, Action RPG, Co-op Campaign, Online Co-Op, PvE, Multiplayer, Co-op, Story Rich",True,False,False,435,2260,1122,"200,000 .. 500,000",274,0,74,16,0,0,30,2021,11,350000.0,False,2.39698576841553,-0.13879256986682756,-0.3086690071829782,-0.14209042723478343,-0.11056819137730538,0.8112199599834088,Action,3382,0.6682436428149024
2918150,ONE PIECE Bounty Rush,2024-09-23,False,0.0,True,0,SEGA,Bandai Namco Entertainment Inc.,"Action, Free To Play","Single-player, Multi-player, PvP, Online PvP, Co-op, Online Co-op, Steam Achievements, Full controller support, In-App Purchases","Action, Free to Play, Multiplayer, Anime, 3D Fighter, PvP, Online Co-Op, Fighting, Hentai",True,False,False,0,1787,864,"200,000 .. 500,000",1284,313,73,1469,0,0,12,2024,9,350000.0,True,0.0,-0.14184925043885277,-0.0043880294044724485,-0.14209042723478343,-0.25144243920575876,1.497589539469,Action,2651,0.6740852508487363
1281800,Samsara Room,2020-04-29,False,0.0,True,0,Rusty Lake,Rusty Lake,"Adventure, Free To Play, Indie","Single-player, Steam Achievements, Steam Cloud","Indie, Adventure, Puzzle, Free to Play, Point & Click, Escape Room, Singleplayer, Psychological Horror, Short, Atmospheric",True,True,False,0,8956,246,"500,000 .. 1,000,000",109,0,106,48,0,0,8,2020,4,750000.0,True,0.0,-0.14184925043885277,-0.3583782758299618,-0.14209042723478343,-0.2827478276120818,0.5824301001548784,Adventure,9202,0.9732666811562704
385730,WWE 2K16,2016-03-10,False,0.0,False,0,"Visual Concepts, Yuke's Co., LTD",2K,"Simulation, Sports","Single-player, Multi-player, Co-op, Shared/Split Screen, Full controller support, Remote Play on TV, Remote Play Together, Family Sharing","Sports, Fighting, Wrestling, Simulation, Multiplayer, Action, Singleplayer, Character Customization, Memes, Co-op",True,False,False,1700,1808,989,"500,000 .. 1,000,000",2831,0,1036,4,0,0,55,2016,3,750000.0,True,0.0,-0.12990360222634045,0.4616740226978526,-0.14209042723478343,0.08509048616221325,-0.33272933915924324,Simulation,2797,0.646406864497676
94590,Puzzle Agent 2,2011-06-30,False,4.99,False,0,Telltale,Telltale,"Action, Adventure, Casual","Single-player, Steam Achievements, Family Sharing","Adventure, Puzzle, Point & Click, Casual, Detective, Singleplayer, Comedy, Mystery, Action, Surreal",True,True,False,589,937,146,"500,000 .. 1,000,000",164,0,220,0,0,0,52,2011,6,750000.0,False,1.7900914121273581,-0.13771043467581173,-0.3418085196143006,-0.14209042723478343,0.06161144485747102,-1.4766786383018953,Action,1083,0.8651892890120036
916440,Anno 1800,2019-04-16,False,59.99,False,0,Ubisoft Mainz,Ubisoft,"Simulation, Strategy","Single-player, Multi-player, PvP, Online PvP, Co-op, Online Co-op, Steam Achievements, Steam Trading Cards, Captions available","City Builder, Strategy, Simulation, Economy, Multiplayer, Resource Management, Sandbox, RTS, Co-op, Singleplayer",True,False,False,28599,20368,4723,"1,000,000 .. 2,000,000",1805,181,480,2784,0,35,112,2019,4,1500000.0,False,4.110709916308365,0.059111686755052954,0.15257275220206368,1.3364449274879981,0.5311922709523157,0.353640240326348,Simulation,25091,0.8117651747638596
1102130,Florence,2020-02-13,False,1.49,False,75,Mountains,Annapurna Interactive,"Adventure, Casual, Indie","Single-player, Steam Achievements, Full controller support, Steam Trading Cards, Steam Cloud, Family Sharing","Indie, Casual, Adventure, Romance, Story Rich, Cute, Female Protagonist, Singleplayer, Drama, Music",True,True,False,14257,13301,936,"200,000 .. 500,000",74,0,63,10,0,1,12,2020,2,350000.0,False,0.9122827104766162,-0.04166742304721271,-0.3689226661490189,-0.09984655995698968,-0.25144243920575876,0.5824301001548784,Adventure,14237,0.9342558123200112
1929610,Demonologist,2023-09-25,False,19.99,False,0,Clock Wizard Games,Clock Wizard Games,"Action, Adventure, Indie","Single-player, Multi-player, Co-op, Online Co-op, Steam Achievements, Steam Cloud, Family Sharing","Horror, Multiplayer, Online Co-Op, Psychological Horror, Co-op, Investigation, First-Person, Dark, Demons, Surreal",True,False,False,18402,18742,3006,"1,000,000 .. 2,000,000",765,877,421,266,0,0,21,2023,9,1500000.0,False,3.0440461338325417,-0.012541121964351799,-0.16074627442134815,-0.14209042723478343,-0.18100531529153208,1.2687996796404697,Action,21748,0.8617803935994114
946050,Soda Dungeon 2,2020-07-09,False,0.0,True,0,"AN Productions, Poxpower",Armor Games Studios,"Casual, Indie, RPG, Free To Play","Single-player, Steam Achievements, In-App Purchases, Color Alternatives, Custom Volume Controls, Mouse Only Option, Playable without Timed Input, Save Anytime, Touch Only Option, Steam Cloud, Remote Play on Phone, Remote Play on Tablet","Free to Play, Idler, RPG, Pixel Graphics, Dungeon Crawler, Casual, Indie, 2D, Turn-Based, Strategy RPG",True,True,False,0,5114,305,"500,000 .. 1,000,000",2179,0,692,249,0,1,32,2020,7,750000.0,True,0.0,-0.14184925043885277,0.2652470944685598,-0.09984655995698968,-0.09491549717414388,0.5824301001548784,Casual,5419,0.9437165528695332
231430,Company of Heroes 2,2013-06-25,False,4.99,False,75,"Relic Entertainment, Feral Interactive (Mac), Feral Interactive (Linux)","Relic Entertainment, Feral Interactive (Mac), Feral Interactive (Linux)",Strategy,"Single-player, Multi-player, PvP, Online PvP, Co-op, Online Co-op, Steam Achievements, Steam Trading Cards, Steam Workshop, Steam Cloud, Stats, Family Sharing","Strategy, World War II, RTS, Multiplayer, Tactical, War, Historical, Military, Singleplayer, Co-op",True,True,True,68233,86713,23112,"5,000,000 .. 10,000,000",2205,438,273,2330,17,5,452,2013,6,7500000.0,False,1.7900914121273581,0.337613934551943,0.27308007013414515,0.06912890915418535,3.192150285489769,-1.0190989186448345,Strategy,109825,0.7895561119963579
1526490,Fear Surrounds,2021-10-19,False,0.0,True,0,SaltyEgg Studio,Yooreka Studio,"Casual, Indie, RPG, Free To Play","Multi-player, PvP, Online PvP, Co-op, Online Co-op, In-App Purchases","Multiplayer, Horror, Online Co-Op, Social Deduction, Survival, Funny, Casual, Co-op, RPG, Mystery",True,False,False,8940,9267,1489,"200,000 .. 500,000",6033,0,897,222,0,0,0,2021,10,350000.0,True,0.0,-0.07902919454481741,1.4263351027441646,-0.14209042723478343,-0.3453586044247277,0.8112199599834088,Casual,10756,0.8615656377835627
356190,Middle-earth™: Shadow of War™,2017-10-09,False,49.99,False,0,Monolith Productions,WB Games,"Action, Adventure, RPG","Single-player, Steam Achievements, Full controller support, Steam Trading Cards, In-App Purchases, Steam Cloud, Family Sharing","Open World, Action, RPG, Singleplayer, Fantasy, Adventure, Third Person, Violent, Stealth, Gore",True,False,False,85731,95053,12165,"2,000,000 .. 5,000,000",2116,176,1241,1405,17,8,72,2017,10,3500000.0,False,3.9316295350670645,0.46056978891814326,0.246267191894257,0.19586051098756663,0.2181383868890859,-0.10393947933071283,Action,107218,0.8865395735790632
839200,SpedV,2018-12-26,False,0.0,True,0,Freie Programme Hohenstein,Freie Programme Hohenstein,Simulation,"Multi-player, Co-op, Online Co-op, Steam Achievements","Simulation, Free to Play",True,False,False,0,720,205,"500,000 .. 1,000,000",0,0,0,51,0,0,40,2018,12,750000.0,True,0.0,-0.14184925043885277,-0.39121651996645396,-0.14209042723478343,-0.032304720361497924,0.12485038049781758,Simulation,925,0.7783783783783784
785260,Team Sonic Racing™,2019-05-21,False,39.99,False,0,Sumo Digital,SEGA,Racing,"Single-player, Multi-player, PvP, Online PvP, Shared/Split Screen PvP, Shared/Split Screen, Steam Achievements, Full controller support, Steam Trading Cards, Steam Cloud, Remote Play Together, Family Sharing","Racing, Multiplayer, Great Soundtrack, Team-Based, Co-op, Fast-Paced, Local Multiplayer, Local Co-Op, Arcade, Singleplayer",True,False,False,2727,2465,882,"200,000 .. 500,000",614,0,427,25,0,0,51,2019,5,350000.0,False,3.7133281345162463,-0.12268702533560506,-0.2062377869407089,-0.14209042723478343,0.05378509775589027,0.353640240326348,Racing,3347,0.7364804302360323
385760,NBA 2K17,2016-09-20,False,0.0,False,0,Visual Concepts,2K,Sports,"Single-player, Multi-player, Shared/Split Screen, Steam Achievements, Full controller support, Steam Cloud, Remote Play on TV, Remote Play Together, Family Sharing","Basketball, Sports, Multiplayer, Simulation, Singleplayer, Realistic, Action, Character Customization, Family Friendly, Great Soundtrack",True,False,False,5980,4724,4074,"500,000 .. 1,000,000",10169,0,3186,54,0,0,49,2016,9,750000.0,True,0.0,-0.09982867613836825,2.6723807701618876,-0.14209042723478343,0.03813240355272878,-0.33272933915924324,Sports,8798,0.5369402136849284
345260,Medieval: Total War™ - Collection,2015-06-25,False,1.99,False,80,CREATIVE ASSEMBLY,SEGA,"Action, Strategy","Single-player, Multi-player, Family Sharing","Strategy, Action, Medieval, Historical, Turn-Based Strategy, RTS, Classic, Grand Strategy, Turn-Based, Singleplayer",True,False,False,2173,1574,648,"200,000 .. 500,000",234,26,336,117,0,0,0,2015,6,350000.0,False,1.095273387402595,-0.12657990128250612,-0.32071973897618633,-0.14209042723478343,-0.3453586044247277,-0.5615191989877737,Action,2222,0.7083708370837084
391070,Stellar 2D,2015-07-30,False,1.99,False,0,quad games,Back To Basics Gaming,"Action, Casual, Indie","Single-player, Steam Trading Cards, Partial Controller Support, Family Sharing","Indie, Casual, Action, 2D, Shoot 'Em Up, Space",True,False,False,742,393,575,"500,000 .. 1,000,000",203,0,210,0,0,0,0,2015,7,750000.0,False,1.095273387402595,-0.13663532633668563,-0.3300590561159226,-0.14209042723478343,-0.3453586044247277,-0.5615191989877737,Action,968,0.4059917355371901
324800,Shadow Warrior 2,2016-10-13,False,29.99,False,0,Flying Wild Hog,Devolver Digital,"Action, Adventure","Single-player, Multi-player, Co-op, Online Co-op, Steam Achievements, Full controller support, Steam Trading Cards, Steam Cloud, Remote Play on TV, Family Sharing","Action, Gore, Looter Shooter, FPS, Co-op, Multiplayer, Ninja, Hack and Slash, Shooter, Swordplay",True,False,False,23934,23758,3472,"1,000,000 .. 2,000,000",559,0,241,61,17,4,64,2016,10,1500000.0,False,3.433664571799657,0.026331422689541216,-0.2228075431563701,0.026885041876391583,0.15552761007643995,-0.33272933915924324,Action,27230,0.8724935732647815
35450,Red Orchestra 2: Heroes of Stalingrad with Rising Storm,2011-09-13,False,19.99,False,0,Tripwire Interactive,Tripwire Interactive,"Action, Massively Multiplayer, Simulation","Multi-player, PvP, Online PvP, Steam Achievements, Steam Trading Cards, Steam Workshop, Valve Anti-Cheat enabled, Stats, Includes level editor, Family Sharing","World War II, Realistic, Multiplayer, FPS, Wargame, Team-Based, First-Person, Historical, War, Immersive Sim",True,False,False,24821,34765,2863,"2,000,000 .. 5,000,000",1966,0,281,92,17,0,140,2011,9,3500000.0,False,3.0440461338325417,0.03256424031571676,0.20107694766972645,-0.14209042723478343,0.7503299897965766,-1.4766786383018953,Action,37628,0.9239130434782609
39510,Gothic II: Gold Edition,2005-11-29,False,19.99,False,0,Piranha Bytes,THQ Nordic,"Action, RPG","Single-player, Family Sharing","RPG, Classic, Open World, Atmospheric, Singleplayer, Gothic, Fantasy, Story Rich, Dark Fantasy, Action",True,False,False,12009,14520,987,"500,000 .. 1,000,000",2065,27,179,404,0,0,0,2005,11,750000.0,False,3.0440461338325417,-0.057463786095287815,0.23090250885791663,-0.14209042723478343,-0.3453586044247277,-2.8494177972730776,Action,15507,0.9363513252079706
233130,Shadow Warrior,2013-09-26,False,29.99,False,0,Flying Wild Hog,Devolver Digital,"Action, Adventure","Single-player, Steam Achievements, Full controller support, Steam Trading Cards, Captions available, Steam Cloud, Remote Play on TV, Family Sharing","Action, FPS, Swordplay, Gore, Comedy, First-Person, Hack and Slash, Singleplayer, Shooter, Adventure",True,True,True,15820,24071,2080,"2,000,000 .. 5,000,000",1521,0,223,20,0,1,92,2013,9,3500000.0,False,3.433664571799657,-0.030684453543591093,0.06701255647028583,-0.09984655995698968,0.3746653289207008,-1.0190989186448345,Action,26151,0.9204619326220794
40950,Stronghold HD (2012),2013-10-21,False,1.79,False,70,Firefly Studios,Firefly Studios,"Simulation, Strategy","Single-player, Multi-player, PvP, Online PvP, Steam Trading Cards, Steam Cloud, Includes level editor, Family Sharing","Real Time Tactics, City Builder, Colony Sim, Building, Sandbox, Medieval, Economy, Tower Defense, Base-Building, RTS",True,False,False,8506,9459,438,"200,000 .. 500,000",736,0,282,106,0,1,0,2013,10,350000.0,False,1.0260415958332743,-0.0820788482649529,-0.16948305497142407,-0.09984655995698968,-0.3453586044247277,-1.0190989186448345,Simulation,9897,0.955744164898454
1660080,Aloft,2025-01-15,False,24.99,False,0,Astrolabe Interactive Inc.,Funcom,"Adventure, Casual, Indie, Simulation, Early Access","Single-player, Multi-player, Co-op, Online Co-op, Steam Achievements, Full controller support, Steam Workshop, Steam Cloud, Family Sharing","Early Access, Survival, Crafting, Co-op, Adventure, Casual, Building, Atmospheric, Colorful, Farming",True,False,False,2842,2013,383,"500,000 .. 1,000,000",1669,0,605,329,0,1,19,2025,1,750000.0,False,3.2577118486533987,-0.12187893736828805,0.11160026410515597,-0.09984655995698968,-0.19665800949469356,1.7263793992975305,Adventure,2396,0.8401502504173622
289520,King's Bounty: Dark Side,2014-08-19,False,12.99,False,0,Fulqrum Publishing,Fulqrum Publishing,"RPG, Strategy","Single-player, Steam Achievements, Steam Cloud, Steam Leaderboards, Family Sharing","RPG, Strategy, Turn-Based Strategy, Hex Grid, Turn-Based, Adventure, Fantasy, Villain Protagonist, Singleplayer, Female Protagonist",True,True,False,1372,1294,467,"200,000 .. 500,000",2192,0,1878,107,0,1,37,2014,8,350000.0,False,2.63834278867739,-0.13220840964616634,0.2691635823013525,-0.09984655995698968,-0.055783761666240154,-0.7903090588163041,RPG,1761,0.7348097671777399
921390,武林志（Wushu Chronicles）,2019-04-09,False,3.89,False,70,JiangHu Studio,Snail Games,"Adventure, Casual, Indie, RPG, Simulation","Single-player, Family Sharing","RPG, Indie, Martial Arts, Adventure, Casual, Turn-Based Combat, Simulation, Turn-Based",True,False,False,2128,1563,873,"200,000 .. 500,000",330,0,121,2,0,1,0,2019,4,350000.0,False,1.5871923034867808,-0.12689610961754322,-0.29179798267248674,-0.09984655995698968,-0.3453586044247277,0.353640240326348,Adventure,2436,0.6416256157635468
1285670,Post Void,2020-08-06,False,2.99,False,0,YCJY Games,YCJY Games,"Action, Indie","Single-player, Steam Achievements, Full controller support, Steam Leaderboards, Family Sharing","FPS, Psychedelic, Fast-Paced, Action Roguelike, Difficult, Shooter, First-Person, Singleplayer, Surreal, Action",True,False,False,10518,10588,307,"1,000,000 .. 2,000,000",82,17,54,8,0,0,7,2020,8,1500000.0,False,1.3837912309017721,-0.06794082226285009,-0.36651251979037724,-0.14209042723478343,-0.2905741747136625,0.5824301001548784,Action,10895,0.9718219366681964
334040,Down To One,2016-01-07,False,4.99,False,0,Gadget Games,My Way Games,Action,"Single-player, Multi-player, PvP, Online PvP, LAN PvP, Steam Trading Cards, Stats, Family Sharing","Action, Survival, Open World, Multiplayer, Battle Royale, FPS, Shooter, Co-op, PvP, Early Access",True,False,False,1610,850,1291,"200,000 .. 500,000",139,0,126,7,0,0,0,2016,1,350000.0,False,1.7900914121273581,-0.1305360188964146,-0.3493402269850557,-0.14209042723478343,-0.3453586044247277,-0.33272933915924324,Action,2141,0.39701074264362446
318430,Squishy the Suicidal Pig,2014-10-23,False,5.99,False,0,"Tomi Maarela, Elias Viglione",Panic Art Studios,"Adventure, Indie","Single-player, Steam Achievements, Full controller support, Steam Trading Cards, Family Sharing","Indie, Platformer, Puzzle, Puzzle-Platformer, Adventure, Pixel Graphics, Difficult, 2D, Funny, Gore",True,True,False,2651,2815,555,"200,000 .. 500,000",96,0,57,0,0,0,11,2014,10,350000.0,False,1.944480556245719,-0.12322106607922326,-0.3622947636627544,-0.14209042723478343,-0.2592687863073395,-0.7903090588163041,Adventure,3370,0.8353115727002968
1092730,Hello Neighbor Alpha 3,2019-10-17,False,0.0,True,0,Dynamic Pixels,tinyBuild,"Adventure, Indie, Strategy",Single-player,"Adventure, Horror, Free to Play, Strategy, Indie, Stealth, First-Person, Singleplayer, Puzzle, Survival Horror",True,False,False,0,1165,359,"200,000 .. 500,000",74,0,82,12,0,0,0,2019,10,350000.0,True,0.0,-0.14184925043885277,-0.3689226661490189,-0.14209042723478343,-0.3453586044247277,0.353640240326348,Adventure,1524,0.7644356955380578
931690,Himno,2019-04-26,False,0.0,True,0,David Moralejo Sánchez,"GrabTheGames, UpgradePoint","Adventure, Casual, Indie, Free To Play","Single-player, Steam Achievements, Partial Controller Support, Stats","Free to Play, Pixel Graphics, 2D, Platformer, Singleplayer, Adventure, Multiplayer, Procedural Generation, 2D Platformer, Action",True,True,True,0,5272,503,"1,000,000 .. 2,000,000",41,0,27,1,0,1,11,2019,4,1500000.0,True,0.0,-0.14184925043885277,-0.37886451987841563,-0.09984655995698968,-0.2592687863073395,0.353640240326348,Adventure,5775,0.9129004329004329
503820,A Detective's Novel,2016-07-28,False,1.99,False,0,Amaterasu Software,Amaterasu Software,"Adventure, Indie","Single-player, Steam Trading Cards, Family Sharing","Indie, Adventure, Visual Novel, Detective, Mystery",True,False,False,0,599,283,"500,000 .. 1,000,000",268,0,275,0,0,0,0,2016,7,750000.0,False,1.095273387402595,-0.14184925043885277,-0.3104766169519594,-0.14209042723478343,-0.3453586044247277,-0.33272933915924324,Adventure,882,0.6791383219954649
6810,Commandos: Beyond the Call of Duty,2007-03-15,False,4.99,False,0,Pyro Studios,Kalypso Media Digital,Action,"Single-player, Multi-player, Co-op, Family Sharing","Action, Strategy, Tactical, World War II, Stealth, RTS, Military, Classic, Real Time Tactics, Difficult",True,False,False,952,909,117,"200,000 .. 500,000",196,0,5,25,0,0,0,2007,3,350000.0,False,1.7900914121273581,-0.13515968743984585,-0.33216793417973406,-0.14209042723478343,-0.3453586044247277,-2.391838077616017,Action,1026,0.8859649122807017
1239320,Animal Shelter,2022-03-23,False,19.99,False,0,Games Incubator,"Games Incubator, PlayWay S.A.","Adventure, Casual, Indie, Simulation","Single-player, Steam Achievements, Steam Trading Cards, Family Sharing","Dog, Life Sim, Cats, Education, Casual, Singleplayer, Simulation, Adventure, Family Friendly, Realistic",True,False,False,3497,3058,437,"200,000 .. 500,000",345,0,200,45,0,4,125,2022,3,350000.0,False,3.0440461338325417,-0.11727634938052595,-0.2872789582500337,0.026885041876391583,0.6329347832728655,1.0400098198119392,Adventure,3495,0.874964234620887
404590,Vikings - Wolves of Midgard,2017-03-24,False,29.99,False,0,Games Farm,Kalypso Media Digital,"Action, RPG","Single-player, Multi-player, Co-op, Online Co-op, Shared/Split Screen, Steam Achievements, Full controller support, Steam Trading Cards, Steam Cloud, Remote Play Together, Family Sharing","RPG, Hack and Slash, Action, Mythology, Action RPG, Vikings, Isometric, Co-op, Multiplayer, Gore",True,True,True,2799,2630,1785,"200,000 .. 500,000",888,0,454,3,18,1,39,2017,3,350000.0,False,3.433664571799657,-0.12218109199954572,-0.1236902741572331,-0.09984655995698968,-0.040131067463078665,-0.10393947933071283,Action,4415,0.5956964892412231
958400,Project CARS 3,2020-08-27,False,0.0,False,0,Slightly Mad Studios,BANDAI NAMCO Entertainment,Racing,"Single-player, Multi-player, PvP, Online PvP, Steam Achievements, Full controller support, VR Supported, Steam Trading Cards, Steam Cloud, Family Sharing","Racing, Arcade, Action, Sports, Automobile Sim, First-Person, Simulation, Third Person, 3D Vision, Realistic",True,False,False,2017,1887,1582,"200,000 .. 500,000",545,0,646,26,0,0,61,2020,8,350000.0,True,0.0,-0.1276760901773014,-0.22702529928399295,-0.14209042723478343,0.1320485687716977,0.5824301001548784,Racing,3469,0.5439607956183338
388750,BlazBlue: Chronophantasma Extend,2016-03-02,False,29.99,False,0,Arc System Works,"H2 Interactive Co., Ltd.",Action,"Single-player, Multi-player, PvP, Online PvP, Shared/Split Screen PvP, Shared/Split Screen, Steam Achievements, Full controller support, Steam Trading Cards, Steam Cloud, Remote Play Together, Family Sharing","Anime, Fighting, 2D Fighter, Action, Great Soundtrack, Story Rich, Visual Novel, Arcade, 2D, Multiplayer",True,False,False,2375,2577,259,"200,000 .. 500,000",274,0,202,6,0,0,51,2016,3,350000.0,False,3.433664571799657,-0.12516047720078408,-0.3086690071829782,-0.14209042723478343,0.05378509775589027,-0.33272933915924324,Action,2836,0.9086741889985895
388210,Day of the Tentacle Remastered,2016-03-21,False,14.99,False,0,"Double Fine Productions, Shiny Shoe",Double Fine Productions,Adventure,"Single-player, Steam Achievements, Full controller support, Steam Trading Cards, Steam Cloud, Commentary available, Remote Play on Phone, Remote Play on Tablet, Remote Play on TV, Family Sharing","Point & Click, Adventure, Classic, Comedy, Time Travel, 1990's, Cartoony, Puzzle, Singleplayer, Funny",True,True,True,3458,4302,135,"500,000 .. 1,000,000",219,0,169,16,0,0,58,2016,3,750000.0,False,2.771963526845863,-0.11755039660422477,-0.3252387633986394,-0.14209042723478343,0.10856952746695549,-0.33272933915924324,Adventure,4437,0.9695740365111561
1325400,VEGAS Pro 18 Edit Steam Edition,2020-09-03,False,149.99,False,0,MAGIX Software GmbH,MAGIX Software GmbH,"Audio Production, Video Production",Unknown,"Video Production, Audio Production, Singleplayer",True,False,False,1618,478,1859,"200,000 .. 500,000",0,0,0,23,0,0,0,2020,9,350000.0,False,5.017213609456379,-0.13047980408129692,-0.39121651996645396,-0.14209042723478343,-0.3453586044247277,0.5824301001548784,Other,2337,0.20453572956782198
994280,Gujian3(古剑奇谭三),2018-12-14,False,29.99,False,0,"上海烛龙信息科技有限公司, Aurogon Shanghai",北京网元圣唐娱乐科技有限公司,RPG,"Single-player, Steam Achievements, Partial Controller Support, Remote Play on Tablet, Family Sharing","RPG, Story Rich, Martial Arts, Action RPG, Singleplayer, Open World, Action, Fantasy, Third Person, Drama",True,False,False,40653,41193,6652,"1,000,000 .. 2,000,000",1187,0,420,103,0,1,105,2018,12,1500000.0,False,3.433664571799657,0.14381335943365497,-0.033611054003002204,-0.09984655995698968,0.4764078412412505,0.12485038049781758,RPG,47845,0.8609677082244749
794600,LET IT DIE,2018-09-26,False,0.0,True,0,"GRASSHOPPER MANUFACTURE INC., SUPERTRICK GAMES, Inc.","GungHo Online Entertainment America, Inc.","Action, Free To Play","Single-player, Steam Achievements, Captions available, In-App Purchases, Partial Controller Support","Free to Play, Action, Souls-like, Sexual Content, Gore, Nudity, Multiplayer, Rogue-like, Singleplayer, Violent",True,False,False,0,4404,1487,"1,000,000 .. 2,000,000",574,0,88,117,17,0,14,2018,9,1500000.0,True,0.0,-0.14184925043885277,-0.21828851873391705,-0.14209042723478343,-0.23578974500259728,0.12485038049781758,Action,5891,0.7475810558479036
215830,Closers,2018-02-06,False,0.0,True,0,Naddic Games,Naddic Games,"Action, Massively Multiplayer, RPG, Free To Play","Single-player, Multi-player, MMO, PvP, Online PvP, Co-op, Online Co-op, Steam Trading Cards, In-App Purchases, Partial Controller Support","Anime, Free to Play, Massively Multiplayer, RPG, Action, Hack and Slash, MMORPG, Multiplayer, Character Customization, JRPG",True,False,False,222,3297,1214,"500,000 .. 1,000,000",523,0,98,17,0,3,0,2018,2,750000.0,True,0.0,-0.14028928931933643,-0.23365320177025745,-0.015358825401402173,-0.3453586044247277,0.12485038049781758,Action,4511,0.7308800709377078
400250,Heaven Island - VR MMO,2015-12-23,False,0.55,False,44,"Fabio Ferrara, Giulia Airoldi",Chubby Pixel,"Adventure, Indie, Massively Multiplayer","Single-player, Multi-player, MMO, Steam Achievements, Full controller support, Steam Trading Cards, VR Support, Family Sharing","Walking Simulator, Adventure, Indie, Massively Multiplayer, VR, Exploration, Open World, Multiplayer, Relaxing, Casual",True,True,True,375,1487,883,"1,000,000 .. 2,000,000",355,0,369,2,0,2,12,2015,12,1500000.0,False,0.4382549309311553,-0.13921418098021032,-0.28426627530173165,-0.05760269267919593,-0.25144243920575876,-0.5615191989877737,Adventure,2370,0.6274261603375527
1332010,Stray,2022-07-19,False,17.99,False,40,BlueTwelve Studio,Annapurna Interactive,"Adventure, Indie","Single-player, Steam Achievements, Full controller support, Steam Trading Cards, Steam Cloud, Remote Play on TV, Family Sharing","Cats, Adventure, Atmospheric, Cyberpunk, Singleplayer, Cute, Exploration, Robots, Beautiful, Puzzle",True,True,False,150969,152312,4295,"5,000,000 .. 10,000,000",385,88,330,498,0,1,24,2022,7,7500000.0,False,2.9439125248241944,0.9189875524992482,-0.27522822645682554,-0.09984655995698968,-0.15752627398678984,1.0400098198119392,Adventure,156607,0.9725746614136022
292370,DarkEnd,2014-10-17,False,1.99,False,0,Kodots Games,Kodots Games,"Indie, RPG","Single-player, Steam Achievements, Steam Trading Cards, Partial Controller Support, Family Sharing","RPGMaker, RPG, Indie, Dungeon Crawler",True,False,False,0,185,171,"200,000 .. 500,000",249,0,270,0,0,0,26,2014,10,350000.0,False,1.095273387402595,-0.14184925043885277,-0.3162007145537333,-0.14209042723478343,-0.14187357978362836,-0.7903090588163041,Indie,356,0.5196629213483146
1307550,Craftopia,2020-09-04,False,24.99,False,0,Pocketpair,Pocketpair,"Action, Adventure, Indie, RPG, Early Access","Single-player, Multi-player, Co-op, Online Co-op, LAN Co-op, Steam Achievements, Steam Workshop, Partial Controller Support, Remote Play on Tablet, Family Sharing","Open World, Crafting, Survival, Multiplayer, Open World Survival Craft, Sandbox, RPG, Building, Online Co-Op, Adventure",True,False,False,18166,15406,4977,"1,000,000 .. 2,000,000",695,0,394,119,0,1,50,2020,9,1500000.0,False,3.2577118486533987,-0.014199459010324097,-0.1818350550594624,-0.09984655995698968,0.04595875065430953,0.5824301001548784,Action,20383,0.7558259333758525
227100,Sniper Elite: Nazi Zombie Army,2013-02-28,False,14.99,False,0,Rebellion,Rebellion,Action,"Single-player, Multi-player, Co-op, Steam Achievements, Steam Trading Cards, Partial Controller Support, Steam Cloud, Valve Anti-Cheat enabled, Steam Leaderboards, Family Sharing","Zombies, Action, Co-op, Sniper, World War II, Third-Person Shooter, Multiplayer, Gore, Shooter, Horror",True,False,False,3538,4065,536,"200,000 .. 500,000",391,0,321,6,0,0,26,2013,2,350000.0,False,2.771963526845863,-0.11698824845304771,-0.27342061668784434,-0.14209042723478343,-0.14187357978362836,-1.0190989186448345,Action,4601,0.883503586176918
9480,Saints Row 2,2009-01-07,False,9.99,False,0,Volition,Deep Silver,Action,"Single-player, Partial Controller Support, Steam Cloud, Family Sharing","Open World, Action, Character Customization, Sandbox, Third-Person Shooter, Comedy, Co-op, Crime, Third Person, Singleplayer",True,False,True,12496,15420,5046,"2,000,000 .. 5,000,000",590,66,93,95,17,0,0,2009,1,3500000.0,False,2.39698576841553,-0.05404170922499753,-0.2134682260166338,-0.14209042723478343,-0.3453586044247277,-1.934258357958956,Action,20466,0.7534447376136031
1218740,Rakion Chaos Force,2020-03-24,False,0.0,True,0,"Neosonyx Co., Ltd.","Neosonyx Co., Ltd.","Action, Adventure, Indie, Massively Multiplayer, RPG, Sports, Strategy, Free To Play","Single-player, Multi-player, MMO, PvP, Online PvP, Co-op, Online Co-op, In-App Purchases, Custom Volume Controls, Adjustable Difficulty, Save Anytime, Subtitle Options","Action, RPG, Free to Play, Strategy, PvP, Multiplayer, Real-Time, Medieval, MMORPG",True,False,False,0,2163,1323,"500,000 .. 1,000,000",377,0,162,90,0,0,0,2020,3,750000.0,True,0.0,-0.14184925043885277,-0.27763837281546716,-0.14209042723478343,-0.3453586044247277,0.5824301001548784,Action,3486,0.6204819277108434
1235140,Yakuza: Like a Dragon,2020-11-10,False,19.99,False,0,Ryu Ga Gotoku Studio,SEGA,"Action, Adventure, RPG","Single-player, Steam Achievements, Full controller support, Steam Trading Cards, Family Sharing","RPG, Adventure, Action, Turn-Based Combat, JRPG, Story Rich, Turn-Based, Open World, Singleplayer, Funny",True,False,False,27140,31409,1853,"500,000 .. 1,000,000",2549,0,2031,470,18,6,63,2020,11,750000.0,False,3.0440461338325417,0.0488595098479615,0.3767163635557352,0.1113727764319791,0.14770126297485922,0.5824301001548784,Action,33262,0.9442907822740665
1241100,POLYGON,2020-03-06,False,0.0,True,0,Redaster Studio,Redaster Studio,"Action, Indie, Massively Multiplayer, Free To Play, Early Access","Multi-player, MMO, PvP, Online PvP, Co-op, Online Co-op, Steam Achievements, In-App Purchases, Custom Volume Controls, Adjustable Difficulty, Mouse Only Option, Save Anytime, Stereo Sound","Free to Play, FPS, Multiplayer, Shooter, Military, First-Person, Action, Tactical, War, Team-Based",True,False,False,0,26313,8756,"1,000,000 .. 2,000,000",193,73,63,119,0,0,1,2020,3,1500000.0,True,0.0,-0.14184925043885277,-0.33307173906422466,-0.14209042723478343,-0.33753225732314696,0.5824301001548784,Action,35069,0.7503207961447432
1789480,Marauders,2022-10-03,False,29.99,False,0,Small Impact Games,Unknown,"Action, Early Access","Multi-player, PvP, Online PvP, Co-op, Online Co-op","Early Access, Extraction Shooter, Looter Shooter, PvP, Perma Death, FPS, Shooter, First-Person, Open World, Alternate History",True,False,False,13412,14768,5911,"1,000,000 .. 2,000,000",2559,0,662,17,0,0,0,2022,10,1500000.0,False,3.433664571799657,-0.0476051128940203,0.3797290465040372,-0.14209042723478343,-0.3453586044247277,1.0400098198119392,Action,20679,0.7141544562116157
8880,Freedom Force,2009-05-29,False,4.99,False,0,Irrational Games,2K,"RPG, Strategy","Single-player, Multi-player, Family Sharing","RPG, Strategy, Superhero, Real-Time with Pause, Singleplayer, Comic Book, Classic, Tactical, Multiplayer",True,False,False,437,292,230,"200,000 .. 500,000",36,0,40,1,0,0,0,2009,5,350000.0,False,1.7900914121273581,-0.13877851616304812,-0.38037086135256665,-0.14209042723478343,-0.3453586044247277,-1.934258357958956,RPG,522,0.5593869731800766
680360,Regions Of Ruin,2018-02-05,False,2.39,False,80,Gameclaw Studio,Raw Fury,"Action, Adventure, Indie, RPG","Single-player, Steam Achievements, Steam Trading Cards, Partial Controller Support, Steam Cloud, Family Sharing","RPG, Adventure, Indie, Hack and Slash, Pixel Graphics, 2D, Side Scroller, Action RPG, Fantasy, Dungeon Crawler",True,True,True,1953,3919,601,"200,000 .. 500,000",230,0,58,8,0,2,20,2018,2,350000.0,False,1.220829921392359,-0.12812580869824303,-0.3219248121555071,-0.05760269267919593,-0.18883166239311283,0.12485038049781758,Action,4520,0.8670353982300885
2200780,My Dream Setup,2023-02-20,False,5.99,False,0,Campfire Studio,Campfire Studio,"Casual, Indie, Simulation","Single-player, Steam Achievements, Steam Trading Cards, Steam Workshop, Family Sharing","Design & Illustration, Relaxing, Building, Simulation, Sandbox, Casual, Indie, Immersive Sim, Cute, Cozy",True,True,False,6261,4581,496,"200,000 .. 500,000",146,6,70,110,0,6,16,2023,2,350000.0,False,1.944480556245719,-0.09785413075735887,-0.34723134892124424,0.1113727764319791,-0.2201370507994358,1.2687996796404697,Casual,5077,0.9023045105377191
612570,Fort Triumph,2020-04-16,False,19.99,False,0,CookieByte Entertainment,CookieByte Entertainment,"Indie, Strategy","Single-player, Multi-player, Co-op, Shared/Split Screen Co-op, Shared/Split Screen, Steam Achievements, Full controller support, Steam Trading Cards, Steam Cloud, Remote Play Together, Family Sharing","3D, Tactical RPG, Turn-Based Tactics, Co-op, Local Multiplayer, Turn-Based, Party-Based RPG, Turn-Based Strategy, RPG, Strategy",True,True,True,710,773,206,"200,000 .. 500,000",528,0,156,3,0,0,27,2020,4,350000.0,False,3.0440461338325417,-0.13686018559715643,-0.23214686029610643,-0.14209042723478343,-0.1340472326820476,0.5824301001548784,Indie,979,0.7895812053115424
238320,Outlast,2013-09-04,False,14.99,False,0,Red Barrels,Red Barrels,"Action, Adventure, Indie","Single-player, Steam Achievements, Full controller support, Steam Trading Cards, Captions available, Steam Cloud, Remote Play on TV, Family Sharing","Horror, First-Person, Survival Horror, Atmospheric, Psychological Horror, Gore, Singleplayer, Survival, Dark, Adventure",True,True,True,100633,121220,4458,"2,000,000 .. 5,000,000",463,27,158,215,0,1,14,2013,9,3500000.0,False,2.771963526845863,0.5652839357786482,-0.25172929946006967,-0.09984655995698968,-0.23578974500259728,-1.0190989186448345,Action,125678,0.9645283979694139
396160,Secret Of Magia,2015-08-21,False,1.99,False,0,Unknown,Senpai Industrial Studios,"Action, Adventure, Indie, RPG","Single-player, Steam Achievements, Full controller support, Steam Trading Cards, Captions available, Steam Cloud, Family Sharing","RPGMaker, Anime, RPG, Indie, Adventure, Action, 2D, Pixel Graphics, Singleplayer, Fantasy",True,False,False,867,463,445,"500,000 .. 1,000,000",237,0,247,1,0,0,5,2015,8,750000.0,False,1.095273387402595,-0.13575696985047148,-0.3198159340916957,-0.14209042723478343,-0.306226868916824,-0.5615191989877737,Action,908,0.5099118942731278
784150,Workers & Resources: Soviet Republic,2024-06-20,False,9.99,False,75,3Division,Hooded Horse,"Simulation, Strategy","Single-player, Steam Achievements, Steam Trading Cards, Steam Workshop, Adjustable Text Size, Camera Comfort, Custom Volume Controls, Adjustable Difficulty, Save Anytime, Partial Controller Support, Steam Cloud, Includes level editor, Family Sharing","Strategy, Simulation, City Builder, Base-Building, Management, Building, Sandbox, Grand Strategy, Survival, Open World",True,False,False,23497,20192,1983,"500,000 .. 1,000,000",935,0,251,2590,0,5,17,2024,6,750000.0,False,2.39698576841553,0.02326068841373658,-0.10953066430021353,0.06912890915418535,-0.21231070369785507,1.497589539469,Simulation,22175,0.910574971815107
493200,RiME,2017-05-26,False,29.99,False,0,"Tequila Works, QLOC","Grey Box, Six Foot",Adventure,"Single-player, Steam Achievements, Full controller support, Steam Cloud, Family Sharing","Adventure, Puzzle, Exploration, Atmospheric, Great Soundtrack, Singleplayer, Colorful, Fantasy, Indie, Relaxing",True,False,False,3223,4585,494,"200,000 .. 500,000",216,0,155,1,0,1,31,2017,5,350000.0,False,3.433664571799657,-0.11920170679830736,-0.32614256828313,-0.09984655995698968,-0.10274184427572462,-0.10393947933071283,Adventure,5079,0.9027367592045679
21680,Bionic Commando: Rearmed,2009-07-28,False,9.99,False,0,Capcom,Capcom,Action,"Single-player, Multi-player, Shared/Split Screen, Partial Controller Support, Remote Play on Phone, Remote Play on Tablet, Remote Play Together, Family Sharing","Action, Platformer, Remake, Local Co-Op, Great Soundtrack, Local Multiplayer, Retro, 2D, Old School, Co-op",True,False,False,731,663,437,"200,000 .. 500,000",197,0,41,0,17,0,0,2009,7,350000.0,False,2.39698576841553,-0.13671262170747245,-0.3318666658849038,-0.14209042723478343,-0.3453586044247277,-1.934258357958956,Action,1100,0.6027272727272728
1222670,The Sims™ 4,2020-06-18,False,0.0,True,0,Maxis,Electronic Arts,"Adventure, Casual, Simulation, Free To Play","Single-player, Steam Trading Cards, In-App Purchases, Mouse Only Option, Playable without Timed Input, Save Anytime, Stereo Sound, Surround Sound, Remote Play on Tablet","Life Sim, Character Customization, Free to Play, Building, Romance, Simulation, Sandbox, Singleplayer, Dating Sim, Relaxing",True,False,False,82860,149064,21663,"10,000,000 .. 20,000,000",1855,602,321,25276,0,53,0,2020,6,15000000.0,True,0.0,0.44039569714277693,0.16763616694357386,2.0968345384882854,-0.3453586044247277,0.5824301001548784,Adventure,170727,0.873113215835808
1356670,Sakuna: Of Rice and Ruin,2020-11-10,False,29.99,False,0,Edelweiss,"XSEED Games, Marvelous USA, Inc.","Action, Indie","Single-player, Steam Achievements, Full controller support, Steam Trading Cards, Steam Cloud, Remote Play on Tablet, Family Sharing","Action, Farming Sim, Female Protagonist, Story Rich, Side Scroller, Mythology, Platformer, Agriculture, Crafting, Simulation",True,False,False,4938,4987,423,"200,000 .. 500,000",938,0,718,37,0,2,40,2020,11,350000.0,False,3.433664571799657,-0.10715065580744934,-0.10862685941572292,-0.05760269267919593,-0.032304720361497924,0.5824301001548784,Action,5410,0.92181146025878
590380,Into the Breach,2018-02-27,False,14.99,False,0,Subset Games,Subset Games,"Indie, RPG, Simulation, Strategy","Single-player, Steam Achievements, Full controller support, Steam Trading Cards, Steam Cloud, Remote Play on Phone, Remote Play on Tablet, Remote Play on TV, Family Sharing","Strategy, Turn-Based Strategy, Indie, Pixel Graphics, Turn-Based Tactics, Mechs, Rogue-like, Turn-Based, Puzzle, Rogue-lite",True,True,True,18489,19126,1090,"1,000,000 .. 2,000,000",1173,0,448,285,0,1,70,2018,2,1500000.0,False,2.771963526845863,-0.011929785849946757,-0.03782881013062506,-0.09984655995698968,0.20248569268592442,0.12485038049781758,Indie,20216,0.9460823110407598
963330,Nya Nya Nya Girls (ʻʻʻ)_(=^･ω･^=)_(ʻʻʻ),2018-12-08,False,0.49,False,51,Zloy Krot Studio,Zloy Krot Studio,"Casual, Indie","Single-player, Steam Achievements, Steam Trading Cards, Family Sharing","Nudity, Sexual Content, Indie, Casual, Puzzle, Anime, Hentai, Psychological Horror",True,False,False,382,460,99,"500,000 .. 1,000,000",379,0,432,1281,0,3,32,2018,12,750000.0,False,0.3987761199573678,-0.13916499301698235,-0.2770358362258068,-0.015358825401402173,-0.09491549717414388,0.12485038049781758,Casual,559,0.8228980322003577
2066020,Soulstone Survivors,2025-06-17,False,10.49,False,30,Game Smithing Limited,Game Smithing Limited,"Action, Indie, RPG","Single-player, Steam Achievements, Full controller support, Steam Trading Cards, Steam Cloud, Stats, Family Sharing","Action Roguelike, Bullet Hell, Early Access, Rogue-lite, Action RPG, Rogue-like, Top-Down, Arcade, Action, Singleplayer",True,True,True,25159,19922,1906,"500,000 .. 1,000,000",2047,475,1222,674,0,2,460,2025,6,750000.0,False,2.4414770918606643,0.0349393162544398,0.22547967955097295,-0.05760269267919593,3.254761062302415,1.7263793992975305,Action,21828,0.9126809602345611
1801110,BOKURA,2023-08-09,False,1.64,False,70,tokoronyori,Kodansha,"Action, Adventure, Casual, Indie","Multi-player, Co-op, Online Co-op, LAN Co-op, Full controller support, Family Sharing","Online Co-Op, Adventure, Pixel Graphics, Action, Co-op, Psychological Horror, 2D, Multiplayer, Puzzle-Platformer, Story Rich",True,True,False,10233,9216,837,"500,000 .. 1,000,000",269,0,257,57,0,1,14,2023,8,750000.0,False,0.9707789171582248,-0.06994347505141833,-0.3101753486571292,-0.09984655995698968,-0.23578974500259728,1.2687996796404697,Action,10053,0.9167412712623098
1279610,PrprLive,2020-05-14,False,0.0,False,0,1-reality,1-reality,"Free To Play, Animation & Modeling, Utilities, Video Production",Unknown,"Free to Play, Video Production, Animation & Modeling, Utilities, Anime, GameMaker, Sexual Content, Software",True,False,False,0,978,439,"500,000 .. 1,000,000",771,0,87,46,0,0,0,2020,5,750000.0,True,0.0,-0.14184925043885277,-0.15893866465236695,-0.14209042723478343,-0.3453586044247277,0.5824301001548784,Other,1417,0.6901905434015526
1018830,Element TD 2 - Tower Defense,2021-04-02,False,14.99,False,0,Element Studios,Element Studios,"Indie, Strategy","Single-player, Multi-player, PvP, Online PvP, LAN PvP, Co-op, Online Co-op, LAN Co-op, Steam Achievements, Steam Cloud, Stats, Steam Leaderboards, Family Sharing","Tower Defense, Real Time Tactics, Multiplayer, Fantasy, Strategy, PvE, PvP, Team-Based, Competitive, Character Customization",True,False,False,2810,2699,314,"200,000 .. 500,000",641,0,108,44,0,1,456,2021,4,350000.0,False,2.771963526845863,-0.12210379662875886,-0.19810354298029342,-0.09984655995698968,3.2234556738960918,0.8112199599834088,Indie,3013,0.8957849319615002
1452650,Monstrum 2 Beta,2021-01-22,False,0.0,False,0,Team Junkfish,Junkfish Limited,"Action, Adventure, Indie, Early Access","Multi-player, PvP, Online PvP, Co-op, Online Co-op, Family Sharing","Horror, Survival Horror, PvP, Stealth, Survival, Character Customization, First-Person, Action, Procedural Generation, Strategy",True,False,False,0,79,71,"200,000 .. 500,000",0,0,0,0,0,0,0,2021,1,350000.0,True,0.0,-0.14184925043885277,-0.39121651996645396,-0.14209042723478343,-0.3453586044247277,0.8112199599834088,Action,150,0.5266666666666666
221260,Little Inferno,2012-11-19,False,7.49,False,50,Tomorrow Corporation,Tomorrow Corporation,"Adventure, Casual, Indie","Single-player, Steam Achievements, Steam Trading Cards, Steam Cloud, Family Sharing","Casual, Indie, Puzzle, Singleplayer, Satire, Funny, Short, Comedy, Great Soundtrack, Dark Humor",True,True,True,8940,12216,668,"500,000 .. 1,000,000",286,0,221,22,0,2,22,2012,11,750000.0,False,2.138889000323256,-0.07902919454481741,-0.30505378764501573,-0.05760269267919593,-0.17317896818995132,-1.247888778473365,Adventure,12884,0.9481527475939149
323060,Tharsis,2016-01-11,False,14.99,False,0,Choice Provisions,Choice Provisions,"Casual, Indie, RPG, Strategy","Single-player, Steam Achievements, Steam Trading Cards, Steam Cloud, Steam Leaderboards, Family Sharing","Board Game, Space, Strategy, Survival, Singleplayer, Rogue-like, Rogue-lite, Sci-fi, Horror, Difficult",True,True,False,1435,1737,739,"500,000 .. 1,000,000",248,0,150,2,0,0,12,2016,1,750000.0,False,2.771963526845863,-0.13176571797711442,-0.31650198284856346,-0.14209042723478343,-0.25144243920575876,-0.33272933915924324,Casual,2476,0.7015347334410339
1477070,Depersonalization,2024-08-08,False,13.99,False,30,MeowNature,Gamirror Games,"Adventure, Casual, Indie, RPG, Strategy","Single-player, Steam Achievements, Full controller support, Steam Workshop, Steam Workshop, Steam Cloud, Includes level editor, Family Sharing","Lovecraftian, Pixel Graphics, Investigation, RPG, Strategy RPG, Anime, Story Rich, Card Battler, Board Game, Third Person",True,True,False,5918,5571,384,"200,000 .. 500,000",75,0,84,175,0,1,122,2024,8,350000.0,False,2.7073833121145063,-0.10026434095553047,-0.3686213978541887,-0.09984655995698968,0.6094557419681231,1.497589539469,Adventure,5955,0.9355163727959698
568770,Cinderella Phenomenon - Otome/Visual Novel,2017-04-05,False,0.0,True,0,Dicesuki,Dicesuki,"Free To Play, Indie, Simulation","Single-player, Steam Achievements","Free to Play, Otome, Visual Novel, Romance, Female Protagonist, Anime, Choices Matter, Story Rich, Multiple Endings, Dating Sim",True,True,True,0,3898,149,"200,000 .. 500,000",827,0,874,10,0,1,14,2017,4,350000.0,True,0.0,-0.14184925043885277,-0.14206764014187553,-0.09984655995698968,-0.23578974500259728,-0.10393947933071283,Indie,4047,0.9631826043983197
17570,Pirates Vikings & Knights II,2010-02-12,False,0.0,True,0,Octoshark Studios,Octoshark Studios,"Action, Indie, Free To Play","Multi-player, PvP, Online PvP, Cross-Platform Multiplayer, Mods, Steam Achievements, Steam Workshop, Steam Cloud, Valve Anti-Cheat enabled, Stats, Includes level editor, Includes Source SDK","Free to Play, Multiplayer, Action, Medieval, Pirates, FPS, Swordplay, Funny, First-Person, Hack and Slash",True,False,True,0,5227,730,"1,000,000 .. 2,000,000",925,0,77,13,0,0,262,2010,2,1500000.0,True,0.0,-0.14184925043885277,-0.11254334724851557,-0.14209042723478343,1.7051443361894274,-1.7054684981304258,Action,5957,0.8774550948463992
3340270,Revelations,2024-11-28,False,7.99,False,0,Brock de Beaubien,deBeau Studios,"Action, Adventure, Early Access","Single-player, Multi-player, Co-op, Online Co-op, Family Sharing","FPS, PvE, Shooter, Arcade, 3D, First-Person, Post-apocalyptic, Action, Linear, Story Rich",True,False,False,0,1,1,"500,000 .. 1,000,000",0,0,0,0,0,0,0,2024,11,750000.0,False,2.196112848483529,-0.14184925043885277,-0.39121651996645396,-0.14209042723478343,-0.3453586044247277,1.497589539469,Action,2,0.5
530330,Blameless,2016-10-13,False,0.0,True,0,Vaclav Hudec,Blameless Games,"Adventure, Free To Play, Indie","Single-player, Steam Achievements, Captions available, Steam Cloud","Free to Play, Horror, Adventure, Multiplayer, Puzzle, Indie, Singleplayer, First-Person, Mystery, Short",True,True,False,0,4195,790,"500,000 .. 1,000,000",36,0,34,3,0,0,4,2016,10,750000.0,True,0.0,-0.14184925043885277,-0.38037086135256665,-0.14209042723478343,-0.31405321601840475,-0.33272933915924324,Adventure,4985,0.8415245737211635
619150,while True: learn(),2019-01-17,False,12.99,False,0,Luden.io,Luden.io,"Indie, Simulation","Single-player, Steam Achievements, Full controller support, Steam Trading Cards, Steam Cloud, Family Sharing","Programming, Simulation, Education, Puzzle, Science, Indie, Building, Sandbox, Cats, Logic",True,True,True,7226,6967,651,"500,000 .. 1,000,000",318,0,231,11,0,3,31,2019,1,750000.0,False,2.63834278867739,-0.0910732186837857,-0.2954132022104492,-0.015358825401402173,-0.10274184427572462,0.353640240326348,Indie,7618,0.914544499868732
545110,Driver Booster 4 for Steam,2016-11-07,False,0.0,True,0,IObit,IObit,Utilities,Unknown,Utilities,True,False,False,0,631,201,"500,000 .. 1,000,000",639,0,316,2,0,0,0,2016,11,750000.0,True,0.0,-0.14184925043885277,-0.19870607956995381,-0.14209042723478343,-0.3453586044247277,-0.33272933915924324,Other,832,0.7584134615384616
7760,X-COM: UFO Defense,2008-09-04,False,4.99,False,0,"MicroProse Software, Inc",2K,Strategy,"Single-player, Family Sharing","Strategy, Classic, Turn-Based Strategy, Sci-fi, Aliens, Turn-Based, Tactical, Singleplayer, Turn-Based Tactics, Difficult",True,False,False,3152,3602,197,"1,000,000 .. 2,000,000",2117,0,24,49,0,0,0,2008,9,1500000.0,False,1.7900914121273581,-0.11970061328247698,0.2465684601890872,-0.14209042723478343,-0.3453586044247277,-2.1630482177874866,Strategy,3799,0.9481442484864439
1904860,Legends of Kingdom Rush,2022-07-14,False,14.99,False,0,Ironhide Game Studio,Ironhide Game Studio,"Indie, RPG, Strategy","Single-player, Steam Achievements, Steam Cloud, Steam Leaderboards, Family Sharing","Turn-Based Strategy, Turn-Based Tactics, Tactical RPG, Turn-Based Combat, Rogue-lite, Strategy RPG, RPG, Rogue-like, Strategy, Hex Grid",True,True,False,1452,1009,537,"200,000 .. 500,000",567,0,155,21,0,0,84,2022,7,350000.0,False,2.771963526845863,-0.1316462614949893,-0.2203973967977285,-0.14209042723478343,0.3120545521080549,1.0400098198119392,Indie,1546,0.6526520051746443
3046600,Onimusha 2: Samurai's Destiny,2025-05-22,False,29.99,False,0,"CAPCOM Co., Ltd.","CAPCOM Co., Ltd.",Action,"Single-player, Steam Achievements, Full controller support, Steam Trading Cards, Steam Cloud, Family Sharing","Action, Dark Fantasy, Survival Horror, Action RPG, Swordplay, Cinematic, Historical, Story Rich, Romance, Drama",True,False,False,515,354,55,"200,000 .. 500,000",344,0,405,276,17,1,56,2025,5,350000.0,False,3.433664571799657,-0.1382304217156505,-0.2875802265448639,-0.09984655995698968,0.092916833263794,1.7263793992975305,Action,409,0.8655256723716381
234650,Shadowrun Returns,2013-07-25,False,14.99,False,0,Harebrained Schemes,Paradox Interactive,"Adventure, Indie, RPG, Strategy","Single-player, Steam Trading Cards, Steam Workshop, Steam Cloud, Includes level editor, Remote Play on Tablet, Family Sharing","RPG, Cyberpunk, Turn-Based, Isometric, Sci-fi, Indie, Strategy, Singleplayer, Tactical, Adventure",True,True,True,9427,11833,1549,"2,000,000 .. 5,000,000",470,0,245,31,0,0,0,2013,7,3500000.0,False,2.771963526845863,-0.07560711767452712,-0.24962042139625823,-0.14209042723478343,-0.3453586044247277,-1.0190989186448345,Adventure,13382,0.884247496637274
1220010,Home Behind 2,2022-02-16,False,19.99,False,0,TPP Studio,Spiral Up Games,"Adventure, Indie, RPG, Simulation, Strategy","Single-player, Steam Achievements, Steam Trading Cards, Steam Cloud, Stats, Remote Play on Tablet, Family Sharing","Strategy, RPG, Adventure, Rogue-like, Indie, Simulation, Rogue-lite, Survival, Female Protagonist, 2D",True,True,True,6533,6072,892,"200,000 .. 500,000",4986,0,3375,176,0,1,30,2022,2,350000.0,False,3.0440461338325417,-0.0959428270433569,1.1109071980569414,-0.09984655995698968,-0.11056819137730538,1.0400098198119392,Adventure,6964,0.8719126938541069
1293230,House of Detention,2020-05-29,False,0.49,False,51,"Aniki, Male Union ♂",Dungeon Master,"Action, Adventure, Indie, Massively Multiplayer, RPG, Simulation, Sports, Strategy","Single-player, Multi-player, PvP, Online PvP, Co-op, Online Co-op, Steam Achievements, Steam Trading Cards, Family Sharing","Dark Fantasy, Psychological Horror, Story Rich, Horror, Memes, Indie, Action, Adventure, Simulation, Multiplayer",True,True,True,8404,7930,697,"200,000 .. 500,000",130,0,57,3,0,1,100,2020,5,350000.0,False,0.3987761199573678,-0.08279558715770365,-0.3520516416385275,-0.09984655995698968,0.4372761057333468,0.5824301001548784,Action,8627,0.9192071403732468
236690,Blood Bowl 2: Legendary Edition (Classic),2017-09-05,False,2.99,False,90,Cyanide Studios,Nacon,"Sports, Strategy","Single-player, Multi-player, PvP, Online PvP, Shared/Split Screen PvP, Steam Achievements, Full controller support, Steam Trading Cards, In-App Purchases, Steam Cloud, Remote Play on TV, Remote Play Together, Family Sharing","Strategy, Multiplayer, Fantasy, Board Game, Singleplayer, Turn-Based, Turn-Based Strategy, Tactical, RPG, PvP",True,True,False,7000,6997,1893,"1,000,000 .. 2,000,000",2074,0,1018,84,0,0,31,2017,9,1500000.0,False,1.3837912309017721,-0.09266128721086087,0.23361392351138846,-0.14209042723478343,-0.10274184427572462,-0.10393947933071283,Sports,8890,0.7870641169853768
335670,LISA: The Painful,2014-12-15,False,19.99,False,0,Dingaling Productions,Serenity Forge,"Adventure, Indie, RPG","Single-player, Steam Achievements, Steam Trading Cards, Partial Controller Support, Steam Cloud, Family Sharing","Dark Humor, RPG, Story Rich, Psychological Horror, Post-apocalyptic, RPGMaker, Indie, Choices Matter, Pixel Graphics, Dark",True,True,True,12980,13949,644,"500,000 .. 1,000,000",796,0,563,23,0,2,68,2014,12,750000.0,False,3.0440461338325417,-0.05064071291037637,-0.15140695728161185,-0.05760269267919593,0.18683299848276294,-0.7903090588163041,Adventure,14593,0.9558692523812787
303390,Dead Bits,2014-06-07,False,0.49,False,90,Microblast Games,SA Industry,"Action, Casual, Indie","Single-player, Steam Trading Cards, Family Sharing","Indie, Action, Casual, FPS, Shooter, First-Person, Great Soundtrack, Zombies, Singleplayer, Voxel",True,True,False,3419,5141,3408,"2,000,000 .. 5,000,000",296,0,342,2,0,1,0,2014,6,3500000.0,False,0.3987761199573678,-0.11782444382792358,-0.3020411046967137,-0.09984655995698968,-0.3453586044247277,-0.7903090588163041,Action,8549,0.6013568838460639
490980,Daily Chthonicle: Editor's Edition,2016-09-30,False,3.99,False,0,Sinister Systems,Sometimes You,"Adventure, Casual, Indie, RPG, Simulation","Single-player, Steam Trading Cards, Family Sharing","Simulation, Indie, Adventure, RPG, Casual, Lovecraftian, Noir, Horror",True,False,False,0,123,42,"200,000 .. 500,000",367,0,213,39,0,0,8,2016,9,350000.0,False,1.6074359097634274,-0.14184925043885277,-0.2806510557637692,-0.14209042723478343,-0.2827478276120818,-0.33272933915924324,Adventure,165,0.7454545454545455
285920,TerraTech,2018-08-10,False,6.24,False,75,Payload Studios,Mythwright,"Action, Indie","Single-player, Multi-player, PvP, Online PvP, Co-op, Online Co-op, Steam Achievements, Steam Trading Cards, Steam Workshop, Partial Controller Support, Family Sharing","Building, Sandbox, Open World, Open World Survival Craft, Multiplayer, Robots, Crafting, Action, Survival, Adventure",True,True,True,20109,21368,2042,"500,000 .. 1,000,000",3870,0,736,261,0,8,15,2018,8,750000.0,False,1.979621206397625,-0.0005462857886114921,0.7746917810264342,0.19586051098756663,-0.22796339790101655,0.12485038049781758,Action,23410,0.912772319521572
469820,Genital Jousting,2018-01-18,False,6.99,False,0,Free Lives,Devolver Digital,"Action, Indie","Single-player, Multi-player, PvP, Online PvP, Shared/Split Screen PvP, Shared/Split Screen, Steam Achievements, Full controller support, Captions available, Remote Play on Phone, Remote Play on Tablet, Remote Play on TV, Remote Play Together, Family Sharing","Sexual Content, Nudity, Comedy, NSFW, Multiplayer, Action, Funny, Indie, Memes, Mature",True,True,False,8655,10124,880,"500,000 .. 1,000,000",128,0,60,6,0,0,28,2018,1,750000.0,False,2.0781907597781832,-0.08103184733338564,-0.3526541782281879,-0.14209042723478343,-0.12622088558046687,0.12485038049781758,Action,11004,0.9200290803344239
2181930,DR LIVESEY ROM AND DEATH EDITION,2023-02-13,False,0.65,False,78,Agafonoff,Agafonoff,"Action, Adventure, Indie, RPG, Simulation","Single-player, Steam Achievements, Steam Trading Cards, Color Alternatives, Custom Volume Controls, Playable without Timed Input, Stereo Sound, Surround Sound, Stats, Steam Leaderboards, Family Sharing","Action, Cartoon, Rogue-like, Hand-drawn, Spectacle fighter, Difficult, Retro, Dungeon Crawler, Singleplayer, Beat 'em up",True,False,False,12293,12605,731,"500,000 .. 1,000,000",71,0,24,5,0,0,130,2023,2,750000.0,False,0.5007752879124893,-0.05546816015860929,-0.3698264710335095,-0.14209042723478343,0.6720665187807692,1.2687996796404697,Action,13336,0.9451859628074385
924970,Back 4 Blood,2021-10-12,False,59.99,False,0,Turtle Rock Studios,Warner Bros. Games,Action,"Single-player, Multi-player, PvP, Online PvP, Co-op, Online Co-op, Full controller support, HDR available, Family Sharing","Zombies, Online Co-Op, Multiplayer, FPS, Shooter, Action, Co-op, Gore, Horror, Singleplayer",True,False,False,54520,46833,21608,"1,000,000 .. 2,000,000",1558,52,607,1288,17,4,93,2021,10,1500000.0,False,4.110709916308365,0.2412547145883069,0.07815948337900336,0.026885041876391583,0.38249167602228157,0.8112199599834088,Action,68441,0.6842828129337678
774171,Muse Dash,2019-06-19,False,2.99,False,0,peropero,hasuhasu,"Action, Casual, Indie","Single-player, Partial Controller Support, Steam Cloud, Remote Play on Phone, Remote Play on Tablet, Remote Play on TV, Family Sharing","Music, Rhythm, Anime, Cute, Sexual Content, Female Protagonist, Casual, Great Soundtrack, Singleplayer, 2D",True,True,False,114896,107491,11938,"2,000,000 .. 5,000,000",529,64,184,672,0,1,39,2019,6,3500000.0,False,1.3837912309017721,0.6655079242816266,-0.23184559200127622,-0.09984655995698968,-0.040131067463078665,0.353640240326348,Action,119429,0.9000410285609023
39120,RIFT,2011-03-01,False,0.0,True,0,gamigo US Inc.,gamigo US Inc.,"Action, Adventure, Massively Multiplayer, RPG, Free To Play","Multi-player, MMO, PvP, Online PvP, Co-op, Online Co-op, Steam Trading Cards, In-App Purchases","Free to Play, MMORPG, RPG, Fantasy, Open World, Old School, Nostalgia, Massively Multiplayer, Multiplayer, Adventure",True,False,False,996,8347,2896,"2,000,000 .. 5,000,000",5587,0,196,139,0,10,0,2011,3,3500000.0,True,0.0,-0.13485050595669848,1.2919694432498938,0.28034824554315413,-0.3453586044247277,-1.4766786383018953,Action,11243,0.742417504224851
312150,Wild Warfare,2014-07-15,False,0.0,True,0,"RocketSnail, SkyVu","RocketSnail, SkyVu","Action, Indie, Free To Play, Early Access","Multi-player, Cross-Platform Multiplayer, Steam Achievements, Family Sharing","Early Access, Free to Play, Action, Multiplayer, FPS, Indie, Shooter, First-Person, Massively Multiplayer, Funny",True,True,False,0,691,303,"200,000 .. 500,000",64,0,48,0,0,1,28,2014,7,350000.0,True,0.0,-0.14184925043885277,-0.37193534909732096,-0.09984655995698968,-0.12622088558046687,-0.7903090588163041,Action,994,0.6951710261569416
1262240,Plants vs. Zombies: Battle for Neighborville™,2020-06-04,False,29.99,False,0,PopCap,Electronic Arts,"Action, Casual, Strategy","Single-player, Multi-player, PvP, Online PvP, Steam Achievements, Full controller support","Multiplayer, Third-Person Shooter, Zombies, Hero Shooter, Shooter, Casual, Funny, PvE, Tower Defense, Action",True,False,False,15039,12261,4994,"1,000,000 .. 2,000,000",1369,0,217,108,0,1,50,2020,6,1500000.0,False,3.433664571799657,-0.03617242486945704,0.021219775656094862,-0.09984655995698968,0.04595875065430953,0.5824301001548784,Action,17255,0.7105766444508838
323470,DRAGON BALL XENOVERSE,2015-02-26,False,3.99,False,90,DIMPS,BANDAI NAMCO Entertainment,Action,"Single-player, Multi-player, Co-op, Steam Achievements, Steam Trading Cards, Partial Controller Support, Steam Cloud, Steam Leaderboards, Remote Play on Phone, Remote Play on Tablet, Remote Play on TV, Family Sharing","Anime, Fighting, Action, Character Customization, Multiplayer, Co-op, Adventure, Singleplayer, RPG, Online Co-Op",True,False,False,16952,18775,2127,"1,000,000 .. 2,000,000",1725,0,946,63,0,4,50,2015,2,1500000.0,False,1.6074359097634274,-0.022730057204435834,0.12847128861564738,0.026885041876391583,0.04595875065430953,-0.5615191989877737,Action,20902,0.8982394029279495
2786680,"Knowledge, or know Lady",2024-03-28,False,5.94,False,15,蒸汽满满工作室,蒸汽满满工作室,"Adventure, Indie, RPG, Simulation, Strategy","Single-player, Steam Cloud, Family Sharing","Sexual Content, Dating Sim, FMV, Visual Novel, Singleplayer, Romance, First-Person, Multiple Endings, Choices Matter, Interactive Fiction",True,False,False,8334,7303,360,"200,000 .. 500,000",356,0,274,70,0,0,34,2024,3,350000.0,False,1.937301774518713,-0.08328746678998356,-0.28396500700690147,-0.14209042723478343,-0.07926280297098239,1.497589539469,Adventure,7663,0.953021010048284
2328480,Ascension,2025-05-08,False,19.99,False,0,Element Game 微元游戏,噪点游戏 SERICA GAMES,"Strategy, Early Access","Single-player, Steam Achievements, Steam Cloud, Family Sharing","Early Access, Strategy, 4X, Turn-Based Strategy, Building, Real Time Tactics, Sandbox, Resource Management, Mythology, Exploration",True,False,False,2367,1253,779,"200,000 .. 500,000",1203,197,1522,470,0,0,41,2025,5,350000.0,False,3.0440461338325417,-0.1252166920159018,-0.028790761285718947,-0.14209042723478343,-0.024478373259917176,1.7263793992975305,Strategy,2032,0.6166338582677166
346110,ARK: Survival Evolved,2017-08-27,False,9.89,False,34,"Studio Wildcard, Instinct Games, Efecto Studios, Virtual Basement LLC","Studio Wildcard, Snail Games USA","Action, Adventure, Indie, Massively Multiplayer, RPG","Single-player, Multi-player, MMO, Co-op, Steam Achievements, Full controller support, Steam Workshop, Steam Cloud, Valve Anti-Cheat enabled, Includes level editor, Remote Play on Tablet, Family Sharing","Open World Survival Craft, Survival, Multiplayer, Open World, Dinosaurs, Crafting, Building, Adventure, Base-Building, Co-op",True,True,False,575975,612177,117993,"20,000,000 .. 50,000,000",12691,2303,971,22170,0,18,32,2017,8,35000000.0,False,2.387844936944869,3.9054417667386656,3.432179409723661,0.6182991837655042,-0.09491549717414388,-0.10393947933071283,Action,730170,0.8384033855129628
446030,Corroded,2017-04-26,False,0.0,False,0,Encircle Games,Encircle Games,"Action, Indie, Early Access","Multi-player, PvP, Online PvP, Steam Achievements, In-App Purchases, Steam Leaderboards, Family Sharing","Early Access, Indie, Action, MOBA, Multiplayer, Futuristic, Replay Value, Top-Down, Robots",True,False,False,0,70,13,"200,000 .. 500,000",505,0,31,0,0,0,17,2017,4,350000.0,True,0.0,-0.14184925043885277,-0.2390760310772011,-0.14209042723478343,-0.21231070369785507,-0.10393947933071283,Action,83,0.8433734939759037
1527950,Wartales,2023-04-12,False,34.99,False,0,Shiro Games,Shiro Games,"Adventure, Indie, RPG, Strategy","Single-player, Multi-player, Co-op, Online Co-op, Steam Achievements, Full controller support, Steam Cloud, Family Sharing","RPG, Open World, Turn-Based Strategy, Party-Based RPG, Medieval, Co-op, Adventure, Turn-Based Combat, Strategy, Multiplayer",True,False,False,30860,26326,3010,"1,000,000 .. 2,000,000",3038,0,1233,1632,0,9,227,2023,4,1500000.0,False,3.5832411220909393,0.07499939887769433,0.5240365597277048,0.23810437826536038,1.4312221876341014,1.2687996796404697,Adventure,29336,0.8973956913007909
13540,Tom Clancy's Rainbow Six® Vegas,2008-04-09,False,9.99,False,0,Ubisoft Montreal,Ubisoft,Action,"Single-player, Multi-player, Family Sharing","Action, FPS, Tactical, Co-op, Singleplayer, Multiplayer, Shooter, First-Person, Classic, Online Co-Op",True,False,False,1556,1187,304,"200,000 .. 500,000",204,0,65,5,17,0,0,2008,4,350000.0,False,2.39698576841553,-0.13091546889845912,-0.32975778782109244,-0.14209042723478343,-0.3453586044247277,-2.1630482177874866,Action,1491,0.7961099932930918
2334730,Death Must Die,2023-11-14,False,6.99,False,0,Realm Archive,Realm Archive,"Action, Casual, Indie, RPG, Early Access","Single-player, Steam Achievements, Full controller support, Steam Cloud, Family Sharing","Action Roguelike, Bullet Hell, Rogue-lite, Pixel Graphics, RPG, Hack and Slash, Action, 2D, Rogue-like, Action RPG",True,True,False,20626,18498,1829,"500,000 .. 1,000,000",1096,567,705,499,0,0,59,2023,11,750000.0,False,2.0781907597781832,0.0030865966383701944,-0.06102646883255074,-0.14209042723478343,0.11639587456853623,1.2687996796404697,Action,20327,0.9100211541299749
48220,Might & Magic: Heroes VI,2011-10-13,False,9.99,False,0,Blackhole,Ubisoft,"RPG, Strategy",Unknown,"Strategy, Turn-Based Strategy, RPG, Turn-Based, Fantasy, Multiplayer, Singleplayer, Tactical, Base-Building, Local Multiplayer",True,False,False,8447,4234,4656,"500,000 .. 1,000,000",4172,0,1311,111,0,0,0,2011,10,750000.0,False,2.39698576841553,-0.08249343252644598,0.8656748060651557,-0.14209042723478343,-0.3453586044247277,-1.4766786383018953,RPG,8890,0.47626546681664794
502520,Ultimate General: Civil War,2017-07-14,False,20.99,False,30,Game-Labs,Game-Labs,"Indie, Simulation, Strategy","Single-player, Steam Achievements, Steam Trading Cards, Family Sharing","Wargame, Real Time Tactics, War, America, Tabletop, RTS, Grand Strategy, Strategy, Historical, Board Game",True,True,False,8140,7123,861,"200,000 .. 500,000",5039,0,985,495,0,0,39,2017,7,350000.0,False,3.09058780456667,-0.08465067605658791,1.1268744176829424,-0.14209042723478343,-0.040131067463078665,-0.10393947933071283,Indie,7984,0.8921593186372746
473770,BallisticNG,2018-12-14,False,14.99,False,0,Neognosis,Neognosis,"Action, Indie, Racing","Single-player, Multi-player, PvP, Online PvP, LAN PvP, Shared/Split Screen PvP, Shared/Split Screen, Cross-Platform Multiplayer, Steam Achievements, Full controller support, VR Supported, Steam Trading Cards, Steam Workshop, Adjustable Text Size, Camera Comfort, Custom Volume Controls, Adjustable Difficulty, Keyboard Only Option, Stereo Sound, Steam Cloud, Steam Leaderboards, Includes level editor, Remote Play Together, Family Sharing","Combat Racing, Futuristic, Flight, Fast-Paced, Indie, Racing, Retro, Arcade, Moddable, Level Editor",True,True,True,2199,3151,199,"200,000 .. 500,000",235,0,150,8,0,5,26,2018,12,350000.0,False,2.771963526845863,-0.1263972031333736,-0.3204184706813561,0.06912890915418535,-0.14187357978362836,0.12485038049781758,Action,3350,0.9405970149253732
1032430,Blood Trail,2019-03-27,False,24.99,False,0,Electrovore,Electrovore,"Action, Early Access","Single-player, Tracked Controller Support, VR Only, Family Sharing","Gore, Violent, VR, Action, Horror, Sandbox, Realistic, Early Access, Shooter, Blood",True,False,False,6728,4917,1176,"500,000 .. 1,000,000",443,0,181,74,0,0,0,2019,3,750000.0,False,3.2577118486533987,-0.09457259092486284,-0.25775466535667374,-0.14209042723478343,-0.3453586044247277,0.353640240326348,Action,6093,0.8069916297390448
959080,Unsung Warriors - Prologue,2019-01-15,False,0.0,True,0,Osarion,Osarion,"Action, Adventure, Indie, Free To Play","Single-player, Multi-player, Co-op, Shared/Split Screen Co-op, Steam Achievements, Full controller support, Remote Play on Phone, Remote Play on Tablet, Remote Play on TV, Remote Play Together","Free to Play, Adventure, Action, Indie, Multiplayer, Platformer, 2D, Local Co-Op, Co-op, RPG",True,True,True,0,1347,72,"200,000 .. 500,000",0,0,0,1,0,0,11,2019,1,350000.0,True,0.0,-0.14184925043885277,-0.39121651996645396,-0.14209042723478343,-0.2592687863073395,0.353640240326348,Action,1419,0.9492600422832981
2217000,Rivals of Aether II,2024-10-23,False,14.99,False,50,Aether Studios,"Aether Studios, offbrand games","Action, Indie","Multi-player, PvP, Online PvP, Shared/Split Screen PvP, Shared/Split Screen, Steam Achievements, Full controller support, In-App Purchases, Remote Play Together, Family Sharing","Fighting, Multiplayer, Indie, 2D Fighter, Action, Local Multiplayer, 4 Player Local, Fantasy, Combat, 2.5D",True,False,False,6362,5963,1331,"200,000 .. 500,000",2700,331,2079,596,0,0,71,2024,10,350000.0,False,2.771963526845863,-0.09714441871649784,0.42220787607509597,-0.14209042723478343,0.21031203978750518,1.497589539469,Action,7294,0.8175212503427475
921060,Modern Combat 5,2018-10-24,False,0.0,False,0,Gameloft,Gameloft,"Action, Free To Play, Massively Multiplayer","Single-player, Multi-player, PvP, Online PvP, In-App Purchases, Family Sharing","Free to Play, FPS, Action, Shooter, Multiplayer, Massively Multiplayer, Battle Royale, Controller, Singleplayer, First-Person",True,False,False,0,3130,2595,"1,000,000 .. 2,000,000",165,0,86,1,0,0,54,2018,10,1500000.0,True,0.0,-0.14184925043885277,-0.34150725131947035,-0.14209042723478343,0.07726413906063251,0.12485038049781758,Action,5725,0.5467248908296943
743450,Monster Prom,2018-04-27,False,11.99,False,0,Beautiful Glitch,"Xelu, Those Awesome Guys","Indie, Simulation","Single-player, Multi-player, PvP, Online PvP, Shared/Split Screen PvP, Shared/Split Screen, Steam Achievements, Steam Trading Cards, Partial Controller Support, Remote Play on Phone, Remote Play on Tablet, Remote Play Together, Family Sharing","Dating Sim, Comedy, LGBTQ+, Multiplayer, Choices Matter, Visual Novel, Funny, Indie, Simulation, Sexual Content",True,True,True,12167,13052,946,"500,000 .. 1,000,000",554,4,313,68,0,1,52,2018,4,750000.0,False,2.5641798306825083,-0.05635354349671314,-0.22431388463052113,-0.09984655995698968,0.06161144485747102,0.12485038049781758,Indie,13998,0.9324189169881412
1293160,The Medium,2021-01-28,False,49.99,False,0,Bloober Team,"Bloober Team SA, NA PUBLISHING INC.",Adventure,"Single-player, Steam Achievements, Full controller support, Steam Cloud, Family Sharing","Adventure, Horror, Female Protagonist, Psychological Horror, Atmospheric, Third Person, Dark, Story Rich, Singleplayer, Sexual Content",True,True,False,7232,7765,974,"500,000 .. 1,000,000",236,0,231,6,0,3,39,2021,1,750000.0,False,3.9316295350670645,-0.09103105757244742,-0.3201172023865259,-0.015358825401402173,-0.040131067463078665,0.8112199599834088,Adventure,8739,0.8885456001830873
966330,Flower,2019-02-14,False,1.74,False,75,thatgamecompany,Annapurna Interactive,"Adventure, Casual","Single-player, Steam Achievements, Full controller support, Steam Cloud, Remote Play on TV, Family Sharing","Immersive, Relaxing, Casual, Atmospheric, Adventure, Nature, Exploration, Flight, Indie, Colorful",True,False,False,4641,3666,917,"200,000 .. 500,000",94,0,92,6,0,0,14,2019,2,350000.0,False,1.007957920399979,-0.10923763081869414,-0.36289730025241485,-0.14209042723478343,-0.23578974500259728,0.353640240326348,Adventure,4583,0.7999127209251582
1637320,Dome Keeper,2022-09-27,False,7.19,False,60,Bippinbits,Raw Fury,"Action, Adventure, Indie, Simulation","Single-player, Multi-player, PvP, Online PvP, LAN PvP, Shared/Split Screen PvP, Co-op, Online Co-op, LAN Co-op, Shared/Split Screen Co-op, Shared/Split Screen, Cross-Platform Multiplayer, Steam Achievements, Full controller support, Steam Trading Cards, Steam Workshop, Steam Cloud, Steam Leaderboards, Remote Play Together, Family Sharing","Singleplayer, Post-apocalyptic, Rogue-like, Action, Sci-fi, Combat, Resource Management, Tower Defense, Pixel Graphics, Atmospheric",True,True,True,16680,14952,1260,"2,000,000 .. 5,000,000",762,100,276,402,0,4,47,2022,9,3500000.0,False,2.1029138978649784,-0.024641360918437803,-0.16165007930583877,0.026885041876391583,0.022479709349567292,1.0400098198119392,Action,16212,0.9222797927461139
1097200,Twelve Minutes,2021-08-19,False,7.49,False,70,Luis Antonio,Annapurna Interactive,"Adventure, Indie","Single-player, Steam Achievements, Full controller support, Steam Cloud, Family Sharing","Indie, Adventure, Mystery, Puzzle, Story Rich, Time Travel, Singleplayer, Point & Click, Top-Down, Time Manipulation",True,False,False,7222,5394,2011,"500,000 .. 1,000,000",319,0,299,26,0,1,12,2021,8,750000.0,False,2.138889000323256,-0.09110132609134455,-0.295111933915619,-0.09984655995698968,-0.25144243920575876,0.8112199599834088,Adventure,7405,0.7284267386900742
2820820,Jotunnslayer: Hordes of Hel,2025-09-03,False,10.04,False,33,"Games Farm, ARTillery",Grindstone,"Action, Indie, RPG","Single-player, Multi-player, Co-op, Shared/Split Screen Co-op, Shared/Split Screen, Steam Achievements, Full controller support, Steam Trading Cards, Steam Cloud, Remote Play Together, Family Sharing","Indie, Action Roguelike, Rogue-lite, Bullet Hell, Action, Rogue-like, Action RPG, Singleplayer, Casual, Isometric",True,False,False,6881,3274,693,"200,000 .. 500,000",1818,1,571,281,0,6,38,2025,9,350000.0,False,2.401525040848949,-0.09349748258573673,0.15648924003485631,0.1113727764319791,-0.04795741456465941,1.7263793992975305,Action,3967,0.8253087975800353
397870,Arcane Sorcery,2015-09-15,False,0.0,True,0,Andrew Rowe,Andrew Rowe,"Indie, Strategy","Single-player, Steam Trading Cards, Captions available","4X, Grand Strategy, Turn-Based Tactics, Exploration, PvE, Turn-Based, Turn-Based Strategy, God Game, Strategy, 2D",True,True,False,0,41,25,"200,000 .. 500,000",350,0,345,0,0,1,0,2015,9,350000.0,True,0.0,-0.14184925043885277,-0.28577261677588267,-0.09984655995698968,-0.3453586044247277,-0.5615191989877737,Indie,66,0.6212121212121212
392950,Lost Lands: A Hidden Object Adventure,2015-09-24,False,0.0,True,0,FIVE-BN GAMES,FIVE-BN GAMES,"Adventure, Casual, Free To Play","Single-player, Steam Achievements, In-App Purchases, Steam Cloud","Free to Play, Hidden Object, Adventure, Casual, Puzzle, Singleplayer, Fantasy, Point & Click",True,True,False,127,5002,684,"200,000 .. 500,000",1368,0,15,33,0,0,48,2015,9,350000.0,True,0.0,-0.14095684024885918,0.02091850736126466,-0.14209042723478343,0.030306056451148037,-0.5615191989877737,Adventure,5686,0.8797045374604291
518150,Intruder,2019-03-01,False,19.99,False,0,Superboss Games,Superboss Games,Early Access,"Multi-player, PvP, Online PvP, Steam Workshop, Stats, Includes level editor, Family Sharing","Multiplayer, Stealth, Tactical, First-Person, Team-Based, Simulation, FPS, Shooter, Indie, Early Access",True,True,False,5352,5956,627,"200,000 .. 500,000",467,0,180,9,0,0,0,2019,3,350000.0,False,3.0440461338325417,-0.1042415391251081,-0.25052422628074883,-0.14209042723478343,-0.3453586044247277,0.353640240326348,Other,6583,0.9047546711225884
208090,Loadout,2014-01-31,False,0.0,False,0,Edge of Reality,Edge of Reality,"Action, Free To Play, Indie","Multi-player, Co-op, Steam Achievements, Steam Trading Cards, Partial Controller Support, Steam Cloud, Valve Anti-Cheat enabled","Free to Play, Third-Person Shooter, Action, Gore, Multiplayer, Gun Customization, Shooter, Funny, Fast-Paced, Indie",True,False,False,1164,34218,5094,"5,000,000 .. 10,000,000",314,0,122,1,17,5,28,2014,1,7500000.0,True,0.0,-0.13366999483922667,-0.29661827538977004,0.06912890915418535,-0.12622088558046687,-0.7903090588163041,Action,39312,0.8704212454212454
239120,Final Fantasy III (3D Remake),2014-05-27,False,15.99,False,0,Square Enix,Square Enix,RPG,"Single-player, Steam Achievements, Steam Trading Cards, Custom Volume Controls, Keyboard Only Option, Mouse Only Option, Playable without Timed Input, Partial Controller Support, Steam Cloud, Family Sharing","RPG, JRPG, Turn-Based, Remake, Classic, Fantasy, Singleplayer, Great Soundtrack, Retro, Adventure",True,False,False,2952,2731,583,"500,000 .. 1,000,000",1358,0,313,48,0,0,18,2014,5,750000.0,False,2.8326249356838407,-0.12110598366041961,0.017905824412962623,-0.14209042723478343,-0.2044843565962743,-0.7903090588163041,RPG,3314,0.8240796620398311
34900,Bad Rats: the Rats' Revenge,2009-07-20,False,0.59,False,70,Invent4 Entertainment,Strategy First,Indie,"Single-player, Steam Achievements, Steam Trading Cards, Family Sharing","Cult Classic, Physics, Indie, Gore, Puzzle, Hentai, Beautiful, Singleplayer, Addictive, Dark",True,False,False,7054,11745,3126,"500,000 .. 1,000,000",225,0,113,6,0,0,13,2009,7,750000.0,False,0.4637340162321401,-0.09228183720881636,-0.32343115362965813,-0.14209042723478343,-0.24361609210417803,-1.934258357958956,Indie,14871,0.7897922130320758
544750,SOULCALIBUR VI,2018-10-18,False,59.99,False,0,"BANDAI NAMCO Studios Inc., Dimps Corporation",BANDAI NAMCO Entertainment,Action,"Single-player, Multi-player, PvP, Online PvP, Shared/Split Screen PvP, Shared/Split Screen, Steam Achievements, Partial Controller Support, Steam Cloud, Remote Play on Phone, Remote Play on Tablet, Remote Play Together, Family Sharing","Fighting, Action, Character Customization, Multiplayer, Fantasy, Swordplay, Local Multiplayer, Arcade, 3D Fighter, Nudity",True,False,False,9574,11147,2394,"1,000,000 .. 2,000,000",502,69,126,119,0,16,49,2018,10,1500000.0,False,4.110709916308365,-0.07457417044673928,-0.23997983596169173,0.5338114492099167,0.03813240355272878,0.12485038049781758,Action,13541,0.823203603869729
734750,PickCrafter,2017-12-14,False,0.0,True,0,Fiveamp,Fiveamp,"Adventure, Casual, Indie, RPG, Simulation, Strategy, Free To Play","Single-player, Steam Achievements, Steam Trading Cards, In-App Purchases, Camera Comfort, Mouse Only Option, Save Anytime, Touch Only Option, Steam Leaderboards","Mining, Idler, Free to Play, Clicker, Collectathon, Resource Management, Pixel Graphics, Crafting, Fantasy, Indie",True,True,False,0,5965,933,"500,000 .. 1,000,000",1160,216,161,97,0,0,121,2017,12,750000.0,True,0.0,-0.14184925043885277,-0.0417452979634177,-0.14209042723478343,0.6016293948665424,-0.10393947933071283,Adventure,6898,0.8647434038851841
828070,Treasure Hunter Claire,2018-07-19,False,4.99,False,75,Acerola,Kagura Games,"Adventure, Indie, RPG","Single-player, Partial Controller Support, Steam Cloud, Family Sharing","Sexual Content, Nudity, RPG, RPGMaker, Anime, Hentai, Adventure, Mature, Female Protagonist, Indie",True,False,False,2252,2080,258,"200,000 .. 500,000",352,0,213,7,0,0,0,2018,7,350000.0,False,1.7900914121273581,-0.1260247799832188,-0.28517008018622225,-0.14209042723478343,-0.3453586044247277,0.12485038049781758,Adventure,2338,0.8896492728828058
1771300,Kingdom Come: Deliverance II,2025-02-04,False,59.99,False,0,Warhorse Studios,Deep Silver,"Action, Adventure, RPG","Single-player, Steam Achievements, Full controller support, Steam Trading Cards, Custom Volume Controls, Playable without Timed Input, Stereo Sound, Surround Sound, Steam Cloud, Family Sharing","RPG, Medieval, Open World, Singleplayer, Realistic, First-Person, Story Rich, Adventure, Action, Combat",True,False,False,131145,96279,6058,"2,000,000 .. 5,000,000",4594,944,3697,7073,18,10,83,2025,2,3500000.0,False,4.110709916308365,0.7796872406375752,0.9928100264835017,0.28034824554315413,0.30422820500647413,1.7263793992975305,Action,102337,0.9408034239815511
1182620,Impostor Factory,2021-09-30,False,9.99,False,0,Freebird Games,Freebird Games,"Adventure, Casual, Indie, RPG","Single-player, Steam Achievements, Steam Trading Cards, Partial Controller Support, Steam Cloud, Family Sharing","Story Rich, Emotional, Pixel Graphics, Adventure, RPG, 2D, Singleplayer, Top-Down, Atmospheric, Psychological Horror",True,True,True,11659,11287,486,"500,000 .. 1,000,000",287,0,262,12,0,2,1,2021,9,750000.0,False,2.39698576841553,-0.05992318425668741,-0.3047525193501855,-0.05760269267919593,-0.33753225732314696,0.8112199599834088,Adventure,11773,0.9587191030323622
329130,Reassembly,2015-02-19,False,14.99,False,0,Anisoptera Games,Indie Voyage,"Action, Indie, Strategy","Single-player, Steam Achievements, Full controller support, Steam Trading Cards, Steam Workshop, Steam Cloud, Includes level editor, Family Sharing","Building, Space, Sandbox, Strategy, 2D, Action, Indie, Singleplayer, Top-Down, Open World",True,True,True,3581,3727,233,"200,000 .. 500,000",731,0,237,18,0,2,24,2015,2,350000.0,False,2.771963526845863,-0.11668609382179004,-0.1709893964455751,-0.05760269267919593,-0.15752627398678984,-0.5615191989877737,Action,3960,0.9411616161616162
306020,Bloons TD 5,2014-11-19,False,9.99,False,0,Ninja Kiwi,Ninja Kiwi,"Action, Strategy","Single-player, Multi-player, Co-op, Online Co-op, Cross-Platform Multiplayer, Steam Achievements, Steam Cloud, Steam Leaderboards, Family Sharing","Tower Defense, Strategy, Co-op, Family Friendly, Action, Casual, Multiplayer, Singleplayer, Online Co-Op, 2D",True,True,False,10625,10926,619,"200,000 .. 500,000",1696,0,1135,153,0,18,125,2014,11,350000.0,False,2.39698576841553,-0.06718894911065079,0.11973450806557147,0.6182991837655042,0.6329347832728655,-0.7903090588163041,Action,11545,0.9463837158943266
385800,NEKOPARA Vol. 0,2015-08-17,False,2.99,False,0,NEKO WORKs,Sekai Project,"Casual, Indie","Single-player, Steam Achievements, Steam Trading Cards, Steam Cloud, Family Sharing","Anime, Nudity, Sexual Content, Visual Novel, Cute, Mature, Hentai, Singleplayer, First-Person, Dating Sim",True,False,False,14623,16447,1078,"500,000 .. 1,000,000",121,0,66,20,0,1,13,2015,8,750000.0,False,1.3837912309017721,-0.0390955952555777,-0.35476305629199933,-0.09984655995698968,-0.24361609210417803,-0.5615191989877737,Casual,17525,0.9384878744650499
1374490,RuneScape: Dragonwilds,2025-04-15,False,29.99,False,0,Jagex Ltd,Jagex Ltd,"Action, Adventure, RPG, Early Access","Single-player, Multi-player, Co-op, Online Co-op, Adjustable Text Size, Custom Volume Controls, Save Anytime, Stereo Sound, Partial Controller Support, Steam Cloud, Family Sharing","Open World, Survival, Open World Survival Craft, Multiplayer, Early Access, Co-op, Online Co-Op, Crafting, Building, Exploration",True,False,False,22686,15430,2970,"500,000 .. 1,000,000",1240,1519,510,851,0,1,0,2025,4,750000.0,False,3.433664571799657,0.017561911531179236,-0.01764383437700141,-0.09984655995698968,-0.3453586044247277,1.7263793992975305,Action,18400,0.8385869565217391
672680,Supremacy: Call of War 1942,2017-10-21,False,0.0,True,0,Bytro Labs GmbH,Bytro Labs GmbH,"Massively Multiplayer, Simulation, Strategy, Free To Play","Multi-player, MMO, PvP, Online PvP, Co-op, Online Co-op, Cross-Platform Multiplayer, Steam Achievements, Steam Trading Cards, In-App Purchases, Stats","Strategy, Free to Play, World War II, War, Grand Strategy, Military, Simulation, Multiplayer, Tactical, Historical",True,True,False,0,4168,1664,"500,000 .. 1,000,000",1839,0,44,281,0,10,156,2017,10,750000.0,True,0.0,-0.14184925043885277,0.1628158742262906,0.28034824554315413,0.8755515434218685,-0.10393947933071283,Massively Multiplayer,5832,0.7146776406035665
1173820,FINAL FANTASY VI,2022-02-23,False,17.99,False,0,Square Enix,Square Enix,RPG,"Single-player, Steam Achievements, Steam Trading Cards, Camera Comfort, Custom Volume Controls, Keyboard Only Option, Playable without Timed Input, Save Anytime, Partial Controller Support, Steam Cloud, Family Sharing","RPG, 2D, Singleplayer, JRPG, Adventure, Class-Based, Fantasy, Emotional, Exploration, Pixel Graphics",True,False,False,4209,3484,327,"500,000 .. 1,000,000",1045,37,704,174,0,2,37,2022,2,750000.0,False,2.9439125248241944,-0.11227323083505021,-0.07639115186889113,-0.05760269267919593,-0.055783761666240154,1.0400098198119392,RPG,3811,0.9141957491472055
508900,Zup! X,2018-05-17,False,1.99,False,0,Quiet River,Quiet River,"Casual, Indie","Single-player, Steam Achievements, Steam Trading Cards, Steam Cloud, Family Sharing","Puzzle, Casual, Indie, Fast-Paced, 2D, Physics, Short, Relaxing, Minimalist, Puzzle-Platformer",True,False,False,6409,5809,182,"200,000 .. 500,000",151,55,104,4,0,0,2880,2018,5,350000.0,False,1.095273387402595,-0.09681415667768133,-0.3457250074470932,-0.14209042723478343,22.194521048127815,0.12485038049781758,Casual,5991,0.9696210983141379
553790,Once in Yaissor,2016-11-09,False,1.99,False,0,Valera Entertainment,Valera Entertainment,"Adventure, Indie","Single-player, Steam Achievements, Steam Trading Cards, Family Sharing","Indie, Adventure, Story Rich, Memes, Visual Novel, Violent",True,False,False,1235,1042,183,"500,000 .. 1,000,000",415,0,446,3,0,0,5,2016,11,750000.0,False,1.095273387402595,-0.13317108835505703,-0.26619017761191943,-0.14209042723478343,-0.306226868916824,-0.33272933915924324,Adventure,1225,0.8506122448979592
1147690,NGU IDLE,2019-10-01,False,0.0,True,0,4G,4G,"Adventure, Indie, Simulation, Free To Play","Single-player, Steam Achievements, In-App Purchases, Steam Cloud, Remote Play on Tablet","Free to Play, Idler, Indie, Clicker, Adventure, Funny, Simulation, Singleplayer, RPG, Casual",True,False,False,0,11564,504,"500,000 .. 1,000,000",41894,0,979,3382,0,0,61,2019,10,750000.0,True,0.0,-0.14184925043885277,12.2301174236501,-0.14209042723478343,0.1320485687716977,0.353640240326348,Adventure,12068,0.9582366589327146
593280,Cat Quest,2017-08-08,False,3.24,False,75,The Gentlebros,Kepler Interactive,"Action, Adventure, Casual, Indie, RPG","Single-player, Steam Achievements, Full controller support, Steam Trading Cards, Steam Cloud, Remote Play on TV, Family Sharing","Adventure, RPG, Cats, Cute, Action, Hack and Slash, Indie, Open World, Singleplayer, Casual",True,True,False,8167,9225,501,"200,000 .. 500,000",370,0,323,32,0,0,12,2017,8,350000.0,False,1.4445632692438664,-0.08446095105556566,-0.2797472508792786,-0.14209042723478343,-0.25144243920575876,-0.10393947933071283,Action,9726,0.9484885872917952
1977170,Jusant,2023-10-31,False,24.99,False,0,DON'T NOD,DON'T NOD,"Action, Adventure, Indie","Single-player, Steam Achievements, Full controller support, Steam Cloud, Family Sharing","Atmospheric, Parkour, Action-Adventure, Puzzle, Action, Soundtrack, Exploration, Adventure, Nature, 3D Platformer",True,False,False,3870,4649,346,"200,000 .. 500,000",227,0,248,25,0,1,21,2023,10,350000.0,False,3.2577118486533987,-0.11465533362566295,-0.3228286170399977,-0.09984655995698968,-0.18100531529153208,1.2687996796404697,Action,4995,0.9307307307307308
1159690,Voidtrain,2025-11-07,False,17.99,False,40,HypeTrain Digital,HypeTrain Digital,"Action, Adventure, Indie, RPG, Simulation","Single-player, Multi-player, Co-op, Online Co-op, Cross-Platform Multiplayer, Steam Achievements, Steam Trading Cards, Partial Controller Support, Steam Cloud, Family Sharing","Open World Survival Craft, Co-op, Survival, Multiplayer, Base-Building, Crafting, Open World, Online Co-Op, Adventure, First-Person",True,False,False,8204,4455,1501,"200,000 .. 500,000",921,63,550,97,0,3,55,2025,11,350000.0,False,2.9439125248241944,-0.08420095753564627,-0.11374842042783638,-0.015358825401402173,0.08509048616221325,1.7263793992975305,Action,5956,0.7479852249832102
400110,Else Heart.Break(),2015-09-24,False,24.99,False,0,"Erik Svedäng, El Huervo / Niklas Åkerblad, Tobias Sjögren, Oscar ""Ratvader"" Rydelius, Johannes Gotlén",Erik Svedäng AB,"Adventure, Indie, RPG","Single-player, Family Sharing","Programming, Adventure, Indie, RPG, Hacking, Singleplayer, Surreal, Atmospheric, Cyberpunk, Great Soundtrack",True,True,True,342,540,264,"200,000 .. 500,000",15436,0,86,1,0,0,0,2015,9,350000.0,False,3.2577118486533987,-0.13944606709257087,4.25916087903257,-0.14209042723478343,-0.3453586044247277,-0.5615191989877737,Adventure,804,0.6716417910447762
2506160,Fears to Fathom - Ironbark Lookout,2023-10-20,False,9.99,False,0,Rayll Studios,Rayll Studios,"Adventure, Casual, Indie","Single-player, Steam Achievements, Family Sharing","Horror, Atmospheric, Psychological Horror, Narrative, Exploration, Thriller, Adventure, Episodic, First-Person, Walking Simulator",True,False,False,5493,4303,347,"200,000 .. 500,000",123,0,112,22,0,0,5,2023,10,350000.0,False,2.39698576841553,-0.10325075300865855,-0.3541605197023389,-0.14209042723478343,-0.306226868916824,1.2687996796404697,Adventure,4650,0.9253763440860215
271570,Space Farmers,2014-04-17,False,9.99,False,0,BumpkinBrothers,BumpkinBrothers,"Action, Indie","Multi-player, Co-op, Shared/Split Screen, Cross-Platform Multiplayer, Steam Achievements, Steam Trading Cards, Partial Controller Support, Remote Play Together, Family Sharing","Indie, Action, Co-op, Space, Multiplayer, Puzzle, Local Co-Op, Online Co-Op, Shooter, Strategy",True,True,True,247,1338,470,"200,000 .. 500,000",200,0,212,1,0,0,23,2014,4,350000.0,False,2.39698576841553,-0.14011361802209363,-0.3309628610004132,-0.14209042723478343,-0.1653526210883706,-0.7903090588163041,Action,1808,0.7400442477876106
1057850,Neon Boost,2019-05-20,False,0.0,True,0,Sample Text Studio,Sample Text Studio,"Action, Free To Play, Indie","Single-player, Steam Achievements","Free to Play, Parkour, Action, First-Person, Indie, Platformer, FPS, Great Soundtrack, Runner, Difficult",True,False,False,0,2239,242,"200,000 .. 500,000",0,0,0,0,0,0,20,2019,5,350000.0,True,0.0,-0.14184925043885277,-0.39121651996645396,-0.14209042723478343,-0.18883166239311283,0.353640240326348,Action,2481,0.9024586860137042
704850,Thief Simulator,2018-11-09,False,1.99,False,90,Noble Muffins,PlayWay S.A.,"Action, Adventure, Indie, Simulation","Single-player, Steam Achievements, Partial Controller Support, Steam Cloud, Family Sharing","Simulation, Stealth, Singleplayer, Crime, First-Person, Open World, Adventure, Heist, Action, Indie",True,True,False,36387,31601,4206,"1,000,000 .. 2,000,000",368,0,123,243,0,2,33,2018,11,1500000.0,False,1.095273387402595,0.11383680927213878,-0.280349787468939,-0.05760269267919593,-0.08708915007256314,0.12485038049781758,Action,35807,0.882536934119027
2357910,Home Safety Hotline,2024-01-16,False,14.99,False,0,Night Signal Entertainment,Night Signal Entertainment,"Casual, Indie, Simulation","Single-player, Steam Achievements, Family Sharing","Horror, 1990's, Interactive Fiction, Point & Click, Simulation, Text-Based, FMV, Typing, Alternate History, Atmospheric",True,False,False,2558,2034,177,"200,000 .. 500,000",108,0,111,23,0,2,11,2024,1,350000.0,False,2.771963526845863,-0.12387456330496657,-0.35867954412479197,-0.05760269267919593,-0.2592687863073395,1.497589539469,Casual,2211,0.9199457259158752
531510,Just Shapes & Beats,2018-05-31,False,19.99,False,0,Berzerk Studio,Berzerk Studio,"Action, Indie","Single-player, Multi-player, PvP, Online PvP, Shared/Split Screen PvP, Co-op, Online Co-op, Shared/Split Screen Co-op, Shared/Split Screen, Steam Achievements, Full controller support, Steam Trading Cards, Steam Cloud, Remote Play on Phone, Remote Play on Tablet, Remote Play on TV, Remote Play Together, Family Sharing","Rhythm, Great Soundtrack, Music, Bullet Hell, Difficult, Multiplayer, 2D, Indie, Action, Co-op",True,True,True,23164,21613,537,"1,000,000 .. 2,000,000",588,0,233,220,0,1,26,2018,5,1500000.0,False,3.0440461338325417,0.02092074673446211,-0.2140707626062942,-0.09984655995698968,-0.14187357978362836,0.12485038049781758,Action,22150,0.9757562076749435
1412190,BEACHED,2021-08-04,False,0.0,True,0,Gradient Studios,Gradient Studios,"Action, Adventure, Casual, Indie, Massively Multiplayer, Early Access","Multi-player, PvP, Online PvP, In-App Purchases","Free to Play, Multiplayer, Early Access, Shooter, Open World Survival Craft, Open World, Survival, Sandbox, Massively Multiplayer, Action-Adventure",True,False,False,0,2286,1238,"200,000 .. 500,000",0,0,0,22,0,0,0,2021,8,350000.0,True,0.0,-0.14184925043885277,-0.39121651996645396,-0.14209042723478343,-0.3453586044247277,0.8112199599834088,Action,3524,0.6486946651532349
239250,Castlevania: Lords of Shadow 2,2014-02-25,False,39.99,False,0,MercurySteam,KONAMI,"Action, Adventure","Single-player, Steam Achievements, Full controller support, Steam Cloud, Remote Play on TV, Family Sharing","Action, Adventure, Vampire, Hack and Slash, Gothic, Singleplayer, Third Person, Fantasy, Sequel, Metroidvania",True,False,False,4738,4930,900,"500,000 .. 1,000,000",557,36,260,17,17,4,56,2014,2,750000.0,False,3.7133281345162463,-0.10855602618539197,-0.22341007974603053,0.026885041876391583,0.092916833263794,-0.7903090588163041,Action,5830,0.8456260720411664
1150440,Aliens: Dark Descent,2023-06-19,False,13.99,False,65,Tindalos Interactive,Focus Entertainment,"Action, Strategy","Single-player, Steam Achievements, Full controller support, Adjustable Text Size, Camera Comfort, Color Alternatives, Custom Volume Controls, Adjustable Difficulty, Playable without Timed Input, Save Anytime, Stereo Sound, Subtitle Options, Surround Sound, Steam Cloud, Family Sharing","Strategy, Action, Tactical, RTS, Sci-fi, Real Time Tactics, Singleplayer, Aliens, Dark, Action-Adventure",True,False,False,14562,13803,1847,"500,000 .. 1,000,000",750,0,383,276,0,1,45,2023,6,750000.0,False,2.7073833121145063,-0.039524233220850205,-0.1652652988438012,-0.09984655995698968,0.006827015146405804,1.2687996796404697,Action,15650,0.8819808306709265
929490,RAM Pressure,2021-09-15,False,0.0,False,0,"QuadCom Interactive, GDT",GDT,"Action, Free To Play, Indie, Massively Multiplayer, Strategy","Multi-player, PvP, Online PvP, In-App Purchases, Family Sharing","Strategy, Turn-Based Tactics, Turn-Based, Free to Play, Tactical, Multiplayer, Sci-fi, Futuristic, Action, Atmospheric",True,False,False,0,461,513,"200,000 .. 500,000",0,0,0,2,0,0,0,2021,9,350000.0,True,0.0,-0.14184925043885277,-0.39121651996645396,-0.14209042723478343,-0.3453586044247277,0.8112199599834088,Action,974,0.473305954825462
1373810,Orlando Theme Park VR - Roller Coaster and Rides,2020-08-21,False,0.0,True,0,Thetis Games and Simulators,Thetis Games and Simulators,"Action, Free To Play, Simulation","Single-player, Tracked Controller Support, VR Supported, In-App Purchases","Action, VR, Realistic, Funny, Comedy, Immersive Sim, 360 Video, 3D Vision, Interactive Fiction, Singleplayer",True,False,False,0,9,37,"200,000 .. 500,000",0,0,0,0,0,6,0,2020,8,350000.0,True,0.0,-0.14184925043885277,-0.39121651996645396,0.1113727764319791,-0.3453586044247277,0.5824301001548784,Action,46,0.1956521739130435
1557060,Wonhon: Prologue,2021-02-28,False,0.0,True,0,BUSAN SANAI GAMES,SuperGG.com,"Action, Adventure, Indie","Single-player, Steam Achievements, Full controller support","Action, Stealth, Horror, Atmospheric, Female Protagonist, Psychological Horror, Singleplayer, Drama, Military, Comic Book",True,False,False,0,71,14,"200,000 .. 500,000",0,0,0,0,0,0,2,2021,2,350000.0,True,0.0,-0.14184925043885277,-0.39121651996645396,-0.14209042723478343,-0.32970591022156626,0.8112199599834088,Action,85,0.8352941176470589
2758000,Vanity Fair: The Pursuit,2024-02-19,False,6.99,False,0,木焱工作室,"Wave Games, 木焱工作室, CC_Games","Casual, Indie, RPG, Simulation","Single-player, Steam Cloud, Family Sharing","FMV, RPG, Choices Matter, Story Rich, Cinematic, Indie, Drama, Immersive Sim, Simulation, Interactive Fiction",True,True,False,3922,3463,436,"200,000 .. 500,000",371,0,361,5,0,0,32,2024,2,350000.0,False,2.0781907597781832,-0.11428993732739788,-0.2794459825844484,-0.14209042723478343,-0.09491549717414388,1.497589539469,Casual,3899,0.8881764555014107
809960,Radical Heights,2018-04-10,False,0.0,False,0,Boss Key Productions,Boss Key Productions,"Action, Adventure, Free To Play, Indie, Massively Multiplayer, Early Access","Multi-player, Online PvP, In-App Purchases, Family Sharing","Battle Royale, Free to Play, Action, Massively Multiplayer, Multiplayer, Survival, Early Access, Adventure, Indie, Third-Person Shooter",True,False,False,0,6072,3727,"1,000,000 .. 2,000,000",117,0,32,0,0,0,0,2018,4,1500000.0,True,0.0,-0.14184925043885277,-0.3559681294713201,-0.14209042723478343,-0.3453586044247277,0.12485038049781758,Action,9799,0.6196550668435554
965200,Walking Zombie 2,2019-10-11,False,0.0,True,0,Alda Games,Alda Games,"Action, Adventure, Indie, RPG","Single-player, Steam Achievements, Steam Trading Cards, In-App Purchases, Steam Cloud","FPS, Zombies, Open World Survival Craft, Multiplayer, Shooter, Open World, Survival, Sandbox, Post-apocalyptic, First-Person",True,False,False,0,10981,1534,"500,000 .. 1,000,000",899,0,97,109,0,1,32,2019,10,750000.0,True,0.0,-0.14184925043885277,-0.12037632291410086,-0.09984655995698968,-0.09491549717414388,0.353640240326348,Action,12515,0.877427087495006
285310,RollerCoaster Tycoon®: Deluxe,2014-05-21,False,5.99,False,0,Chris Sawyer Productions,Atari,"Simulation, Strategy","Single-player, Family Sharing","Simulation, Management, Classic, Sandbox, Strategy, Singleplayer, Building, Isometric, Nostalgia, Funny",True,False,False,7203,7282,427,"500,000 .. 1,000,000",629,55,163,236,0,0,0,2014,5,750000.0,False,1.944480556245719,-0.0912348362772491,-0.20171876251825585,-0.14209042723478343,-0.3453586044247277,-0.7903090588163041,Simulation,7709,0.9446101958749513
6120,Shank,2010-10-25,False,9.99,False,0,Klei Entertainment,Klei Entertainment,"Action, Indie","Single-player, Multi-player, Shared/Split Screen, Steam Achievements, Full controller support, Steam Cloud, Remote Play on TV, Remote Play Together, Family Sharing","Action, Beat 'em up, Indie, 2D, Side Scroller, Local Co-Op, Platformer, Gore, Singleplayer, Co-op",True,True,True,2955,3379,378,"200,000 .. 500,000",107,0,99,2,17,0,12,2010,10,350000.0,False,2.39698576841553,-0.12108490310475047,-0.35898081241962215,-0.14209042723478343,-0.25144243920575876,-1.7054684981304258,Action,3757,0.8993878094224115
788770,Meteor 60 Seconds!,2018-02-26,False,0.0,True,0,AvoCavo,AvoCavo,"Action, Casual, Free To Play, Indie, Simulation",Single-player,"Free to Play, Funny, Indie, Multiple Endings, Casual, Simulation, Action, Singleplayer, 2D, Sexual Content",True,True,False,0,4523,167,"200,000 .. 500,000",33,0,26,2,0,0,0,2018,2,350000.0,True,0.0,-0.14184925043885277,-0.38127466623705725,-0.14209042723478343,-0.3453586044247277,0.12485038049781758,Action,4690,0.9643923240938166
204120,LEGO® Harry Potter: Years 5-7,2012-01-05,False,3.99,False,80,Traveller's Tales,Warner Bros. Interactive Entertainment,Adventure,"Single-player, Multi-player, Shared/Split Screen, Full controller support, Remote Play on Phone, Remote Play on Tablet, Remote Play on TV, Remote Play Together, Family Sharing","LEGO, Adventure, Magic, Local Co-Op, Family Friendly, Co-op, Action, Fantasy, Comedy, Split Screen",True,False,False,2202,2800,336,"200,000 .. 500,000",803,0,322,23,0,0,0,2012,1,350000.0,False,1.6074359097634274,-0.12637612257770445,-0.14929807921780042,-0.14209042723478343,-0.3453586044247277,-1.247888778473365,Adventure,3136,0.8928571428571429
1136370,Bear and Breakfast,2022-07-28,False,19.99,False,0,Gummy Cat,Armor Games Studios,"Adventure, Casual, RPG, Simulation","Single-player, Steam Achievements, Full controller support, Steam Trading Cards, Steam Cloud, Family Sharing","Cartoon, Economy, Life Sim, Relaxing, Cute, Singleplayer, Casual, Simulation, RPG, Crafting",True,False,False,4464,4406,477,"200,000 .. 500,000",167,0,174,40,0,0,43,2022,7,350000.0,False,3.0440461338325417,-0.11048138360317336,-0.34090471472980993,-0.14209042723478343,-0.008825679056755686,1.0400098198119392,Adventure,4883,0.9023141511365964
274980,Influent Language Learning Game,2014-03-20,False,19.99,False,0,Rob Howland,Three Flip Studios,"Casual, Indie, Simulation, Strategy","Single-player, Steam Achievements, Steam Trading Cards, Captions available, Steam Cloud, Stats, Family Sharing","Education, Family Friendly, Singleplayer, 3D, Exploration, Collectathon, Cute, Indie, Foreign, Colorful",True,True,True,966,1215,436,"200,000 .. 500,000",681,0,116,6,0,23,12,2014,3,350000.0,False,3.0440461338325417,-0.13506131151338988,-0.18605281118708528,0.829518520154473,-0.25144243920575876,-0.7903090588163041,Casual,1651,0.7359176256814052
410900,Forts,2017-04-19,False,8.99,False,40,EarthWork Games,EarthWork Games,"Action, Indie, Strategy","Single-player, Multi-player, PvP, Online PvP, LAN PvP, Co-op, Online Co-op, LAN Co-op, Steam Achievements, Steam Trading Cards, Captions available, Steam Workshop, Steam Cloud, Steam Leaderboards, Includes level editor, Family Sharing","Base-Building, Multiplayer, Physics, Strategy, Destruction, Building, Moddable, Sandbox, Action, 2D",True,False,False,20381,20535,1786,"1,000,000 .. 2,000,000",1175,0,345,379,0,8,54,2017,4,1500000.0,False,2.301584592660462,0.0013650179253904785,-0.03722627354096465,0.19586051098756663,0.07726413906063251,-0.10393947933071283,Action,22321,0.9199856637247436
266210,One Way Heroics,2014-02-28,False,3.49,False,0,Smoking WOLF,PLAYISM,"Indie, RPG","Single-player, Steam Achievements, Steam Trading Cards, Partial Controller Support, Steam Cloud, Family Sharing","Mystery Dungeon, Side Scroller, Traditional Roguelike, Dungeon Crawler, Rogue-lite, Perma Death, Turn-Based, JRPG, Rogue-like, RPG",True,False,False,3473,3816,239,"500,000 .. 1,000,000",320,0,105,13,0,1,59,2014,2,750000.0,False,1.501852701754163,-0.11744499382587907,-0.2948106656207888,-0.09984655995698968,0.11639587456853623,-0.7903090588163041,Indie,4055,0.9410604192355118
429540,Prime World: Defenders 2,2018-11-29,False,0.0,True,0,Nival,Nival,"Free To Play, Massively Multiplayer, Strategy","Single-player, Multi-player, MMO, Cross-Platform Multiplayer, Steam Trading Cards, In-App Purchases","Free to Play, Tower Defense, Strategy, Massively Multiplayer, Card Game, Tactical, Singleplayer, RTS, Competitive, Fantasy",True,False,False,0,1688,444,"200,000 .. 500,000",189,0,280,30,0,0,44,2018,11,350000.0,True,0.0,-0.14184925043885277,-0.3342768122435455,-0.14209042723478343,-0.0009993319551749415,0.12485038049781758,Massively Multiplayer,2132,0.7917448405253283
589360,Ni no Kuni™ II: Revenant Kingdom,2018-03-23,False,9.59,False,84,LEVEL5 Inc.,BANDAI NAMCO Entertainment,"Adventure, RPG","Single-player, Steam Achievements, Full controller support, Steam Trading Cards, Remote Play on Phone, Remote Play on Tablet, Remote Play on TV, Family Sharing","RPG, JRPG, Anime, Adventure, Open World, Singleplayer, Fantasy, Story Rich, Cute, Action RPG",True,False,False,8007,9019,1737,"500,000 .. 1,000,000",2024,0,707,93,0,4,63,2018,3,750000.0,False,2.359910159613315,-0.08558524735791975,0.21855050876987828,0.026885041876391583,0.14770126297485922,0.12485038049781758,Adventure,10756,0.8385087393082931
898750,Super Robot Wars 30,2021-10-27,False,59.99,False,0,Bandai Namco Forge Digitals Inc.,Bandai Namco Entertainment,"RPG, Simulation, Strategy","Single-player, Steam Achievements, Full controller support, Steam Trading Cards, Steam Cloud, Family Sharing","Strategy, RPG, JRPG, Mechs, Turn-Based Strategy, Simulation, Strategy RPG, Turn-Based Tactics, Anime, Tactical RPG",True,False,False,5505,5285,817,"500,000 .. 1,000,000",2765,0,1674,283,0,6,38,2021,10,750000.0,False,4.110709916308365,-0.10316643078598199,0.4417903152390592,0.1113727764319791,-0.04795741456465941,0.8112199599834088,RPG,6102,0.8661094723041626
315430,Polarity,2016-07-15,False,12.99,False,0,Bluebutton Games,Bluebutton Games,"Action, Adventure, Indie, Strategy","Single-player, Multi-player, Shared/Split Screen, Steam Achievements, Steam Trading Cards, Partial Controller Support, Remote Play Together, Family Sharing","Puzzle, First-Person, Indie, Local Co-Op, Adventure, Singleplayer, Action, Strategy, Platformer, Sci-fi",True,False,False,3677,3721,969,"500,000 .. 1,000,000",165,0,147,0,0,1,10,2016,7,750000.0,False,2.63834278867739,-0.11601151604037759,-0.34150725131947035,-0.09984655995698968,-0.26709513340892027,-0.33272933915924324,Action,4690,0.7933901918976546
1339140,BATTLE OF REBELS,2022-02-20,False,0.0,False,0,KOREK PRODUCTION,"Funbox Media Ltd, GS2 Games Inc","Action, Indie","Single-player, Family Sharing","FPS, Third-Person Shooter, Shooter, Third Person, First-Person, Action, 3D, Team-Based, Realistic, Sci-fi",True,False,False,0,6,1,"500,000 .. 1,000,000",0,0,0,0,0,0,0,2022,2,750000.0,True,0.0,-0.14184925043885277,-0.39121651996645396,-0.14209042723478343,-0.3453586044247277,1.0400098198119392,Action,7,0.8571428571428571
368180,Polyball,2017-12-01,False,3.99,False,0,Studio Monolith,Studio Monolith,"Action, Casual, Indie, Racing, Simulation","Single-player, Multi-player, PvP, Online PvP, Shared/Split Screen PvP, Co-op, Online Co-op, Shared/Split Screen Co-op, Shared/Split Screen, Cross-Platform Multiplayer, Steam Achievements, Full controller support, Steam Trading Cards, Steam Workshop, Steam Cloud, Stats, Steam Leaderboards, Includes level editor, Remote Play Together, Family Sharing","Racing, Indie, Action, Simulation, Casual, 3D Platformer, Physics, Platformer, Difficult, Time Attack",True,True,True,126,830,370,"200,000 .. 500,000",173,0,8,0,0,0,33,2017,12,350000.0,False,1.6074359097634274,-0.1409638671007489,-0.33909710496082873,-0.14209042723478343,-0.08708915007256314,-0.10393947933071283,Action,1200,0.6916666666666667
249050,Dungeon of the ENDLESS™,2014-10-27,False,11.99,False,0,AMPLITUDE Studios,AMPLITUDE Studios,"Adventure, Indie, RPG, Strategy","Single-player, Multi-player, Co-op, Online Co-op, Steam Achievements, Steam Trading Cards, Partial Controller Support, Steam Cloud, Family Sharing","Rogue-like, Strategy, Tower Defense, Pixel Graphics, Indie, RPG, Dungeon Crawler, Sci-fi, Adventure, Perma Death",True,True,False,9363,11749,1985,"1,000,000 .. 2,000,000",411,0,156,61,0,7,33,2014,10,1500000.0,False,2.5641798306825083,-0.07605683619546875,-0.26739525079124027,0.15361664370977285,-0.08708915007256314,-0.7903090588163041,Adventure,13734,0.8554681811562546
400510,The Final Take,2016-06-16,False,1.99,False,0,HUSH Interactive,Forever Entertainment S. A.,"Adventure, Indie","Single-player, Steam Achievements, Full controller support, Steam Trading Cards, Steam Cloud, Family Sharing","Indie, Adventure, Horror, First-Person",True,True,True,258,324,175,"200,000 .. 500,000",144,0,187,0,0,0,9,2016,6,350000.0,False,1.095273387402595,-0.14003632265130678,-0.34783388551090466,-0.14209042723478343,-0.274921480510501,-0.33272933915924324,Adventure,499,0.6492985971943888
619910,Just Cause™ 3: Multiplayer Mod,2017-07-20,False,0.0,True,0,nanos GbR,"nanos GbR, Square Enix","Action, Massively Multiplayer","Multi-player, PvP, Online PvP, Partial Controller Support","Action, Massively Multiplayer, Open World, Multiplayer, Violent, Shooter, Free to Play, Third-Person Shooter, Mod, Sandbox",True,False,False,0,2078,580,"200,000 .. 500,000",296,1,76,2,17,0,0,2017,7,350000.0,True,0.0,-0.14184925043885277,-0.3020411046967137,-0.14209042723478343,-0.3453586044247277,-0.10393947933071283,Action,2658,0.781790820165538
2334220,Home Sweet Home : Online,2023-06-21,False,0.0,False,0,YGGDRAZIL GROUP PUBLIC COMPANY LIMITED,Shift Now,"Action, Indie, Strategy","Multi-player, PvP, Online PvP, Co-op, Online Co-op, In-App Purchases, Family Sharing","Strategy, Action, Survival Horror, Multiplayer, Survival, Co-op, e-sports, Nudity, Free to Play, Third Person",True,False,False,0,1029,975,"200,000 .. 500,000",972,0,1853,0,0,0,0,2023,6,350000.0,True,0.0,-0.14184925043885277,-0.098383737391496,-0.14209042723478343,-0.3453586044247277,1.2687996796404697,Action,2004,0.5134730538922155
745920,Temtem,2022-09-06,False,8.99,False,80,Crema,Balor Games,"Adventure, Indie, Massively Multiplayer, RPG","Multi-player, MMO, PvP, Online PvP, Co-op, Online Co-op, Cross-Platform Multiplayer, Steam Achievements, Full controller support, Steam Trading Cards, Camera Comfort, Custom Volume Controls, Keyboard Only Option, Mouse Only Option, Save Anytime, Stereo Sound, Touch Only Option, Steam Cloud, Remote Play on Phone, Remote Play on Tablet, Remote Play on TV","Co-op, Multiplayer, Creature Collector, RPG, Turn-Based Combat, Story Rich, Adventure, PvE, PvP, Turn-Based Tactics",True,False,False,31235,31828,7113,"500,000 .. 1,000,000",2395,302,588,200,0,2,47,2022,9,750000.0,False,2.301584592660462,0.07763446833633676,0.33032104615188385,-0.05760269267919593,0.022479709349567292,1.0400098198119392,Adventure,38941,0.8173390513854293
2140510,Town of Salem 2,2023-08-25,False,0.0,True,0,BlankMediaGames LLC,Digital Bandidos,"Action, Casual, RPG, Strategy, Free To Play","Multi-player, PvP, Online PvP, Steam Achievements, In-App Purchases","Free to Play, Social Deduction, Strategy, RPG, PvP, Multiplayer, Casual, Conversation, Cartoony, Strategy RPG",True,True,False,3953,5692,2092,"500,000 .. 1,000,000",3139,0,66,382,0,2,482,2023,8,750000.0,True,0.0,-0.11407210491881677,0.5544646575055554,-0.05760269267919593,3.4269406985371913,1.2687996796404697,Action,7784,0.7312435765673175
678800,SAS: Zombie Assault 4,2017-10-16,False,0.0,True,0,Ninja Kiwi,Ninja Kiwi,"Action, RPG, Free To Play","Single-player, Multi-player, PvP, Online PvP, Co-op, Online Co-op, Cross-Platform Multiplayer, Steam Achievements, Full controller support, In-App Purchases, Steam Leaderboards","Free to Play, Zombies, Multiplayer, Top-Down Shooter, Action, Co-op, Shooter, Top-Down, 2D, RPG",True,True,False,0,7854,1258,"1,000,000 .. 2,000,000",331,0,89,205,0,0,64,2017,10,1500000.0,True,0.0,-0.14184925043885277,-0.29149671437765656,-0.14209042723478343,0.15552761007643995,-0.10393947933071283,Action,9112,0.8619402985074627
1557740,ROUNDS,2021-04-01,False,5.99,False,0,Landfall,Landfall,"Action, Indie","Multi-player, PvP, Online PvP, Shared/Split Screen PvP, Shared/Split Screen, Partial Controller Support, Remote Play Together, Family Sharing","Multiplayer, Fighting, Local Multiplayer, 2D Fighter, Deckbuilding, Rogue-lite, Action, Indie, Physics, Card Battler",True,True,False,33924,34893,1765,"2,000,000 .. 5,000,000",614,150,270,555,0,0,24,2021,4,3500000.0,False,1.944480556245719,0.09652967306777535,-0.2062377869407089,-0.14209042723478343,-0.15752627398678984,0.8112199599834088,Action,36658,0.9518522559877789
402840,Crusaders of the Lost Idols,2015-10-13,False,0.0,True,0,Codename Entertainment Inc.,Codename Entertainment Inc.,"Casual, Free To Play, Indie","Single-player, Steam Achievements, Steam Trading Cards","Free to Play, Clicker, Casual, Indie, Funny, Singleplayer, Fantasy, Strategy, 2D, Addictive",True,True,False,0,2420,504,"200,000 .. 500,000",283,0,84,180,0,18,99,2015,10,350000.0,True,0.0,-0.14184925043885277,-0.30595759252950633,0.6182991837655042,0.42944975863176604,-0.5615191989877737,Casual,2924,0.8276333789329685
2445690,Lost Castle 2,2024-07-24,False,17.99,False,0,Hunter Studio,Hunter Studio,"Action, Adventure, Indie, RPG, Early Access","Single-player, Multi-player, Co-op, Online Co-op, Shared/Split Screen Co-op, Shared/Split Screen, Steam Achievements, Partial Controller Support, Steam Cloud, Stats, Remote Play Together, Family Sharing","Early Access, Multiplayer, Local Co-Op, Singleplayer, Rogue-like, Online Co-Op, Rogue-lite, Action Roguelike, Beat 'em up, Action",True,False,False,8603,6425,1865,"200,000 .. 500,000",1953,347,910,1121,0,1,29,2024,7,350000.0,False,2.9439125248241944,-0.08139724363165073,0.1971604598369338,-0.09984655995698968,-0.11839453847888612,1.497589539469,Action,8290,0.7750301568154403
2375550,Like a Dragon Gaiden: The Man Who Erased His Name,2023-11-08,False,49.99,False,0,Ryu Ga Gotoku Studio,SEGA,"Action, Adventure","Single-player, Steam Achievements, Full controller support, Steam Trading Cards, Steam Cloud, Family Sharing","Action, Beat 'em up, Action RPG, Action-Adventure, Sexual Content, Story Rich, Violent, Singleplayer, Open World, Martial Arts",True,False,False,8745,9974,357,"200,000 .. 500,000",1427,0,1198,77,0,1,62,2023,11,350000.0,False,3.9316295350670645,-0.08039943066331147,0.03869333675624668,-0.09984655995698968,0.13987491587327847,1.2687996796404697,Action,10331,0.9654438098925564
2348120,Kagura Survivors: Endless Night,2023-03-31,False,0.0,True,0,"Big Bang Studio, Swaps4 Productions",Kagura Games,"Action, RPG, Free To Play, Early Access","Single-player, Steam Achievements, Partial Controller Support, Steam Cloud","Sexual Content, Free to Play, RPG, Pixel Graphics, Hentai, Nudity, Anime, Mature, Action RPG, Singleplayer",True,False,False,0,2107,485,"200,000 .. 500,000",86,0,63,26,0,1,108,2023,3,350000.0,True,0.0,-0.14184925043885277,-0.36530744661105646,-0.09984655995698968,0.49988688254599273,1.2687996796404697,Action,2592,0.8128858024691358
1989270,Slay the Princess — The Pristine Cut,2023-10-23,False,17.99,False,0,Black Tabby Games,"Black Tabby Games, Serenity Forge","Adventure, Indie, RPG, Simulation","Single-player, Steam Achievements, Full controller support, Steam Trading Cards, Adjustable Text Size, Custom Volume Controls, Keyboard Only Option, Mouse Only Option, Narrated Game Menus, Playable without Timed Input, Save Anytime, Subtitle Options, Steam Cloud, Family Sharing","Visual Novel, Choices Matter, Psychological Horror, Horror, Choose Your Own Adventure, Story Rich, CRPG, Lore-Rich, Point & Click, Simulation",True,True,True,29135,23265,698,"500,000 .. 1,000,000",576,19,314,134,0,2,131,2023,10,750000.0,False,2.9439125248241944,0.0628780793679392,-0.21768598214425666,-0.05760269267919593,0.6798928658823499,1.2687996796404697,Adventure,23963,0.9708717606309728
230290,Universe Sandbox,2015-08-24,False,29.99,False,0,Giant Army,Giant Army,"Casual, Indie, Simulation, Early Access","Single-player, Steam Workshop, Adjustable Text Size, Custom Volume Controls, Mouse Only Option, Playable without Timed Input, Save Anytime, Touch Only Option, Partial Controller Support, Steam Cloud, Family Sharing","Sandbox, Space, Simulation, Physics, Science, Destruction, Realistic, God Game, Education, Singleplayer",True,True,False,26558,26456,992,"1,000,000 .. 2,000,000",847,34,202,357,0,0,0,2015,8,1500000.0,False,3.433664571799657,0.04476988204814846,-0.13604227424527146,-0.14209042723478343,-0.3453586044247277,-0.5615191989877737,Casual,27448,0.9638589332556106
395170,DISTRAINT: Deluxe Edition,2015-10-21,False,0.69,False,86,Jesse Makkonen,Jesse Makkonen,"Adventure, Casual, Indie","Single-player, Steam Achievements, Full controller support, Steam Trading Cards, Steam Cloud, Family Sharing","Indie, Psychological Horror, Horror, Pixel Graphics, 2D, Adventure, Story Rich, Atmospheric, Singleplayer, Dark",True,False,False,7503,11408,834,"2,000,000 .. 5,000,000",262,0,243,3,0,0,16,2015,10,3500000.0,False,0.5247285289349821,-0.08912678071033517,-0.3122842267209406,-0.14209042723478343,-0.2201370507994358,-0.5615191989877737,Adventure,12242,0.9318738768175134
236150,Starpoint Gemini 2,2014-09-26,False,34.99,False,0,Little Green Men Games,Little Green Men Games,"Action, RPG, Simulation","Single-player, Steam Achievements, Steam Trading Cards, Steam Workshop, Partial Controller Support, Steam Cloud, Family Sharing","Space, Simulation, RPG, Open World, Sci-fi, Space Sim, Singleplayer, Action, Moddable, Spaceships",True,False,False,3015,2843,1250,"500,000 .. 1,000,000",3549,0,239,4,0,4,52,2014,9,750000.0,False,3.5832411220909393,-0.12066329199136767,0.6779846583859388,0.026885041876391583,0.06161144485747102,-0.7903090588163041,Action,4093,0.694600537503054
383180,Dead Island: Riptide Definitive Edition,2016-05-31,False,19.99,False,0,Techland,Deep Silver,Action,"Single-player, Multi-player, Co-op, Online Co-op, Steam Achievements, Full controller support, Steam Trading Cards, Captions available, Steam Cloud, Stats, Family Sharing","Zombies, Co-op, Multiplayer, Open World, Gore, Action, Survival, First-Person, Horror, Adventure",True,False,True,5939,8342,3358,"1,000,000 .. 2,000,000",293,0,83,140,17,0,35,2016,5,1500000.0,False,3.0440461338325417,-0.1001167770658465,-0.3029449095812043,-0.14209042723478343,-0.07143645586940164,-0.33272933915924324,Action,11700,0.712991452991453
436110,Medusa's Labyrinth,2016-02-15,False,0.0,True,0,Guru Games,Guru Games,"Action, Adventure, Free To Play, Indie","Single-player, Partial Controller Support","Free to Play, Horror, Adventure, Action, Indie, Multiplayer, First-Person, Singleplayer, Mythology, FPS",True,False,False,0,861,248,"200,000 .. 500,000",40,0,35,1,0,1,0,2016,2,350000.0,True,0.0,-0.14184925043885277,-0.3791657881732458,-0.09984655995698968,-0.3453586044247277,-0.33272933915924324,Action,1109,0.7763751127141569
1252600,ANOTHER EDEN,2021-03-30,False,0.0,True,0,"WFS, Inc.","WFS, Inc.","RPG, Free To Play","Single-player, Steam Achievements, In-App Purchases","Free to Play, JRPG, RPG, Singleplayer, Time Travel, Fantasy, 2.5D, Story Rich, Anime, Turn-Based",True,False,False,0,1290,575,"500,000 .. 1,000,000",823,0,1200,120,0,0,20,2021,3,750000.0,True,0.0,-0.14184925043885277,-0.14327271332119634,-0.14209042723478343,-0.18883166239311283,0.8112199599834088,RPG,1865,0.6916890080428955
2218400,Greedland,2025-09-15,False,12.99,False,0,VaMP He,"Gamersky Games, 2P Games","Action, Adventure, Casual, Indie","Single-player, Multi-player, Co-op, Shared/Split Screen Co-op, Shared/Split Screen, Steam Achievements, Full controller support, Steam Trading Cards, Steam Cloud, Remote Play Together, Family Sharing","Rogue-lite, Bullet Hell, Early Access, Action Roguelike, Rogue-like, Score Attack, Adventure, Action, Top-Down, Singleplayer",True,False,False,2735,2091,340,"200,000 .. 500,000",2017,0,467,45,0,0,180,2025,9,350000.0,False,2.63834278867739,-0.12263081052048735,0.21644163070606684,-0.14209042723478343,1.0633838738598065,1.7263793992975305,Action,2431,0.8601398601398601
866140,Arise: A Simple Story,2020-12-03,False,19.99,False,0,Piccolo Studio,Untold Tales,"Adventure, Indie","Single-player, Multi-player, Co-op, Shared/Split Screen Co-op, Shared/Split Screen, Steam Achievements, Full controller support, Steam Trading Cards, Steam Cloud, Remote Play Together, Family Sharing","Emotional, 3D Platformer, Time Manipulation, Exploration, Cute, Relaxing, Puzzle-Platformer, Local Co-Op, Story Rich, Platformer",True,False,False,2545,2259,209,"200,000 .. 500,000",147,0,184,5,0,4,34,2020,12,350000.0,False,3.0440461338325417,-0.12396591237953285,-0.346930080626414,0.026885041876391583,-0.07926280297098239,0.5824301001548784,Adventure,2468,0.9153160453808752
356650,Death's Gambit: Afterlife,2018-08-13,False,7.99,False,60,White Rabbit,Serenity Forge,"Action, Adventure, Indie, RPG","Single-player, Steam Achievements, Full controller support, Steam Trading Cards, Remote Play on TV, Family Sharing","Souls-like, Metroidvania, RPG, Pixel Graphics, Dark Fantasy, Action, 2D, Indie, Adventure, Platformer",True,False,False,4204,4299,974,"200,000 .. 500,000",425,0,189,18,0,2,43,2018,8,350000.0,False,2.196112848483529,-0.11230836509449878,-0.2631774946636174,-0.05760269267919593,-0.008825679056755686,0.12485038049781758,Action,5273,0.8152854162715721
1787080,Office No.41: Prototype Edition,2022-01-07,False,2.99,False,0,Burning Forest,Cooky Cookie Production,"Adventure, Indie, Simulation","Single-player, Family Sharing","Horror, Psychological Horror, Survival Horror, Atmospheric, Adventure, Story Rich, First-Person, Dark, Stealth, Survival",True,False,False,0,20,9,"200,000 .. 500,000",0,0,0,0,0,0,0,2022,1,350000.0,False,1.3837912309017721,-0.14184925043885277,-0.39121651996645396,-0.14209042723478343,-0.3453586044247277,1.0400098198119392,Adventure,29,0.6896551724137931
219680,Proteus,2013-01-30,False,9.99,False,0,Ed Key and David Kanaga,Twisted Tree,"Adventure, Casual, Indie","Single-player, Full controller support, Family Sharing","Exploration, Walking Simulator, Relaxing, Indie, Casual, Procedural Generation, Experimental, First-Person, Beautiful, Adventure",True,True,True,1401,2078,663,"200,000 .. 500,000",64,0,40,2,0,0,0,2013,1,350000.0,False,2.39698576841553,-0.13200463094136466,-0.37193534909732096,-0.14209042723478343,-0.3453586044247277,-1.0190989186448345,Adventure,2741,0.7581174753739511
46500,Syberia,2011-05-19,False,12.99,False,0,Microids,Microids,"Adventure, Casual","Single-player, Steam Trading Cards, Remote Play on Phone, Remote Play on Tablet, Family Sharing","Adventure, Point & Click, Puzzle, Female Protagonist, Casual, Steampunk, Atmospheric, Story Rich, Mystery, Classic",True,False,False,3845,5566,739,"500,000 .. 1,000,000",313,0,160,25,0,0,0,2011,5,750000.0,False,2.63834278867739,-0.11483100492290578,-0.2969195436846002,-0.14209042723478343,-0.3453586044247277,-1.4766786383018953,Adventure,6305,0.8827914353687549
2000950,Call of Duty®: Modern Warfare®,2023-03-08,False,59.99,False,0,"Infinity Ward, Beenox, High Moon Studios, Raven Software",Activision,Action,"Single-player, Multi-player, PvP, Online PvP, Co-op, Online Co-op, Cross-Platform Multiplayer, Steam Achievements, Full controller support, In-App Purchases","Action, Singleplayer, FPS, Multiplayer, Shooter, Military, First-Person, Tactical, Story Rich, Modern",True,False,False,37415,16610,4378,"1,000,000 .. 2,000,000",520,273,364,847,18,2,27,2023,3,1500000.0,False,4.110709916308365,0.12106041301476388,-0.23455700665474805,-0.05760269267919593,-0.1340472326820476,1.2687996796404697,Action,20988,0.7914046121593291
294750,Anomaly Defenders,2014-05-29,False,9.99,False,0,11 bit studios,11 bit studios,"Action, Indie, Strategy","Single-player, Steam Achievements, Steam Trading Cards, Steam Cloud, Steam Leaderboards, Family Sharing","Strategy, Tower Defense, Action, Indie, Sci-fi, Singleplayer, Top-Down",True,True,True,400,493,145,"200,000 .. 500,000",2757,0,358,1,0,0,20,2014,5,350000.0,False,2.39698576841553,-0.1390385096829675,0.4393801688804176,-0.14209042723478343,-0.18883166239311283,-0.7903090588163041,Action,638,0.7727272727272727
1105510,Yakuza 5 Remastered,2021-01-28,False,19.99,False,0,Ryu Ga Gotoku Studio,SEGA,"Action, Adventure","Single-player, Steam Achievements, Full controller support, Family Sharing","Action, Adventure, Beat 'em up, Open World, Crime, RPG, Action RPG, Drama, Story Rich, Third Person",True,False,False,5981,5658,673,"500,000 .. 1,000,000",2230,0,1504,149,17,0,56,2021,1,750000.0,False,3.0440461338325417,-0.09982164928647855,0.28061177750490024,-0.14209042723478343,0.092916833263794,0.8112199599834088,Action,6331,0.8936976780919286
223470,POSTAL 2,2012-11-02,False,9.99,False,0,Running With Scissors,Running With Scissors,"Action, Adventure, Indie","Single-player, Steam Achievements, Full controller support, Steam Trading Cards, Steam Workshop, Steam Cloud, Includes level editor, Family Sharing","Violent, Dark Humor, Open World, Mature, First-Person, Funny, Comedy, Sandbox, Moddable, Third Person",True,False,True,112307,112414,3644,"5,000,000 .. 10,000,000",595,155,229,320,18,2,89,2012,11,7500000.0,False,2.39698576841553,0.6473154047391593,-0.21196188454248277,-0.05760269267919593,0.3511862876159586,-1.247888778473365,Action,116058,0.96860190594358
368370,Her Story,2015-06-24,False,9.99,False,0,Sam Barlow,Sam Barlow,"Adventure, Casual, Indie, Simulation","Single-player, Steam Achievements, Steam Trading Cards, Family Sharing","Investigation, Typing, Choose Your Own Adventure, Interactive Fiction, Exploration, Detective, Puzzle, Crime, Visual Novel, FMV",True,True,False,8216,8718,1014,"1,000,000 .. 2,000,000",192,0,187,11,0,0,13,2015,6,1500000.0,False,2.39698576841553,-0.08411663531296971,-0.33337300735905484,-0.14209042723478343,-0.24361609210417803,-0.5615191989877737,Adventure,9732,0.8958076448828607
343100,Overture,2015-02-02,False,4.99,False,0,Black Shell Games,Plug In Digital,"Action, Adventure, Casual, Indie, RPG, Strategy","Single-player, Steam Achievements, Full controller support, Steam Trading Cards, Captions available, Family Sharing","Action Roguelike, Indie, RPG, Action, Pixel Graphics, Rogue-like, Adventure, Bullet Hell, Dungeon Crawler, Casual",True,False,False,571,949,303,"200,000 .. 500,000",238,0,235,0,0,1,4,2015,2,350000.0,False,1.7900914121273581,-0.13783691800982656,-0.3195146657968655,-0.09984655995698968,-0.31405321601840475,-0.5615191989877737,Action,1252,0.7579872204472844
1333350,Angel Legion,2020-08-14,False,0.0,True,0,Shanghai SilverMoon Network Technology Co.Ltd,Shanghai SilverMoon Network Technology Co.Ltd,"Adventure, RPG, Strategy, Free To Play","Single-player, Multi-player, MMO, PvP, Online PvP, Co-op, Online Co-op, In-App Purchases","Sexual Content, Mature, Nudity, Hentai, Free to Play, NSFW, Female Protagonist, 3D, Anime, Character Customization",True,True,False,0,9717,1727,"500,000 .. 1,000,000",70,0,65,450,0,338,0,2020,8,750000.0,True,0.0,-0.14184925043885277,-0.3701277393283397,14.136336712659507,-0.3453586044247277,0.5824301001548784,Adventure,11444,0.8490912268437609
1406850,The Legend of Tianding,2021-11-01,False,4.99,False,75,"Creative Games Computer Graphics Corporation, Neon Doctrine",Neon Doctrine,"Action, Adventure, RPG","Single-player, Steam Achievements, Partial Controller Support, Steam Cloud, Family Sharing","Adventure, Controller, RPG, Combat, Martial Arts, Side Scroller, Beat 'em up, Hack and Slash, Spectacle fighter, Platformer",True,True,False,3189,3743,224,"200,000 .. 500,000",213,0,177,17,0,2,26,2021,11,350000.0,False,1.7900914121273581,-0.1194406197625576,-0.3270463731676206,-0.05760269267919593,-0.14187357978362836,0.8112199599834088,Action,3967,0.9435341567935468
1028470,Dis The Game,2021-02-18,False,0.0,True,0,Leaf,DisStream,Free To Play,Single-player,"Free to Play, 2D Platformer, Adventure, Psychological Horror, Memes, Pixel Graphics",True,True,True,0,917,651,"200,000 .. 500,000",0,0,0,0,0,0,0,2021,2,350000.0,True,0.0,-0.14184925043885277,-0.39121651996645396,-0.14209042723478343,-0.3453586044247277,0.8112199599834088,Other,1568,0.5848214285714286
1278060,FPV SkyDive : FPV Drone Simulator,2021-05-31,False,0.0,True,0,ORQA,ORQA,"Adventure, Casual, Racing, Simulation, Sports, Free To Play","Single-player, Multi-player, Co-op, LAN Co-op, Steam Achievements, Partial Controller Support","Flight, Exploration, Racing, Sports, Education, Parkour, Nature, Physics, VR, First-Person",True,True,True,0,1796,384,"200,000 .. 500,000",1042,0,91,77,0,4,21,2021,5,350000.0,True,0.0,-0.14184925043885277,-0.07729495675338174,0.026885041876391583,-0.18100531529153208,0.8112199599834088,Adventure,2180,0.8238532110091743
209190,Stealth Bastard Deluxe,2012-11-28,False,9.99,False,0,Curve Studios,Curve Games,"Action, Indie","Single-player, Steam Achievements, Steam Trading Cards, Custom Volume Controls, Keyboard Only Option, Partial Controller Support, Steam Cloud, Steam Leaderboards, Family Sharing","Stealth, Platformer, Indie, Puzzle, Action, Singleplayer, 2D, GameMaker, Difficult, Fast-Paced",True,True,True,710,1042,134,"200,000 .. 500,000",234,271,105,2,0,2,27,2012,11,350000.0,False,2.39698576841553,-0.13686018559715643,-0.32071973897618633,-0.05760269267919593,-0.1340472326820476,-1.247888778473365,Action,1176,0.8860544217687075
3179020,CrimSaw,2024-09-30,False,4.99,False,0,SkyBrave,TENSTACK,"Action, Indie","Single-player, Steam Achievements, Steam Cloud, Steam Leaderboards, Family Sharing","Arena Shooter, Boomer Shooter, Bullet Hell, FPS, Hack and Slash, Difficult, Shooter, Arcade, 3D, First-Person",True,True,True,0,16,3,"200,000 .. 500,000",0,0,0,0,0,0,9,2024,9,350000.0,False,1.7900914121273581,-0.14184925043885277,-0.39121651996645396,-0.14209042723478343,-0.274921480510501,1.497589539469,Action,19,0.8421052631578947
495910,Dungeon Fighter Online,2016-08-09,False,0.0,True,0,Neople,Neople,"Action, Adventure, Massively Multiplayer, RPG, Free To Play","Multi-player, MMO, PvP, Online PvP, Steam Achievements, Steam Trading Cards","Free to Play, Anime, RPG, Character Customization, Beat 'em up, 2D Fighter, Story Rich, Fantasy, PvE, Massively Multiplayer",True,False,False,0,3397,2141,"500,000 .. 1,000,000",817,0,205,173,0,2,156,2016,8,750000.0,True,0.0,-0.14184925043885277,-0.14508032309017757,-0.05760269267919593,0.8755515434218685,-0.33272933915924324,Action,5538,0.6133983387504515
1546320,Your Chronicle,2021-04-04,False,0.0,True,0,Samurai Games,Samurai Games,"RPG, Free To Play","Single-player, Steam Achievements, In-App Purchases, Steam Cloud","RPG, Idler, Text-Based, Clicker, Auto Battler, Adventure, Free to Play, Singleplayer, Collectathon, Fantasy",True,True,True,0,1640,408,"200,000 .. 500,000",4535,138,1930,3324,0,1,65,2021,4,350000.0,True,0.0,-0.14184925043885277,0.9750351970885196,-0.09984655995698968,0.1633539571780207,0.8112199599834088,RPG,2048,0.80078125
221380,Age of Empires II (Retired),2013-04-09,False,19.99,False,0,"Skybox Labs, Hidden Path Entertainment, Ensemble Studios, Forgotten Empires",Xbox Game Studios,Strategy,"Single-player, Multi-player, Steam Achievements, Steam Trading Cards, Captions available, Steam Workshop, Steam Cloud, Stats, Steam Leaderboards, Includes level editor, Family Sharing","Strategy, RTS, Medieval, Multiplayer, Classic, Historical, Base-Building, City Builder, Resource Management, Singleplayer",True,False,False,84452,97083,4268,"5,000,000 .. 10,000,000",2554,1456,835,2278,0,3,294,2013,4,7500000.0,False,3.0440461338325417,0.45158244535120023,0.3782227050298862,-0.015358825401402173,1.9555874434400113,-1.0190989186448345,Strategy,101351,0.9578889206815917
1465460,Infection Free Zone,2024-04-11,False,17.49,False,30,Jutsu Games,Games Operators,"Action, Indie, Simulation, Strategy, Early Access","Single-player, Steam Achievements, Steam Workshop, Steam Cloud, Includes level editor, Family Sharing","Early Access, Base-Building, Post-apocalyptic, City Builder, Zombies, Strategy, Management, Simulation, Survival, RTS",True,False,False,15337,11530,3058,"500,000 .. 1,000,000",1137,2553,367,806,0,1,26,2024,4,750000.0,False,2.9172300453990334,-0.03407842300632253,-0.04867446874451239,-0.09984655995698968,-0.14187357978362836,1.497589539469,Action,14588,0.7903756512201809
738540,Tales of Vesperia: Definitive Edition,2019-01-10,False,49.99,False,0,"QLOC, BANDAI NAMCO Studios Inc.",BANDAI NAMCO Entertainment,RPG,"Single-player, Multi-player, PvP, Shared/Split Screen PvP, Co-op, Shared/Split Screen Co-op, Steam Achievements, Partial Controller Support, Steam Cloud, Steam Leaderboards, Remote Play on Phone, Remote Play on Tablet, Remote Play on TV, Remote Play Together, Family Sharing","JRPG, RPG, Anime, Story Rich, Action RPG, Singleplayer, Local Co-Op, Adventure, Fantasy, Great Soundtrack",True,False,False,3703,3670,843,"200,000 .. 500,000",206,0,177,74,0,2,53,2019,1,350000.0,False,3.9316295350670645,-0.11582881789124505,-0.329155251231432,-0.05760269267919593,0.06943779195905177,0.353640240326348,RPG,4513,0.8132062929315311
2270,Wolfenstein 3D,2007-08-03,False,4.99,False,0,id Software,Bethesda Softworks,Action,"Single-player, Adjustable Text Size, Camera Comfort, Color Alternatives, Keyboard Only Option, Save Anytime, Stereo Sound, Steam Cloud, Family Sharing","FPS, Retro, Action, World War II, 1990's, Singleplayer, Old School, First-Person, Shooter, Pixel Graphics",True,False,False,3650,3662,258,"500,000 .. 1,000,000",169,0,28,10,17,0,0,2007,8,750000.0,False,1.7900914121273581,-0.11620124104139984,-0.34030217814014957,-0.14209042723478343,-0.3453586044247277,-2.391838077616017,Action,3920,0.9341836734693878
2495450,Winter Memories,2024-01-05,False,15.99,False,20,Dojin Otome,Kagura Games,"Adventure, Casual, RPG, Simulation","Single-player, Steam Cloud, Family Sharing","Sexual Content, Mature, Hentai, Nudity, NSFW, FPS, Pixel Graphics, RPG, Anime, Simulation",True,False,False,10021,8944,229,"200,000 .. 500,000",2458,3,536,268,0,0,0,2024,1,350000.0,False,2.8326249356838407,-0.07143316765203751,0.34930094872618667,-0.14209042723478343,-0.3453586044247277,1.497589539469,Adventure,9173,0.9750354300664995
1593500,God of War,2022-01-14,False,49.99,False,0,"Santa Monica Studio, Jetpack Interactive",PlayStation Publishing LLC,"Action, Adventure, RPG","Single-player, Steam Achievements, Full controller support, Adjustable Text Size, Camera Comfort, Color Alternatives, Custom Volume Controls, Adjustable Difficulty, Keyboard Only Option, Narrated Game Menus, Playable without Timed Input, Save Anytime, Stereo Sound, Subtitle Options, Surround Sound, Steam Cloud, Remote Play on TV, Family Sharing","Action, Singleplayer, Story Rich, Mythology, Adventure, Combat, Third Person, RPG, Hack and Slash, Violent",True,False,False,124962,151706,6311,"5,000,000 .. 10,000,000",1797,24,1528,1380,17,0,37,2022,1,7500000.0,False,3.9316295350670645,0.736240215403479,0.15016260584342203,-0.14209042723478343,-0.055783761666240154,1.0400098198119392,Action,158017,0.9600612592316017
204300,Awesomenauts,2012-08-01,False,19.99,False,0,Ronimo Games,Atari,"Action, Indie, Strategy","Single-player, Multi-player, PvP, Online PvP, Co-op, Online Co-op, Shared/Split Screen Co-op, Shared/Split Screen, Steam Achievements, Full controller support, Steam Trading Cards, Steam Workshop, Steam Cloud, Valve Anti-Cheat enabled, Steam Leaderboards, Includes level editor, Remote Play on TV, Remote Play Together, Family Sharing","MOBA, Multiplayer, 2D, Platformer, Action, Indie, Local Co-Op, Co-op, Great Soundtrack, Strategy",True,False,False,11837,22618,4113,"2,000,000 .. 5,000,000",830,0,278,83,0,79,46,2012,8,3500000.0,False,3.0440461338325417,-0.058672404620318475,-0.1411638352573849,3.1951750877109237,0.014653362247986548,-1.247888778473365,Action,26731,0.8461337024428566
415960,Energy Cycle,2016-01-13,False,2.99,False,0,Sometimes You,Sometimes You,"Casual, Indie","Single-player, Steam Achievements, Full controller support, Steam Trading Cards, Steam Cloud, Steam Leaderboards, Includes level editor, Remote Play on TV, Family Sharing","Casual, Indie, Puzzle",True,True,True,0,201,91,"200,000 .. 500,000",260,0,226,1,0,2,9,2016,1,350000.0,False,1.3837912309017721,-0.14184925043885277,-0.312886763310601,-0.05760269267919593,-0.274921480510501,-0.33272933915924324,Casual,292,0.6883561643835616
261760,Lichdom: Battlemage,2014-08-26,False,9.99,False,0,Xaviant,Xaviant Games,"Action, Indie, RPG","Single-player, Steam Achievements, Full controller support, Steam Trading Cards, Steam Cloud, Remote Play on TV, Family Sharing","Magic, RPG, Action, First-Person, Fantasy, Indie, Singleplayer, FPS, Adventure, Action RPG",True,False,False,2083,1680,1295,"200,000 .. 500,000",524,0,425,2,0,0,59,2014,8,350000.0,False,2.39698576841553,-0.1272123179525803,-0.23335193347542724,-0.14209042723478343,0.11639587456853623,-0.7903090588163041,Action,2975,0.5647058823529412
831450,Kolb Antarctica Experience,2018-04-17,False,2.99,False,0,Devika,Devika,"Adventure, Simulation","Single-player, Tracked Controller Support, VR Only, Family Sharing","Adventure, Simulation, VR",True,False,False,0,6,5,"500,000 .. 1,000,000",225,0,120,0,0,0,0,2018,4,750000.0,False,1.3837912309017721,-0.14184925043885277,-0.32343115362965813,-0.14209042723478343,-0.3453586044247277,0.12485038049781758,Adventure,11,0.5454545454545454
2198150,Tiny Glade,2024-09-23,False,14.99,False,0,Pounce Light,Pounce Light,"Casual, Indie, Simulation","Single-player, Camera Comfort, Custom Volume Controls, Mouse Only Option, Playable without Timed Input, Save Anytime, Stereo Sound, Partial Controller Support, Steam Cloud, Family Sharing","Building, Design & Illustration, Relaxing, Sandbox, Cozy, Casual, Medieval, Indie, Procedural Generation, Experimental",True,False,True,21574,19362,483,"500,000 .. 1,000,000",163,1,89,291,0,1,0,2024,9,750000.0,False,2.771963526845863,0.00974805222981824,-0.34210978790913077,-0.09984655995698968,-0.3453586044247277,1.497589539469,Casual,19845,0.9756613756613757
206480,Dungeons & Dragons Online®,2012-06-25,False,0.0,True,0,Standing Stone Games,Daybreak Game Company LLC,"Action, Adventure, Massively Multiplayer, RPG, Free To Play","Multi-player, MMO, PvP, Co-op, In-App Purchases","Free to Play, RPG, MMORPG, Dungeons & Dragons, Massively Multiplayer, Fantasy, Adventure, Multiplayer, Action, Dragons",True,False,False,0,5140,2090,"1,000,000 .. 2,000,000",670,0,147,260,0,0,0,2012,6,1500000.0,True,0.0,-0.14184925043885277,-0.1893667624302175,-0.14209042723478343,-0.3453586044247277,-1.247888778473365,Action,7230,0.710926694329184
370240,NBA 2K16,2015-09-29,False,0.0,False,0,Visual Concepts,2K,Sports,"Single-player, Multi-player, Shared/Split Screen, Steam Achievements, Full controller support, Steam Cloud, Remote Play on TV, Family Sharing","Sports, Basketball, Multiplayer, Simulation, Singleplayer, Realistic, Co-op, Great Soundtrack, Controller, Atmospheric",True,False,False,4285,3817,3556,"500,000 .. 1,000,000",8063,0,2956,30,0,0,50,2015,9,750000.0,True,0.0,-0.111739190091432,2.037909741249478,-0.14209042723478343,0.04595875065430953,-0.5615191989877737,Sports,7373,0.5176997151769972
250180,METAL SLUG 3,2014-02-14,False,7.99,False,0,"SNK CORPORATION, Dotemu",SNK CORPORATION,Action,"Single-player, Multi-player, Co-op, Online Co-op, Shared/Split Screen Co-op, Steam Achievements, Full controller support, Steam Trading Cards, Steam Cloud, Steam Leaderboards, Remote Play on Phone, Remote Play on Tablet, Remote Play on TV, Remote Play Together, Family Sharing","Arcade, Classic, Action, Co-op, Side Scroller, Retro, Local Co-Op, Shooter, 2D, Online Co-Op",True,False,False,6757,7698,881,"1,000,000 .. 2,000,000",127,0,71,17,0,1,30,2014,2,1500000.0,False,2.196112848483529,-0.09436881222006116,-0.3529554465230181,-0.09984655995698968,-0.11056819137730538,-0.7903090588163041,Action,8579,0.8973073784823405
934780,American Fugitive,2019-05-21,False,19.99,False,0,Fallen Tree Games Ltd,Curve Games,"Action, Adventure, Indie","Single-player, Steam Achievements, Full controller support, Steam Trading Cards, Custom Volume Controls, Keyboard Only Option, Mouse Only Option, Save Anytime, Steam Cloud, Remote Play on TV, Family Sharing","Action, Open World, Adventure, Indie, Top-Down, Sandbox, Crime, Top-Down Shooter, Driving, Isometric",True,False,False,1934,2308,780,"200,000 .. 500,000",314,0,318,12,0,0,46,2019,5,350000.0,False,3.0440461338325417,-0.12825931888414757,-0.29661827538977004,-0.14209042723478343,0.014653362247986548,0.353640240326348,Action,3088,0.7474093264248705
31270,Puzzle Agent,2010-07-07,False,4.99,False,0,Telltale,Telltale,"Action, Adventure, Casual","Single-player, Family Sharing","Puzzle, Adventure, Point & Click, Casual, Detective, Singleplayer, Mystery, Comedy, Surreal, Short",True,True,False,1598,2384,297,"500,000 .. 1,000,000",279,0,274,1,0,0,0,2010,7,750000.0,False,1.7900914121273581,-0.13062034111909118,-0.30716266570882717,-0.14209042723478343,-0.3453586044247277,-1.7054684981304258,Action,2681,0.8892204401342783
15130,Beyond Good and Evil™,2008-05-13,False,0.0,False,0,Ubisoft Montpellier,Ubisoft,"Action, Adventure","Single-player, Family Sharing","Adventure, Female Protagonist, Action, Third Person, Cult Classic, Stealth, Classic, Singleplayer, Sci-fi, Action-Adventure",True,False,False,3237,2951,475,"200,000 .. 500,000",119,0,15,3,0,0,0,2008,5,350000.0,True,0.0,-0.11910333087185136,-0.35536559288165975,-0.14209042723478343,-0.3453586044247277,-2.1630482177874866,Action,3426,0.8613543490951547
553540,Phantom Brigade,2023-02-28,False,14.99,False,50,Brace Yourself Games,Brace Yourself Games,"Indie, Simulation, Strategy","Single-player, Steam Achievements, Steam Trading Cards, Steam Workshop, Steam Cloud, Family Sharing","Turn-Based Tactics, Tactical RPG, Mechs, Strategy, Real Time Tactics, Tactical, Turn-Based, Turn-Based Strategy, Physics, Strategy RPG",True,False,False,4090,2370,725,"200,000 .. 500,000",1337,0,1310,27,0,2,46,2023,2,350000.0,False,2.771963526845863,-0.11310942620992606,0.011579190221528346,-0.05760269267919593,0.014653362247986548,1.2687996796404697,Indie,3095,0.7657512116316639
1229490,ULTRAKILL,2020-09-03,False,24.99,False,0,"Arsi ""Hakita"" Patala",New Blood Interactive,"Action, Indie, Early Access","Single-player, Full controller support, Steam Cloud, Family Sharing","Boomer Shooter, Fast-Paced, FPS, Blood, Character Action Game, Arena Shooter, Spectacle fighter, Retro, Singleplayer, Shooter",True,False,False,195590,165867,3884,"5,000,000 .. 10,000,000",1851,289,586,3122,0,0,0,2020,9,7500000.0,False,3.2577118486533987,1.2325327106701376,0.16643109376425302,-0.14209042723478343,-0.3453586044247277,0.5824301001548784,Action,169751,0.9771194278678771
1263850,Football Manager 2021,2020-11-24,False,0.0,False,0,Sports Interactive,SEGA,"Simulation, Sports","Single-player, Multi-player, Steam Achievements, Steam Cloud, Family Sharing","Sports, Simulation, Management, Football (Soccer), Singleplayer, Multiplayer, Football (American), Strategy, Co-op, Free to Play",True,True,False,14384,22342,1558,"2,000,000 .. 5,000,000",24407,0,17943,1122,0,1,98,2020,11,3500000.0,True,0.0,-0.04077501285721914,6.9618387519543266,-0.09984655995698968,0.4216234115301853,0.5824301001548784,Simulation,23900,0.9348117154811716
292000,No More Room in Hell 2,2024-10-22,False,29.99,False,0,Torn Banner Studios,Torn Banner Studios,"Action, Indie, Early Access","Multi-player, Co-op, Online Co-op, Cross-Platform Multiplayer","Early Access, Zombies, Multiplayer, Online Co-Op, Co-op, Action, Survival Horror, Survival, First-Person, Indie",True,False,False,10540,7885,8630,"200,000 .. 500,000",580,0,544,199,0,0,0,2024,10,350000.0,False,3.433664571799657,-0.0677862315212764,-0.21648090896493583,-0.14209042723478343,-0.3453586044247277,1.497589539469,Action,16515,0.4774447471995156
371140,Aegis Defenders,2018-02-08,False,19.99,False,0,GUTS Department,Balor Games,"Action, Adventure, Indie, RPG, Strategy","Single-player, Multi-player, Co-op, Shared/Split Screen Co-op, Shared/Split Screen, Steam Achievements, Full controller support, Captions available, Steam Cloud, Remote Play on TV, Remote Play Together, Family Sharing","Pixel Graphics, Tower Defense, Action, Indie, Strategy, Adventure, RPG, Platformer, Local Co-Op, Co-op",True,True,False,155,1377,375,"200,000 .. 500,000",80,0,38,4,0,1,31,2018,2,350000.0,False,3.0440461338325417,-0.14076008839594722,-0.36711505638003766,-0.09984655995698968,-0.10274184427572462,0.12485038049781758,Action,1752,0.785958904109589
1207650,Suzerain,2020-12-04,False,19.99,False,0,Torpor Games,Torpor Games,"Adventure, Indie, RPG","Single-player, Steam Achievements, Full controller support, Steam Cloud, Family Sharing","Visual Novel, Choose Your Own Adventure, Political Sim, Interactive Fiction, Political, Choices Matter, Text-Based, Story Rich, Multiple Endings, Politics",True,True,False,9964,8658,608,"500,000 .. 1,000,000",1354,0,640,258,0,5,220,2020,12,750000.0,False,3.0440461338325417,-0.07183369820975116,0.01670075123364181,0.06912890915418535,1.3764377579230362,0.5824301001548784,Adventure,9266,0.9343837686164472
614460,Amber Tail Adventure,2017-04-05,False,4.99,False,0,Xyak-Xyak,Xyak-Xyak,"Action, Adventure","Single-player, Full controller support, Steam Trading Cards, Family Sharing","Action, Adventure, Pixel Graphics, 2D, Retro, Indie, Difficult, Casual, Puzzle, Arcade",True,False,False,119,115,46,"200,000 .. 500,000",276,0,243,0,0,0,0,2017,4,350000.0,False,1.7900914121273581,-0.1410130550639769,-0.30806647059331776,-0.14209042723478343,-0.3453586044247277,-0.10393947933071283,Action,161,0.7142857142857143
1397920,Mr.Mine,2020-09-30,False,0.0,True,0,Playsaurus,Playsaurus,"Adventure, Casual, Indie, RPG, Simulation, Strategy, Free To Play","Single-player, Steam Achievements, Steam Trading Cards, In-App Purchases, Steam Cloud","Idler, Clicker, Simulation, Strategy, Mining, Casual, Indie, 2D, Pixel Graphics, Resource Management",True,True,False,0,15826,1390,"500,000 .. 1,000,000",1932,0,291,914,0,0,110,2020,9,750000.0,True,0.0,-0.14184925043885277,0.19083382564549953,-0.14209042723478343,0.5155395767491542,0.5824301001548784,Adventure,17216,0.9192611524163569
739630,Phasmophobia,2020-09-18,False,19.99,False,0,Kinetic Games,Kinetic Games,"Action, Indie, Early Access","Single-player, Multi-player, Co-op, Online Co-op, Steam Achievements, Full controller support, Tracked Controller Support, VR Supported, Steam Trading Cards, Camera Comfort, Adjustable Difficulty, Playable without Timed Input, Stereo Sound, Surround Sound, Steam Cloud, Remote Play on Phone, Remote Play on Tablet, Family Sharing","Horror, Online Co-Op, Multiplayer, Psychological Horror, Co-op, Supernatural, VR, First-Person, Investigation, Dark",True,False,False,666253,736611,32168,"10,000,000 .. 20,000,000",2371,199,915,9978,0,0,54,2020,9,15000000.0,False,3.0440461338325417,4.5398119016381875,0.32309060707595894,-0.14209042723478343,0.07726413906063251,0.5824301001548784,Action,768779,0.9581570256211474
45700,Devil May Cry 4,2009-12-22,False,0.0,False,0,Capcom,Capcom,"Action, Adventure","Single-player, Full controller support, Remote Play on TV, Family Sharing","Action, Hack and Slash, Character Action Game, Adventure, Great Soundtrack, Stylized, Spectacle fighter, Singleplayer, Third Person, Beat 'em up",True,False,False,1888,2098,204,"200,000 .. 500,000",556,0,254,9,0,0,0,2009,12,350000.0,True,0.0,-0.12858255407107438,-0.22371134804086074,-0.14209042723478343,-0.3453586044247277,-1.934258357958956,Action,2302,0.9113814074717637
1089980,The Henry Stickmin Collection,2020-08-07,False,5.99,False,60,PuffballsUnited,Innersloth,"Adventure, Casual, Indie","Single-player, Steam Achievements, Captions available, Remote Play on Phone, Remote Play on Tablet, Family Sharing","Funny, Multiple Endings, Choose Your Own Adventure, Memes, Comedy, Singleplayer, Choices Matter, Classic, Point & Click, 2D",True,True,False,53030,50017,681,"1,000,000 .. 2,000,000",274,0,287,185,0,0,82,2020,8,1500000.0,False,1.944480556245719,0.23078470527263434,-0.3086690071829782,-0.14209042723478343,0.2964018579048934,0.5824301001548784,Adventure,50698,0.9865675174563099
12830,Operation Flashpoint: Dragon Rising,2009-10-06,False,0.0,False,0,Codemasters,"Codemasters, Electronic Arts",Action,"Single-player, Partial Controller Support, Family Sharing","FPS, Action, Military, Tactical, Open World, Multiplayer, Simulation, Singleplayer, Co-op, First-Person",True,False,False,1600,1676,751,"500,000 .. 1,000,000",455,0,55,5,17,0,0,2009,10,750000.0,True,0.0,-0.13060628741531174,-0.2541394458187113,-0.14209042723478343,-0.3453586044247277,-1.934258357958956,Action,2427,0.6905644829007005
376570,WildStar,2016-06-09,False,0.0,False,0,Carbine Studios,NCSOFT,"Free To Play, Massively Multiplayer, RPG","MMO, Online PvP, Steam Achievements, Steam Trading Cards, In-App Purchases, Family Sharing","Free to Play, Massively Multiplayer, MMORPG, Open World, RPG, Sci-fi, PvP, PvE, Multiplayer, Character Customization",True,False,False,126,3822,1278,"1,000,000 .. 2,000,000",209,0,136,0,0,0,142,2016,6,1500000.0,True,0.0,-0.1409638671007489,-0.3282514463469414,-0.14209042723478343,0.7659826839997381,-0.33272933915924324,Massively Multiplayer,5100,0.7494117647058823
1335790,Operation: Tango,2021-06-01,False,19.99,False,0,Clever Plays,"Team17, Clever Plays","Adventure, Casual","Multi-player, Co-op, Online Co-op, Steam Achievements, Full controller support, Steam Trading Cards, Steam Cloud, Family Sharing","Online Co-Op, Puzzle, Co-op Campaign, Adventure, Co-op, Casual, Multiplayer, Hacking, Wholesome, Family Friendly",True,False,False,6897,6990,1007,"500,000 .. 1,000,000",295,0,281,30,0,1,30,2021,6,750000.0,False,3.0440461338325417,-0.09338505295550133,-0.3023423729915439,-0.09984655995698968,-0.11056819137730538,0.8112199599834088,Adventure,7997,0.8740777791671877
286000,Tooth and Tail,2017-09-12,False,19.99,False,0,Pocketwatch Games,Pocketwatch Games,"Action, Casual, Indie, Strategy","Single-player, Multi-player, PvP, Online PvP, Shared/Split Screen PvP, Shared/Split Screen, Steam Achievements, Full controller support, Steam Trading Cards, Steam Workshop, Steam Leaderboards, Includes level editor, Remote Play on TV, Remote Play Together, Family Sharing","Strategy, RTS, Pixel Graphics, Multiplayer, Indie, Action, Casual, Great Soundtrack, 2D, Competitive",True,True,True,2866,3242,815,"200,000 .. 500,000",417,0,133,3,0,1,38,2017,9,350000.0,False,3.0440461338325417,-0.12171029292293493,-0.265587641022259,-0.09984655995698968,-0.04795741456465941,-0.10393947933071283,Action,4057,0.7991126448114371
61500,Age of Wonders,2010-10-12,False,5.99,False,0,Triumph Studios,Paradox Interactive,"RPG, Strategy","Single-player, Multi-player, Family Sharing","Strategy, RPG, Fantasy, Turn-Based Strategy, Classic, Turn-Based, 4X, Great Soundtrack, Dwarf, Singleplayer",True,False,False,881,766,213,"200,000 .. 500,000",525,0,567,10,0,0,0,2010,10,350000.0,False,1.944480556245719,-0.1356585939240155,-0.23305066518059703,-0.14209042723478343,-0.3453586044247277,-1.7054684981304258,RPG,979,0.7824310520939735
283000,Strategic War in Europe,2014-03-21,False,5.99,False,0,Wastelands Interactive,Conglomerate 5,"Indie, Strategy","Single-player, Multi-player, Co-op, Shared/Split Screen, Steam Achievements, Steam Trading Cards, Steam Workshop, Steam Cloud, Remote Play Together, Family Sharing","Strategy, Indie, World War II, Turn-Based Strategy, Wargame, Turn-Based, Historical, Hex Grid, War",True,False,False,0,99,105,"200,000 .. 500,000",430,0,423,15,0,0,64,2014,3,350000.0,False,1.944480556245719,-0.14184925043885277,-0.2616711531894664,-0.14209042723478343,0.15552761007643995,-0.7903090588163041,Indie,204,0.4852941176470588
7800,Stubbs the Zombie in Rebel Without a Pulse,2021-03-16,False,19.99,False,0,Aspyr,Aspyr,Action,"Single-player, Multi-player, Co-op, Shared/Split Screen Co-op, Shared/Split Screen, Steam Achievements, Steam Trading Cards, Partial Controller Support, Steam Cloud, Remote Play Together, Family Sharing","Zombies, Funny, Villain Protagonist, Violent, Gore, Action, Cartoony, Action-Adventure, Singleplayer, Third Person",True,False,False,1686,1987,299,"200,000 .. 500,000",188,0,193,6,17,2,35,2021,3,350000.0,False,3.0440461338325417,-0.13000197815279643,-0.3345780805383757,-0.05760269267919593,-0.07143645586940164,0.8112199599834088,Action,2286,0.8692038495188101
104200,BEEP,2011-05-06,False,0.0,True,0,Big Fat Alien,Big Fat Alien,"Adventure, Indie","Single-player, Steam Trading Cards","Indie, Platformer, Adventure, 2D, Singleplayer, Physics, Puzzle, Action, Robots, Casual",True,False,False,3904,3919,699,"500,000 .. 1,000,000",138,0,142,0,0,1,0,2011,5,750000.0,True,0.0,-0.11441642066141271,-0.34964149527988586,-0.09984655995698968,-0.3453586044247277,-1.4766786383018953,Adventure,4618,0.8486357730619316
6900,Hitman: Codename 47,2007-03-15,False,0.79,False,90,IO Interactive A/S,IO Interactive A/S,Action,"Single-player, Steam Cloud, Family Sharing","Stealth, Action, Classic, Assassin, Singleplayer, Third Person, Shooter, Third-Person Shooter, Difficult, Sandbox",True,False,False,4043,3044,1195,"500,000 .. 1,000,000",127,0,27,20,17,0,0,2007,3,750000.0,False,0.5822156198526637,-0.11343968824874258,-0.3529554465230181,-0.14209042723478343,-0.3453586044247277,-2.391838077616017,Action,4239,0.7180938900684124
360170,How to Survive 2,2016-09-08,False,14.99,False,0,Eko Software,505 Games,"Action, Adventure, RPG","Single-player, Multi-player, PvP, Online PvP, Shared/Split Screen PvP, Co-op, Online Co-op, Steam Achievements, Full controller support, Steam Trading Cards, Steam Cloud, Steam Leaderboards, Remote Play on TV, Remote Play Together, Family Sharing","Survival, Zombies, Multiplayer, Open World Survival Craft, Open World, Co-op, Crafting, Action, RPG, Adventure",True,False,False,8633,7552,3362,"500,000 .. 1,000,000",724,0,282,10,0,9,49,2016,9,750000.0,False,2.771963526845863,-0.08118643807495933,-0.1730982745093865,0.23810437826536038,0.03813240355272878,-0.33272933915924324,Action,10914,0.6919552867876122
1777760,Soccer Manager 2022,2021-11-26,False,0.0,False,0,Invincibles Studio Ltd,Unknown,"Sports, Free To Play","Single-player, Steam Achievements, In-App Purchases, Family Sharing","Sports, Football (Soccer), Simulation, Free to Play, Multiplayer, Real Time Tactics, 3D, Immersive Sim, Realistic, Singleplayer",True,False,False,0,2194,806,"500,000 .. 1,000,000",303,0,194,61,0,0,30,2021,11,750000.0,True,0.0,-0.14184925043885277,-0.29993222663290225,-0.14209042723478343,-0.11056819137730538,0.8112199599834088,Sports,3000,0.7313333333333333
4560,Company of Heroes - Legacy Edition,2007-07-17,False,7.39,False,80,Relic Entertainment,SEGA,"Action, Strategy","Single-player, Multi-player, Steam Trading Cards, Steam Workshop, Steam Cloud, Family Sharing","Strategy, World War II, RTS, Multiplayer, Military, Action, Tactical, Singleplayer, War, Base-Building",True,False,False,4758,6540,457,"2,000,000 .. 5,000,000",478,0,83,65,17,0,0,2007,7,3500000.0,False,2.127040520479115,-0.1084154891475977,-0.2472102750376166,-0.14209042723478343,-0.3453586044247277,-2.391838077616017,Action,6997,0.934686294126054
340840,The Corridor: On Behalf Of The Dead,2018-08-30,False,0.0,False,0,Desktop Daydreams Studios,Desktop Daydreams Studios,"Action, Adventure, Indie","Single-player, Steam Achievements, Full controller support, VR Support, Custom Volume Controls, Adjustable Difficulty, Playable without Timed Input, Save Anytime, Stereo Sound, Subtitle Options, Surround Sound, Family Sharing","Horror, Investigation, Mystery Dungeon, Survival Horror, Exploration, Hidden Object, Survival, Experimental, Action-Adventure, Silent Protagonist",True,False,False,0,24,9,"500,000 .. 1,000,000",0,0,0,0,0,0,17,2018,8,750000.0,True,0.0,-0.14184925043885277,-0.39121651996645396,-0.14209042723478343,-0.21231070369785507,0.12485038049781758,Action,33,0.7272727272727273
584400,Sonic Mania,2017-08-29,False,19.99,False,0,"Christian Whitehead, Headcannon, PagodaWest Games",SEGA,"Action, Adventure, Casual","Single-player, Multi-player, PvP, Shared/Split Screen PvP, Co-op, Shared/Split Screen Co-op, Shared/Split Screen, Steam Achievements, Full controller support, Steam Trading Cards, Steam Cloud, Steam Leaderboards, Remote Play on Phone, Remote Play on Tablet, Remote Play on TV, Remote Play Together, Family Sharing","Great Soundtrack, 2D, Platformer, Retro, Classic, Pixel Graphics, Fast-Paced, Colorful, Adventure, Action",True,False,False,23194,24500,1631,"1,000,000 .. 2,000,000",458,343,130,78,0,1,18,2017,8,1500000.0,False,3.0440461338325417,0.021131552291153505,-0.2532356409342207,-0.09984655995698968,-0.2044843565962743,-0.10393947933071283,Action,26131,0.9375837128315028
606800,Startup Company,2020-04-10,False,12.99,False,0,Hovgaard Games,Hovgaard Games,"Casual, Indie, Simulation, Strategy","Single-player, Steam Achievements, Steam Trading Cards, Steam Workshop, Steam Cloud, Family Sharing","Management, Simulation, Economy, Strategy, Indie, Casual, Sandbox, Building, Singleplayer, Early Access",True,True,True,5824,4942,1120,"200,000 .. 500,000",1503,68,488,49,0,0,29,2020,4,350000.0,False,2.63834278867739,-0.1009248650331635,0.061589727163342156,-0.14209042723478343,-0.11839453847888612,0.5824301001548784,Casual,6062,0.815242494226328
955050,Bright Memory,2020-03-25,False,7.99,False,0,FYQD-Studio,"FYQD-Studio, PLAYISM","Action, Adventure, Indie","Single-player, Steam Achievements, Partial Controller Support, Steam Cloud, Family Sharing","Female Protagonist, FPS, Hack and Slash, Shooter, First-Person, Action, Souls-like, Open World, Sci-fi, Adventure",True,False,False,30102,29613,3115,"1,000,000 .. 2,000,000",111,0,55,5,0,0,12,2020,3,1500000.0,False,2.196112848483529,0.06967304514529178,-0.35777573924030137,-0.14209042723478343,-0.25144243920575876,0.5824301001548784,Action,32728,0.9048215595208995
601840,Griftlands,2021-06-01,False,19.99,False,0,Klei Entertainment,Klei Entertainment,Indie,"Single-player, Steam Workshop, Partial Controller Support, Steam Cloud, Remote Play on Tablet, Family Sharing","Card Battler, Rogue-lite, Deckbuilding, Choices Matter, RPG, Turn-Based, Story Rich, Card Game, Strategy, Dark Humor",True,True,True,13329,13088,862,"500,000 .. 1,000,000",669,0,248,74,0,0,13,2021,6,750000.0,False,3.0440461338325417,-0.04818834160086649,-0.1896680307250477,-0.14209042723478343,-0.24361609210417803,0.8112199599834088,Indie,13950,0.9382078853046595
1770080,Superfuse,2023-01-31,False,0.0,False,0,Stitch Heads Entertainment,Raw Fury,"Action, Early Access","Single-player, Multi-player, Co-op, Online Co-op, Steam Trading Cards, Steam Cloud, Family Sharing","Early Access, Action RPG, Hack and Slash, RPG, Multiplayer, Loot, Dungeon Crawler, Character Customization, Inventory Management, Action",True,False,False,955,411,628,"200,000 .. 500,000",593,0,1142,0,0,0,0,2023,1,350000.0,True,0.0,-0.13513860688417673,-0.2125644211321432,-0.14209042723478343,-0.3453586044247277,1.2687996796404697,Action,1039,0.39557266602502406
476600,Call of Duty®: WWII,2017-11-02,False,59.99,False,0,"Sledgehammer Games, Raven Software",Activision,Action,"Single-player, Multi-player, PvP, Online PvP, Shared/Split Screen PvP, Co-op, Online Co-op, Shared/Split Screen Co-op, Steam Achievements, Full controller support, Steam Trading Cards, In-App Purchases, Steam Cloud, Valve Anti-Cheat enabled, Remote Play on TV, Family Sharing","World War II, FPS, Multiplayer, Singleplayer, Zombies, War, Action, Shooter, First-Person, Co-op",True,False,False,32484,30055,13278,"2,000,000 .. 5,000,000",529,0,372,298,17,3,35,2017,11,3500000.0,False,4.110709916308365,0.08641100634658845,-0.23184559200127622,-0.015358825401402173,-0.07143645586940164,-0.10393947933071283,Action,43333,0.693582258325064
2768430,ATLYSS,2024-11-22,False,9.99,False,0,Kiseff,KisSoft,"Action, Adventure, Casual, Indie, RPG, Early Access","Single-player, Multi-player, PvP, Online PvP, Co-op, Online Co-op, Steam Achievements, Full controller support, Family Sharing","Action RPG, RPG, Cute, Adventure, Character Customization, Action, Sexual Content, 3D Platformer, 3D, Stylized",True,False,False,18555,16289,484,"200,000 .. 500,000",860,0,220,297,0,0,20,2024,11,350000.0,False,2.39698576841553,-0.011466013625225691,-0.1321257864124788,-0.14209042723478343,-0.18883166239311283,1.497589539469,Action,16773,0.97114410063793
368360,60 Seconds!,2015-05-25,False,8.99,False,0,Robot Gentleman,Robot Gentleman,"Adventure, Casual, Indie, Simulation, Strategy","Single-player, Steam Achievements, Steam Trading Cards, Partial Controller Support, Steam Cloud, Family Sharing","Turn-Based Tactics, Exploration, Choose Your Own Adventure, Outbreak Sim, Immersive Sim, Difficult, Wrestling, Point & Click, Strategy, 2D",True,True,False,10436,9749,1768,"500,000 .. 1,000,000",250,0,154,27,0,0,56,2015,5,750000.0,False,2.301584592660462,-0.06851702411780657,-0.31589944625890304,-0.14209042723478343,0.092916833263794,-0.5615191989877737,Adventure,11517,0.8464878006425285
334920,Zero-K,2018-04-27,False,0.0,True,0,Zero-K Team,Zero-K Team,"Indie, Simulation, Strategy, Free To Play","Single-player, Multi-player, PvP, Online PvP, Co-op, Online Co-op, Cross-Platform Multiplayer, Steam Cloud","Strategy, Free to Play, RTS, Indie, Simulation, Multiplayer, Real-Time, Singleplayer, Co-op, Online Co-Op",True,False,True,0,3678,244,"500,000 .. 1,000,000",897,0,65,96,0,3,0,2018,4,750000.0,True,0.0,-0.14184925043885277,-0.12097885950376128,-0.015358825401402173,-0.3453586044247277,0.12485038049781758,Indie,3922,0.9377868434472209
29800,Caster,2009-03-19,False,9.99,False,0,Elecorn,Elecorn,"Action, Adventure, Casual, Indie, RPG, Strategy","Single-player, Steam Trading Cards, Partial Controller Support, Family Sharing","Action, Indie, Adventure, Third-Person Shooter, Casual, RPG, Strategy, Singleplayer, Third Person, Fast-Paced",True,True,False,3339,3156,811,"200,000 .. 500,000",146,0,117,0,0,0,0,2009,3,350000.0,False,2.39698576841553,-0.11838659197910063,-0.34723134892124424,-0.14209042723478343,-0.3453586044247277,-1.934258357958956,Action,3967,0.7955633980337786
2140330,Madden NFL 24,2023-08-17,False,0.0,False,0,Tiburon,Electronic Arts,"Simulation, Sports, Strategy","Single-player, Multi-player, PvP, Online PvP, Shared/Split Screen PvP, Co-op, Shared/Split Screen Co-op, Shared/Split Screen, Steam Achievements, Full controller support, In-App Purchases, Chat Speech-to-text, Custom Volume Controls, Adjustable Difficulty, Keyboard Only Option, Stereo Sound, Surround Sound, HDR available","Sports, Simulation, Football (American), Strategy, PvP, Multiplayer, Singleplayer, Co-op, Local Multiplayer, Local Co-Op",True,False,False,7355,3982,4622,"200,000 .. 500,000",4211,0,2146,168,0,0,21,2023,8,350000.0,True,0.0,-0.09016675479001271,0.8774242695635336,-0.14209042723478343,-0.18100531529153208,1.2687996796404697,Simulation,8604,0.4628079962807996
742300,Mega Man 11,2018-10-02,False,29.99,False,0,"CAPCOM CO., LTD.","CAPCOM CO., LTD.",Action,"Single-player, Steam Achievements, Full controller support, Steam Trading Cards, Steam Cloud, Steam Leaderboards, Family Sharing","Action, Platformer, Side Scroller, Classic, Singleplayer, Great Soundtrack, Robots, Difficult, 2.5D, 2D",True,False,False,4111,4106,481,"200,000 .. 500,000",282,0,196,20,0,2,50,2018,10,350000.0,False,3.433664571799657,-0.11296186232024209,-0.3062588608243365,-0.05760269267919593,0.04595875065430953,0.12485038049781758,Action,4587,0.89513843470678
1999520,CATO: Buttered Cat,2024-09-05,False,10.99,False,0,Team Woll,GCORES PUBLISHING,"Adventure, Casual, Indie, Free To Play","Single-player, Multi-player, Co-op, Shared/Split Screen Co-op, Shared/Split Screen, Steam Achievements, Full controller support, Steam Trading Cards, Camera Comfort, Custom Volume Controls, Keyboard Only Option, Save Anytime, Touch Only Option, Steam Cloud, Remote Play on Phone, Remote Play on Tablet, Remote Play on TV, Remote Play Together, Family Sharing, Steam Timeline","Puzzle-Platformer, Cats, Adventure, Cute, Puzzle, Indie, Pixel Graphics, Platformer, Singleplayer, Multiplayer",True,True,True,2554,0,0,"200,000 .. 500,000",250,0,259,19,0,1,22,2024,9,350000.0,False,2.4840729690394228,-0.12390267071252543,-0.31589944625890304,-0.09984655995698968,-0.17317896818995132,1.497589539469,Adventure,0,0.8471660663060372
304240,Resident Evil,2015-01-19,False,19.99,False,0,"CAPCOM Co., Ltd.","CAPCOM Co., Ltd.","Action, Adventure","Single-player, Steam Achievements, Full controller support, Steam Trading Cards, Steam Cloud, Steam Leaderboards, Family Sharing","Survival Horror, Zombies, Horror, Classic, Remake, Atmospheric, Singleplayer, Puzzle, Survival, Adventure",True,False,False,25242,24613,2154,"1,000,000 .. 2,000,000",842,397,201,186,17,0,44,2015,1,1500000.0,False,3.0440461338325417,0.035522544961285984,-0.13754861571942248,-0.14209042723478343,-0.0009993319551749415,-0.5615191989877737,Action,26767,0.9195277767400157
774241,Warhammer: Chaosbane,2019-05-31,False,29.99,False,0,Eko Software,Nacon,"Action, Adventure, RPG","Single-player, Multi-player, Co-op, Online Co-op, Shared/Split Screen Co-op, Steam Achievements, Full controller support, Steam Trading Cards, Steam Cloud, Remote Play on TV, Remote Play Together, Family Sharing","Singleplayer, PvE, RPG, Co-op Campaign, Hack and Slash, Action, Action RPG, Adventure, Isometric, Multiplayer",True,False,False,3117,3505,2567,"500,000 .. 1,000,000",812,0,295,14,17,13,43,2019,5,750000.0,False,3.433664571799657,-0.11994655309861695,-0.1465866645643286,0.4070798473765354,-0.008825679056755686,0.353640240326348,Action,6072,0.5772397891963109
983870,FOUNDRY,2024-05-02,False,29.99,False,0,Channel 3 Entertainment,Paradox Interactive,"Indie, Simulation, Strategy, Early Access","Single-player, Multi-player, Co-op, Online Co-op, LAN Co-op, Partial Controller Support, Steam Cloud, Family Sharing","Early Access, Automation, Base-Building, Sandbox, Resource Management, Crafting, Building, Open World, Robots, Voxel",True,False,False,2975,2197,586,"200,000 .. 500,000",919,325,769,925,0,1,81,2024,5,350000.0,False,3.433664571799657,-0.1209443660669562,-0.11435095701749678,-0.09984655995698968,0.2885755108033126,1.497589539469,Indie,2783,0.7894358605821057
102840,Shank 2,2012-02-07,False,9.99,False,0,Klei Entertainment,Klei Entertainment,"Action, Adventure, Indie","Single-player, Multi-player, Co-op, Steam Achievements, Full controller support, Steam Trading Cards, Steam Cloud, Steam Leaderboards, Remote Play on TV, Family Sharing","Action, Beat 'em up, Indie, 2D, Adventure, Local Co-Op, Side Scroller, Co-op, Platformer, Gore",True,True,False,2526,2821,609,"200,000 .. 500,000",237,303,121,4,17,0,20,2012,2,350000.0,False,2.39698576841553,-0.12409942256543739,-0.3198159340916957,-0.14209042723478343,-0.18883166239311283,-1.247888778473365,Action,3430,0.8224489795918367
612170,One Eyed Kutkh,2017-03-30,False,2.99,False,0,Baba Yaga Games,Baba Yaga Games,"Adventure, Indie","Single-player, Steam Achievements, Full controller support, Remote Play on TV, Family Sharing","Space, Adventure, Narration, Exploration, Point & Click, Mythology, Side Scroller, Puzzle, 2D, Cute",True,True,True,0,108,27,"200,000 .. 500,000",36,0,31,0,0,1,8,2017,3,350000.0,False,1.3837912309017721,-0.14184925043885277,-0.38037086135256665,-0.09984655995698968,-0.2827478276120818,-0.10393947933071283,Adventure,135,0.8
417290,Ghost of a Tale,2018-03-13,False,19.99,False,0,SeithCG,SeithCG,"Action, Adventure, Indie, RPG","Single-player, Steam Achievements, Full controller support, Steam Cloud, Remote Play on TV, Family Sharing","Adventure, Stealth, Atmospheric, Cute, Singleplayer, RPG, Fantasy, Indie, Third Person, Medieval",True,False,False,4078,4498,405,"200,000 .. 500,000",572,0,332,6,0,0,20,2018,3,350000.0,False,3.0440461338325417,-0.11319374843260263,-0.21889105532357747,-0.14209042723478343,-0.18883166239311283,0.12485038049781758,Action,4903,0.9173975117275137
1284190,The Planet Crafter,2024-04-10,False,11.99,False,50,Miju Games,Miju Games,Adventure,"Single-player, Multi-player, Co-op, Online Co-op, Steam Achievements, Full controller support, Family Sharing","Open World Survival Craft, Base-Building, Survival, Online Co-Op, Co-op, Building, Crafting, Open World, Exploration, Space",True,False,False,63860,52168,2148,"1,000,000 .. 2,000,000",2099,118,1587,7330,0,3,55,2024,4,1500000.0,False,2.5641798306825083,0.3068855112382275,0.24114563088214355,-0.015358825401402173,0.08509048616221325,1.497589539469,Adventure,54316,0.9604536416525518
1036890,Shadow Warrior 3: Definitive Edition,2022-03-01,False,39.99,False,0,Flying Wild Hog,Devolver Digital,"Action, Adventure","Single-player, Steam Achievements, Full controller support, Steam Trading Cards, Steam Cloud, Family Sharing","FPS, Action, Adventure, Shooter, Arena Shooter, Beautiful, First-Person, Cinematic, Colorful, Gore",True,False,False,4684,3493,1607,"500,000 .. 1,000,000",268,0,366,4,0,0,38,2022,3,750000.0,False,3.7133281345162463,-0.10893547618743647,-0.3104766169519594,-0.14209042723478343,-0.04795741456465941,1.0400098198119392,Action,5100,0.6849019607843138
108210,Memoir '44 Online,2011-10-12,False,0.0,True,0,Days of Wonder,"Days of Wonder, Twin Sails Interactive","Casual, Simulation, Strategy","Single-player, Multi-player, Steam Achievements","Strategy, Casual, Board Game, Simulation, World War II, Tactical, Free to Play, Military, Turn-Based, Multiplayer",True,False,False,0,393,222,"200,000 .. 500,000",527,0,1039,1,0,0,62,2011,10,350000.0,True,0.0,-0.14184925043885277,-0.23244812859093664,-0.14209042723478343,0.13987491587327847,-1.4766786383018953,Casual,615,0.6390243902439025
669330,Mechabellum,2024-09-26,False,14.99,False,0,Game River,Dreamhaven,"Action, Indie, Massively Multiplayer, Simulation, Strategy","Single-player, Multi-player, PvP, Online PvP, Co-op, Online Co-op, Family Sharing","Strategy, Mechs, Auto Battler, Robots, Wargame, Tactical, PvP, RTS, Multiplayer, Action RTS",True,True,False,17049,12973,2105,"1,000,000 .. 2,000,000",4926,597,860,1748,0,3,0,2024,9,1500000.0,False,2.771963526845863,-0.02204845257113366,1.0928311003671292,-0.015358825401402173,-0.3453586044247277,1.497589539469,Action,15078,0.8603926250165804
544920,Darwin Project,2020-01-13,False,0.0,True,0,Scavengers Studio,Scavengers Studio,"Action, Indie, Free To Play","Multi-player, PvP, Online PvP, Full controller support, In-App Purchases","Battle Royale, Multiplayer, Survival, Action, PvP, Open World, Early Access, Indie, Co-op, Massively Multiplayer",True,False,False,1376,14978,3410,"1,000,000 .. 2,000,000",357,0,76,0,0,0,14,2020,1,1500000.0,True,0.0,-0.1321803022386075,-0.28366373871207123,-0.14209042723478343,-0.23578974500259728,0.5824301001548784,Action,18388,0.8145529693278225
743090,Defiance 2050,2018-07-10,False,0.0,False,0,Trion Worlds,Trion Worlds,"Adventure, Free To Play, Massively Multiplayer","Multi-player, MMO, PvP, Online PvP, Co-op, Online Co-op, Full controller support, Family Sharing","Looter Shooter, Free to Play, Massively Multiplayer, Open World, Adventure, Co-op, Violent, Multiplayer, Third-Person Shooter, Shooter",True,False,False,0,1120,1167,"200,000 .. 500,000",296,0,124,0,17,0,33,2018,7,350000.0,True,0.0,-0.14184925043885277,-0.3020411046967137,-0.14209042723478343,-0.08708915007256314,0.12485038049781758,Adventure,2287,0.4897245299519021
456750,The Room Three,2018-11-13,False,5.99,False,0,Fireproof Games,Fireproof Games,"Adventure, Indie","Single-player, Steam Achievements, Steam Trading Cards, Steam Cloud, Family Sharing","Puzzle, Mystery, Adventure, Point & Click, Indie, Atmospheric, Singleplayer, Hidden Object, Lovecraftian, Horror",True,False,False,12647,11581,501,"200,000 .. 500,000",438,0,347,46,0,0,10,2018,11,350000.0,False,1.944480556245719,-0.052980654589650844,-0.25926100683082476,-0.14209042723478343,-0.26709513340892027,0.12485038049781758,Adventure,12082,0.9585333554047343
445720,Battle Islands: Commanders,2017-02-14,False,0.0,True,0,DR Studios,505 Games,"Action, Free To Play, Strategy","Single-player, Multi-player, PvP, Online PvP, Full controller support, In-App Purchases","Free to Play, Strategy, Action, Multiplayer, World War II, War, Early Access",True,False,False,0,423,453,"200,000 .. 500,000",231,0,340,10,0,0,0,2017,2,350000.0,True,0.0,-0.14184925043885277,-0.32162354386067693,-0.14209042723478343,-0.3453586044247277,-0.10393947933071283,Action,876,0.4828767123287671
203160,Tomb Raider Game of the Year,2013-03-04,False,19.99,False,0,"Crystal Dynamics, Eidos-Montréal, Feral Interactive (Mac), Nixxes","Crystal Dynamics, Feral Interactive (Mac)","Action, Adventure","Single-player, Multi-player, Steam Achievements, Full controller support, Steam Trading Cards, Steam Cloud, Remote Play on Phone, Remote Play on Tablet, Remote Play on TV, Family Sharing","Adventure, Action, Female Protagonist, Third Person, Singleplayer, Story Rich, Third-Person Shooter, Multiplayer, Exploration, Action-Adventure",True,True,False,168445,238239,9691,"5,000,000 .. 10,000,000",717,44,497,556,17,0,50,2013,3,7500000.0,False,3.0440461338325417,1.0417888161238749,-0.17520715257319794,-0.14209042723478343,0.04595875065430953,-1.0190989186448345,Action,247930,0.9609123542935506
628670,Hellpoint,2020-07-30,False,34.99,False,0,Cradle Games,tinyBuild,"Action, Adventure, Indie, RPG","Single-player, Multi-player, PvP, Online PvP, Co-op, Online Co-op, Shared/Split Screen Co-op, Shared/Split Screen, Steam Achievements, Full controller support, Steam Trading Cards, Remote Play on TV, Remote Play Together, Family Sharing","Souls-like, Sci-fi, Action, RPG, Multiplayer, Indie, Adventure, Co-op, Action RPG, Horror",True,True,True,2541,3137,1156,"200,000 .. 500,000",245,0,230,19,0,3,42,2020,7,350000.0,False,3.5832411220909393,-0.12399401978709171,-0.31740578773305406,-0.015358825401402173,-0.01665202615833643,0.5824301001548784,Action,4293,0.7307244351269508
586200,Street Fighter 30th Anniversary Collection,2018-05-29,False,29.99,False,0,Digital Eclipse,"Capcom U.S.A, Inc.",Action,"Single-player, Multi-player, PvP, Online PvP, Shared/Split Screen PvP, Shared/Split Screen, Steam Achievements, Partial Controller Support, Remote Play Together, Family Sharing","Fighting, 2D Fighter, Action, Arcade, Classic, Multiplayer, Retro, 2D, Local Multiplayer, Anime",True,False,False,2214,2132,918,"200,000 .. 500,000",1250,0,397,56,0,0,17,2018,5,350000.0,False,3.433664571799657,-0.1262918003550279,-0.014631151428699373,-0.14209042723478343,-0.21231070369785507,0.12485038049781758,Action,3050,0.6990163934426229
439350,Kritika:REBOOT,2019-11-11,False,0.0,False,0,"ALLM Co., Ltd.","ALLM Co., Ltd.","Action, Free To Play, Massively Multiplayer, RPG","Multi-player, MMO, PvP, Online PvP, Co-op, Online Co-op, In-App Purchases, Family Sharing","Free to Play, Massively Multiplayer, Anime, RPG, Action, MMORPG, Nudity, Sexual Content, Hack and Slash, Open World",True,False,False,0,3478,1074,"500,000 .. 1,000,000",727,0,103,0,0,0,0,2019,11,750000.0,True,0.0,-0.14184925043885277,-0.1721944696248959,-0.14209042723478343,-0.3453586044247277,0.353640240326348,Action,4552,0.7640597539543058
540020,Final Quest II,2016-10-18,False,1.99,False,0,RPG Video,Back To Basics Gaming,"Indie, RPG","Steam Achievements, Steam Trading Cards, Partial Controller Support, Family Sharing","Indie, RPG, RPGMaker",True,False,False,0,87,102,"200,000 .. 500,000",229,0,215,0,0,0,7,2016,10,350000.0,False,1.095273387402595,-0.14184925043885277,-0.32222608045033735,-0.14209042723478343,-0.2905741747136625,-0.33272933915924324,Indie,189,0.4603174603174603
757240,Aimtastic,2018-01-28,False,0.0,True,0,Pixel Pointer Studios,Unknown,"Action, Indie, Free To Play","Single-player, Steam Workshop, Stats, Steam Leaderboards","Free to Play, Action, FPS, Indie, Early Access, e-sports, Shooter, First-Person, Software Training",True,False,False,0,2486,166,"500,000 .. 1,000,000",167,0,33,6,0,1,3,2018,1,750000.0,True,0.0,-0.14184925043885277,-0.34090471472980993,-0.09984655995698968,-0.3218795631199855,0.12485038049781758,Action,2652,0.9374057315233786
970500,秦殇 (Prince of Qin),2022-01-10,False,0.99,False,0,北京目标在线科技有限公司,北京目标在线科技有限公司,"Action, Adventure, RPG","Single-player, Family Sharing","RPG, Action, Adventure, Action RPG, Party-Based RPG, 2D, Historical, Strategy RPG, CRPG, Drama",True,False,False,2437,1832,508,"200,000 .. 500,000",73,0,45,45,0,0,0,2022,1,350000.0,False,0.688134638736401,-0.12472481238362186,-0.3692239344438491,-0.14209042723478343,-0.3453586044247277,1.0400098198119392,Action,2340,0.7829059829059829
15700,Oddworld: Abe's Oddysee®,2008-08-28,False,2.99,False,0,Oddworld Inhabitants,Oddworld Inhabitants,Adventure,"Single-player, Steam Trading Cards, Family Sharing","Adventure, Platformer, Classic, Puzzle, 2D, Singleplayer, Cult Classic, Retro, Dark, Funny",True,False,False,2208,3716,639,"500,000 .. 1,000,000",256,222,242,7,0,0,0,2008,8,750000.0,False,1.3837912309017721,-0.12633396146636616,-0.31409183648992184,-0.14209042723478343,-0.3453586044247277,-2.1630482177874866,Adventure,4355,0.8532721010332951
396710,The Adventure Pals,2018-04-03,False,14.99,False,0,Massive Monster,Armor Games Studios,"Action, Adventure, Indie, RPG","Single-player, Multi-player, Co-op, Shared/Split Screen Co-op, Shared/Split Screen, Steam Achievements, Full controller support, Steam Trading Cards, Remote Play on Phone, Remote Play on Tablet, Remote Play on TV, Remote Play Together, Family Sharing","Adventure, Platformer, Action, Indie, RPG, Local Co-Op, Funny, Singleplayer, Family Friendly, Colorful",True,True,False,965,1724,145,"200,000 .. 500,000",221,0,214,5,0,0,31,2018,4,350000.0,False,2.771963526845863,-0.1350683383652796,-0.32463622680897897,-0.14209042723478343,-0.10274184427572462,0.12485038049781758,Action,1869,0.922418405564473
381640,Allods Online RU,2016-01-26,False,0.0,True,0,ASTRUM LAB,ASTRUM LAB,"Action, Massively Multiplayer, RPG, Free To Play","Multi-player, MMO, Steam Trading Cards, In-App Purchases","Massively Multiplayer, MMORPG, Free to Play, Open World, RPG, Atmospheric, Multiplayer, Character Customization, CRPG, Singleplayer",True,False,False,0,1082,585,"200,000 .. 500,000",15810,0,1260,10,0,0,0,2016,1,350000.0,True,0.0,-0.14184925043885277,4.371835221299066,-0.14209042723478343,-0.3453586044247277,-0.33272933915924324,Action,1667,0.6490701859628074
18300,Spectraball,2008-10-20,False,4.99,False,0,Shorebound Studios,Shorebound Studios,"Casual, Indie","Single-player, Steam Achievements, Steam Trading Cards, Partial Controller Support, Family Sharing","Casual, Indie, Puzzle, Platformer, 3D Platformer",True,True,True,439,379,115,"200,000 .. 500,000",135,0,203,0,0,0,14,2008,10,350000.0,False,1.7900914121273581,-0.13876446245926868,-0.35054530016437646,-0.14209042723478343,-0.23578974500259728,-2.1630482177874866,Casual,494,0.7672064777327935
1150640,Yu-Gi-Oh! Legacy of the Duelist : Link Evolution,2020-03-24,False,39.99,False,0,Other Ocean Emeryville,KONAMI,Simulation,"Single-player, Multi-player, PvP, Online PvP, Steam Achievements, Full controller support, Steam Trading Cards, Steam Cloud, Steam Leaderboards, Family Sharing","Simulation, Trading Card Game, Anime, Multiplayer, Card Game, Deckbuilding, Card Battler, Singleplayer, Strategy, Puzzle",True,False,False,3740,3584,777,"200,000 .. 500,000",2680,26,963,252,13,0,24,2020,3,350000.0,False,3.7133281345162463,-0.11556882437132567,0.4161825101784919,-0.14209042723478343,-0.15752627398678984,0.5824301001548784,Simulation,4361,0.8218298555377207
33130,Zombie Shooter,2009-05-27,False,4.99,False,0,Sigma Team Inc.,Sigma Team Inc.,"Action, Indie, RPG","Single-player, Family Sharing","Zombies, Shooter, Gore, Action RPG, Action, Blood, Shoot 'Em Up, Horror, RPG, Arcade",True,False,False,896,1013,206,"200,000 .. 500,000",90,0,114,4,0,0,0,2009,5,350000.0,False,1.7900914121273581,-0.1355531911456698,-0.3641023734317356,-0.14209042723478343,-0.3453586044247277,-1.934258357958956,Action,1219,0.8310090237899918
1088090,Day of Dragons,2019-12-04,False,19.99,False,0,Beawesome Games,Beawesome Games,"Indie, Massively Multiplayer, RPG, Simulation, Early Access","Multi-player, MMO, PvP, Online PvP, Co-op, Online Co-op, Partial Controller Support","Early Access, Dragons, Survival, Multiplayer, Massively Multiplayer, Sandbox, PvE, Combat, PvP, Open World",True,False,False,6128,4827,2465,"500,000 .. 1,000,000",2188,14,618,198,0,8,0,2019,12,750000.0,False,3.0440461338325417,-0.09878870205869071,0.2679585091220317,0.19586051098756663,-0.3453586044247277,0.353640240326348,Indie,7292,0.6619583104772353
490820,Fly O'Clock,2016-07-08,False,0.99,False,0,Digital Melody,Forever Entertainment S. A.,"Action, Casual, Indie","Single-player, Multi-player, Shared/Split Screen, Steam Achievements, Full controller support, Steam Trading Cards, Steam Cloud, Stats, Steam Leaderboards, Remote Play Together, Family Sharing","Indie, Casual, Action, Pixel Graphics",True,True,True,355,596,89,"200,000 .. 500,000",260,0,154,1,0,0,9,2016,7,350000.0,False,0.688134638736401,-0.1393547180180046,-0.312886763310601,-0.14209042723478343,-0.274921480510501,-0.33272933915924324,Action,685,0.8700729927007299
845070,The Awesome Adventures of Captain Spirit,2018-06-25,False,0.0,True,0,DONTNOD Entertainment,Square Enix,"Adventure, Free To Play","Single-player, Full controller support, Steam Cloud, Remote Play on TV, Family Sharing","Free to Play, Story Rich, Adventure, Choices Matter, Atmospheric, Singleplayer, Great Soundtrack, Drama, Superhero, Short",True,False,False,0,13218,1036,"2,000,000 .. 5,000,000",137,0,84,16,17,0,0,2018,6,3500000.0,True,0.0,-0.14184925043885277,-0.34994276357471604,-0.14209042723478343,-0.3453586044247277,0.12485038049781758,Adventure,14254,0.9273186473972218
976890,Hidden Deep,2022-01-24,False,24.99,False,0,Cogwheel Software,Daedalic Entertainment,"Action, Adventure, Indie, Early Access","Single-player, Multi-player, Co-op, Online Co-op, Shared/Split Screen Co-op, Shared/Split Screen, Steam Achievements, Steam Trading Cards, Partial Controller Support, Steam Cloud, Remote Play Together, Family Sharing","Early Access, Shooter, Physics, 2D Platformer, Action, Aliens, Horror, Dark, 2D, Thriller",True,False,False,4180,3419,989,"200,000 .. 500,000",319,142,179,28,0,1,14,2022,1,350000.0,False,3.2577118486533987,-0.11247700953985189,-0.295111933915619,-0.09984655995698968,-0.23578974500259728,1.0400098198119392,Action,4408,0.7756352087114338
2411910,miniBONG,2023-06-04,False,9.99,False,0,Game Star,Game Star,"Casual, Indie, RPG, Strategy","Single-player, Steam Achievements, Steam Cloud, Stats, Family Sharing","Casual, Idler, Character Customization, Loot, Rogue-like, Relaxing, Simulation, RTS, Tower Defense, Point & Click",True,True,False,854,589,149,"200,000 .. 500,000",2112,0,2112,28,0,0,20,2023,6,350000.0,False,2.39698576841553,-0.13584831892503774,0.2450621187149362,-0.14209042723478343,-0.18883166239311283,1.2687996796404697,Casual,738,0.7981029810298103
1696440,The Matchless Kungfu,2024-11-05,False,19.99,False,0,HuanMos Game,bilibili,"Indie, RPG, Strategy","Single-player, Steam Achievements, Full controller support, Steam Workshop, Steam Workshop, Steam Cloud, Family Sharing","Open World, Martial Arts, Sandbox, RPG, Survival, Singleplayer, Strategy, Building, Crafting, Indie",True,False,False,6588,6076,1196,"200,000 .. 500,000",698,95,400,112,0,0,30,2024,11,350000.0,False,3.0440461338325417,-0.09555635018942268,-0.1809312501749718,-0.14209042723478343,-0.11056819137730538,1.497589539469,Indie,7272,0.8355335533553355
391420,Gun Rocket,2016-05-02,False,1.99,False,0,"Space Wedgie, LLC","Space Wedgie, LLC","Action, Adventure, Casual, Indie","Single-player, Full controller support, Steam Trading Cards, Family Sharing","Indie, Casual, Adventure, Shoot 'Em Up, Difficult, Puzzle, Arcade, 2D, Shooter, Action",True,False,False,608,517,200,"200,000 .. 500,000",283,0,225,1,0,1,0,2016,5,350000.0,False,1.095273387402595,-0.1375769244899072,-0.30595759252950633,-0.09984655995698968,-0.3453586044247277,-0.33272933915924324,Action,717,0.7210599721059973
205650,The Testament of Sherlock Holmes,2012-09-25,False,1.99,False,90,Frogwares,Frogwares,Adventure,"Single-player, Steam Achievements, Steam Trading Cards, Partial Controller Support, Steam Cloud, Family Sharing","Adventure, Detective, Point & Click, Puzzle, Mystery, Singleplayer, Based On A Novel, Investigation, Story Rich, Crime",True,False,False,3123,2852,718,"500,000 .. 1,000,000",235,0,183,5,0,0,32,2012,9,750000.0,False,1.095273387402595,-0.11990439198727866,-0.3204184706813561,-0.14209042723478343,-0.09491549717414388,-1.247888778473365,Adventure,3570,0.7988795518207283
1881700,Undawn,2023-06-13,False,0.0,True,0,Lightspeed Studios,Level Infinite,"Adventure, Massively Multiplayer, RPG, Free To Play","Multi-player, MMO, PvP, Online PvP, Co-op, Online Co-op, Cross-Platform Multiplayer, In-App Purchases","Open World, Massively Multiplayer, Survival, RPG, MMORPG, Post-apocalyptic, Multiplayer, Adventure, Crafting, Shooter",True,False,False,0,3439,2906,"500,000 .. 1,000,000",92,0,40,451,0,0,0,2023,6,750000.0,True,0.0,-0.14184925043885277,-0.3634998368420752,-0.14209042723478343,-0.3453586044247277,1.2687996796404697,Adventure,6345,0.5420015760441292
1521580,Perfect Heist 2,2021-12-10,False,9.99,False,0,yeswecamp,yeswecamp,"Action, Casual, Indie, Strategy","Single-player, Multi-player, PvP, Online PvP, LAN PvP, Co-op, Online Co-op, LAN Co-op, Steam Achievements, Steam Workshop, Partial Controller Support, Stats, Steam Leaderboards, Includes level editor, Family Sharing","Action, Stealth, Shooter, Multiplayer, Strategy, Heist, Social Deduction, 3D, Detective, Hero Shooter",True,False,True,3547,3706,289,"500,000 .. 1,000,000",424,88,296,90,0,1,29,2021,12,750000.0,False,2.39698576841553,-0.1169250067860403,-0.26347876295844763,-0.09984655995698968,-0.11839453847888612,0.8112199599834088,Action,3995,0.9276595744680851
333930,Dirty Bomb®,2015-06-02,False,0.0,True,0,Splash Damage,Warchest Ltd.,"Action, Free To Play","Multi-player, PvP, Online PvP, Steam Achievements, Steam Trading Cards, In-App Purchases, Camera Comfort, Custom Volume Controls, Playable without Timed Input, Stereo Sound, Subtitle Options, Surround Sound","Hero Shooter, Free to Play, FPS, Multiplayer, Shooter, Action, Team-Based, First-Person, Fast-Paced, Co-op",True,False,False,1267,46464,10703,"5,000,000 .. 10,000,000",792,0,87,40,0,0,77,2015,6,7500000.0,True,0.0,-0.13294622909458623,-0.15261203046093266,-0.14209042723478343,0.25727012239698965,-0.5615191989877737,Action,57167,0.8127766018857033
1370050,Trek to Yomi,2022-05-05,False,19.99,False,0,"Leonard Menchiari, Flying Wild Hog",Devolver Digital,"Action, Adventure","Single-player, Steam Achievements, Full controller support, Steam Trading Cards, Steam Cloud, Family Sharing","Action, Adventure, Side Scroller, Hack and Slash, Action-Adventure, Cinematic, Atmospheric, Stylized, Swordplay, Third Person",True,False,False,1912,1939,790,"200,000 .. 500,000",112,0,122,4,0,1,28,2022,5,350000.0,False,3.0440461338325417,-0.12841390962572125,-0.35747447094547113,-0.09984655995698968,-0.12622088558046687,1.0400098198119392,Action,2729,0.7105166727739098
339610,Freestyle 2: Street Basketball,2015-04-01,False,0.0,True,0,JOYCITY,JOYCITY,"Action, Casual, Massively Multiplayer, Sports, Free To Play","Multi-player, MMO, PvP, Online PvP, Co-op, Online Co-op, Steam Trading Cards, Partial Controller Support","Basketball, Sports, Time Management, Real Time Tactics, PvP, Platformer, e-sports, 3D, Third Person, Strategy",True,False,False,142,9153,3494,"200,000 .. 500,000",890,0,100,126,0,25,0,2015,4,350000.0,True,0.0,-0.14085143747051349,-0.1230877375675727,0.9140062547100605,-0.3453586044247277,-0.5615191989877737,Action,12647,0.7237289475765003
1330460,Becastled,2025-10-22,False,19.99,False,0,Mana Potion Studios,"Mana Potion Studios, Pingle Studio Ltd","Indie, Strategy","Single-player, Steam Achievements, Full controller support, Steam Trading Cards, Steam Workshop, Steam Cloud, Stats, Includes level editor, Family Sharing","Base-Building, Strategy, City Builder, Medieval, Building, RTS, Colony Sim, War, Military, Singleplayer",True,False,False,5237,3990,823,"200,000 .. 500,000",1418,0,544,22,0,1,39,2025,10,350000.0,False,3.0440461338325417,-0.10504962709242512,0.035981922102774844,-0.09984655995698968,-0.040131067463078665,1.7263793992975305,Indie,4813,0.8290047787242883
508170,BlackSmith HIT,2016-08-05,False,0.99,False,0,ENTERi,Forever Entertainment S. A.,"Action, Casual, Indie","Single-player, Multi-player, PvP, Online PvP, Shared/Split Screen PvP, Shared/Split Screen, Cross-Platform Multiplayer, Steam Achievements, Full controller support, Steam Trading Cards, Steam Cloud, Steam Leaderboards, Remote Play Together, Family Sharing","Casual, Action, Indie, Multiplayer",True,True,True,286,570,119,"500,000 .. 1,000,000",159,0,122,0,0,0,16,2016,8,750000.0,False,0.688134638736401,-0.1398395707983948,-0.3433148610884516,-0.14209042723478343,-0.2201370507994358,-0.33272933915924324,Action,689,0.8272859216255443
801550,VAIL,2024-02-15,False,0.0,True,0,AEXLAB,AEXLAB,"Action, Casual, Strategy, Free To Play","Multi-player, PvP, Online PvP, Cross-Platform Multiplayer, Tracked Controller Support, VR Only, In-App Purchases","VR, Shooter, Action, Multiplayer, FPS, Military, First-Person, PvP, Competitive, Physics",True,False,False,1720,2178,636,"200,000 .. 500,000",208,0,189,29,0,11,0,2024,2,350000.0,True,0.0,-0.1297630651885462,-0.3285527146417716,0.3225921128209479,-0.3453586044247277,1.497589539469,Action,2814,0.7739872068230277
1715460,Touhou Hero of Ice Fairy: Prologue,2021-12-17,False,0.0,True,0,GAMEPULSE 游戏脉冲,GAMEPULSE 游戏脉冲,"Action, Adventure, Free To Play","Single-player, Full controller support","Bullet Hell, Action, JRPG, Shooter, Action-Adventure, Female Protagonist, 2D, Cute, Funny, Anime",True,False,False,0,3222,85,"200,000 .. 500,000",55,0,33,3,0,1,7,2021,12,350000.0,True,0.0,-0.14184925043885277,-0.37464676375079276,-0.09984655995698968,-0.2905741747136625,0.8112199599834088,Action,3307,0.9742969458723919
250380,Knock-knock,2013-10-04,False,9.99,False,0,Ice-Pick Lodge,Ice-Pick Lodge,"Adventure, Casual","Single-player, Steam Achievements, Full controller support, Steam Trading Cards, Family Sharing","Horror, Side Scroller, 2D Platformer, Adventure, Puzzle, Difficult, 2D, Strategy, Story Rich, Platformer",True,True,True,1568,1668,250,"200,000 .. 500,000",292,0,398,2,0,0,18,2013,10,350000.0,False,2.39698576841553,-0.13083114667578258,-0.3032461778760345,-0.14209042723478343,-0.2044843565962743,-1.0190989186448345,Adventure,1918,0.8696558915537018
257350,Baldur's Gate II: Enhanced Edition,2013-11-15,False,19.99,False,0,Beamdog,Beamdog,"Adventure, RPG","Single-player, Multi-player, Co-op, Cross-Platform Multiplayer, Steam Achievements, Steam Trading Cards, Steam Cloud, Family Sharing","RPG, Dungeons & Dragons, Story Rich, CRPG, Fantasy, Party-Based RPG, Open World, Tabletop, Character Customization, Real-Time with Pause",True,True,True,9231,9243,797,"1,000,000 .. 2,000,000",1034,0,222,279,0,2,93,2013,11,1500000.0,False,3.0440461338325417,-0.07698438064491088,-0.07970510311202336,-0.05760269267919593,0.38249167602228157,-1.0190989186448345,Adventure,10040,0.9206175298804781
1351080,Pharaoh™: A New Era,2023-02-15,False,22.99,False,0,Triskell Interactive,Dotemu,"Simulation, Strategy","Single-player, Steam Achievements, Steam Trading Cards, Steam Cloud, Family Sharing","City Builder, Building, Simulation, Management, Colony Sim, Economy, Historical, Trading, Resource Management, Diplomacy",True,False,False,4640,3396,1175,"200,000 .. 500,000",1112,0,644,178,0,0,47,2023,2,350000.0,False,3.177637076851603,-0.10924465767058385,-0.05620617611526748,-0.14209042723478343,0.022479709349567292,1.2687996796404697,Simulation,4571,0.742944651061037
1105670,The Last Spell,2023-03-09,False,7.49,False,70,Ishtar Games,"Nacon, The Arcade Crew, Gamera Games, DANGEN Entertainment","Action, Indie, RPG, Strategy","Single-player, Steam Achievements, Steam Trading Cards, Adjustable Text Size, Camera Comfort, Custom Volume Controls, Adjustable Difficulty, Partial Controller Support, Steam Cloud, Family Sharing","Strategy, Singleplayer, Turn-Based Strategy, RPG, Turn-Based Tactics, Tactical, Turn-Based Combat, Turn-Based, Tactical RPG, Strategy RPG",True,False,False,12627,10557,939,"500,000 .. 1,000,000",1361,590,1076,424,0,4,94,2023,3,750000.0,False,2.138889000323256,-0.05312119162744511,0.018809629297453234,0.026885041876391583,0.3903180231238623,1.2687996796404697,Action,11496,0.9183194154488518
1367300,Blade Assault,2022-01-17,False,17.99,False,0,TeamSuneat,NEOWIZ,"Action, Indie","Single-player, Steam Achievements, Steam Trading Cards, Partial Controller Support, Steam Cloud, Family Sharing","Action, Rogue-like, Pixel Graphics, Platformer, 2D Platformer, Action-Adventure, Cyberpunk, Rogue-lite, Side Scroller, 2D",True,False,False,1824,1680,558,"200,000 .. 500,000",138,0,131,4,0,1,26,2022,1,350000.0,False,2.9439125248241944,-0.12903227259201602,-0.34964149527988586,-0.09984655995698968,-0.14187357978362836,1.0400098198119392,Action,2238,0.7506702412868632
1721470,Poppy Playtime,2021-10-12,False,0.0,True,0,Mob Entertainment,Mob Entertainment,"Action, Adventure, Indie",Single-player,"Horror, Free to Play, Singleplayer, Puzzle, First-Person, Survival Horror, Dark, Mystery, Psychological Horror, Survival",True,False,False,38011,84113,14801,"5,000,000 .. 10,000,000",1970,0,63,588,0,4,100,2021,10,7500000.0,True,0.0,0.1252484167410329,0.20228202084904728,0.026885041876391583,0.4372761057333468,0.8112199599834088,Action,98914,0.8503649635036497
844590,Hypnospace Outlaw,2019-03-12,False,4.99,False,75,"Tendershoot, Michael Lasch, ThatWhichIs Media",No More Robots,Simulation,"Single-player, Steam Achievements, Steam Trading Cards, Partial Controller Support, Steam Cloud, Family Sharing","1990's, Simulation, Point & Click, Retro, Surreal, Alternate History, Great Soundtrack, Detective, Singleplayer, Indie",True,True,True,4645,4633,148,"200,000 .. 500,000",107,0,116,22,0,1,14,2019,3,350000.0,False,1.7900914121273581,-0.10920952341113528,-0.35898081241962215,-0.09984655995698968,-0.23578974500259728,0.353640240326348,Simulation,4781,0.9690441330265634
732430,Superflight,2017-11-08,False,2.99,False,0,GrizzlyGames,GrizzlyGames,"Action, Casual, Indie, Racing, Sports","Single-player, Steam Achievements, Partial Controller Support, Steam Leaderboards, Family Sharing","Flight, Indie, Relaxing, Casual, Procedural Generation, Atmospheric, Singleplayer, Action, Sports, Physics",True,False,False,11002,10857,410,"500,000 .. 1,000,000",231,0,24,12,0,0,24,2017,11,750000.0,False,1.3837912309017721,-0.06453982594822893,-0.32162354386067693,-0.14209042723478343,-0.15752627398678984,-0.10393947933071283,Action,11267,0.9636105440667436
227220,Sang-Froid - Tales of Werewolves,2013-04-05,False,0.0,True,0,Artifice Studio,Artifice Studio,"Action, Adventure, Indie, RPG, Strategy","Single-player, Steam Achievements, Steam Trading Cards","Strategy, Werewolves, Tower Defense, Action, Indie, RPG, Adventure, Great Soundtrack, Singleplayer, Atmospheric",True,False,False,1286,1687,236,"200,000 .. 500,000",81,0,66,0,0,0,33,2013,4,350000.0,True,0.0,-0.13281271890868168,-0.3668137880852075,-0.14209042723478343,-0.08708915007256314,-1.0190989186448345,Action,1923,0.8772750910036401
581130,Metal Waltz: Anime tank girls,2017-05-02,False,0.0,True,0,WuL Game Studio,WuL Game Studio,"Adventure, RPG, Simulation, Strategy","Multi-player, PvP, Online PvP, Steam Achievements, Steam Trading Cards, In-App Purchases","Anime, Nudity, Sexual Content, Free to Play, Strategy, RPG, Adventure, Simulation, Mature, Hentai",True,False,False,0,1313,354,"200,000 .. 500,000",933,0,168,30,0,0,84,2017,5,350000.0,True,0.0,-0.14184925043885277,-0.11013320088987394,-0.14209042723478343,0.3120545521080549,-0.10393947933071283,Adventure,1667,0.7876424715056989
321800,Icewind Dale: Enhanced Edition,2014-10-30,False,19.99,False,0,Beamdog,Beamdog,"Adventure, RPG","Single-player, Multi-player, Co-op, Cross-Platform Multiplayer, Steam Achievements, Steam Trading Cards, Family Sharing","RPG, Dungeons & Dragons, Fantasy, CRPG, Party-Based RPG, Adventure, Character Customization, Singleplayer, Tabletop, Dungeon Crawler",True,True,True,3002,2977,338,"200,000 .. 500,000",660,0,269,57,0,1,50,2014,10,350000.0,False,3.0440461338325417,-0.12075464106593395,-0.19237944537851953,-0.09984655995698968,0.04595875065430953,-0.7903090588163041,Adventure,3315,0.8980392156862745
2075070,KinitoPET,2024-01-09,False,5.99,False,0,troy_en,troy_en,"Casual, Indie, Simulation","Single-player, Steam Achievements, Family Sharing","Psychological Horror, Horror, 2D, Indie, Retro, Immersive Sim, Story Rich, Multiple Endings, Visual Novel, Artificial Intelligence",True,False,False,12831,11463,816,"200,000 .. 500,000",135,0,128,30,0,0,15,2024,1,350000.0,False,1.944480556245719,-0.05168771384194363,-0.35054530016437646,-0.14209042723478343,-0.22796339790101655,1.497589539469,Casual,12279,0.9335450769606646
402390,Hyperdrive Massacre,2015-10-12,False,9.99,False,0,34BigThings srl,"34BigThings srl, Digital Tribe","Action, Casual, Indie","Single-player, Multi-player, PvP, Shared/Split Screen PvP, Co-op, Shared/Split Screen Co-op, Shared/Split Screen, Steam Achievements, Full controller support, Steam Cloud, Remote Play on TV, Remote Play Together, Family Sharing","Action, Indie, Local Multiplayer, Arcade, Casual, Arena Shooter, Space, 4 Player Local, Shooter, Local Co-Op",True,True,True,0,202,170,"500,000 .. 1,000,000",239,0,250,0,0,1,34,2015,10,750000.0,False,2.39698576841553,-0.14184925043885277,-0.3192133975020353,-0.09984655995698968,-0.07926280297098239,-0.5615191989877737,Action,372,0.543010752688172
312530,Duck Game,2015-06-04,False,12.99,False,0,Landon Podbielski,CORPTRON GAMES CORP.,"Action, Indie","Single-player, Multi-player, PvP, Online PvP, LAN PvP, Shared/Split Screen PvP, Shared/Split Screen, Steam Achievements, Full controller support, Steam Trading Cards, Steam Workshop, Steam Cloud, Includes level editor, Remote Play on Phone, Remote Play on Tablet, Remote Play on TV, Remote Play Together, Family Sharing","Multiplayer, Funny, Local Multiplayer, Pixel Graphics, Action, 2D, 4 Player Local, Platformer, Indie, Fast-Paced",True,False,False,25183,37172,1304,"2,000,000 .. 5,000,000",948,37,256,112,0,0,18,2015,6,3500000.0,False,2.63834278867739,0.03510796069979291,-0.10561417646742088,-0.14209042723478343,-0.2044843565962743,-0.5615191989877737,Action,38476,0.9661087431125897
886250,Vegas Infinite by PokerStars,2023-11-10,False,0.0,True,0,Lucky VR Inc.,The Stars Group Inc.,"Casual, Strategy, Free To Play","Multi-player, PvP, Online PvP, Cross-Platform Multiplayer, Steam Achievements, Tracked Controller Support, VR Supported, In-App Purchases","Free to Play, VR, Casual, Strategy, Gambling, Card Game, Multiplayer, Sexual Content",True,False,False,0,5700,1442,"200,000 .. 500,000",370,0,82,171,0,0,25,2023,11,350000.0,True,0.0,-0.14184925043885277,-0.2797472508792786,-0.14209042723478343,-0.14969992688520908,1.2687996796404697,Casual,7142,0.7980957714925792
99700,NightSky,2011-03-01,False,9.99,False,0,"Nicalis, Inc.","Nicalis, Inc.","Casual, Indie, Strategy","Single-player, Family Sharing","Puzzle-Platformer, Indie, Platformer, Casual, Puzzle, Physics, Atmospheric, Strategy, 2D, Short",True,True,True,316,892,115,"200,000 .. 500,000",98,0,42,0,0,0,22,2011,3,350000.0,False,2.39698576841553,-0.1396287652417034,-0.361692227073094,-0.14209042723478343,-0.17317896818995132,-1.4766786383018953,Casual,1007,0.8857994041708044
428550,Momodora: Reverie Under The Moonlight,2016-03-04,False,9.99,False,0,Bombservice,PLAYISM,"Action, Adventure, Indie","Single-player, Steam Achievements, Full controller support, Steam Trading Cards, Steam Cloud, Remote Play on TV, Family Sharing","Metroidvania, 2D Platformer, Side Scroller, Exploration, Pixel Graphics, Female Protagonist, Souls-like, Spectacle fighter, 2D, Difficult",True,True,True,10209,10506,742,"200,000 .. 500,000",234,0,252,5,0,1,9,2016,3,350000.0,False,2.39698576841553,-0.07011211949677144,-0.32071973897618633,-0.09984655995698968,-0.274921480510501,-0.33272933915924324,Action,11248,0.9340327169274538
515220,F1™ 2017,2017-08-24,False,0.0,False,0,"Codemasters, Feral Interactive (Mac), Feral Interactive (Linux)","Codemasters, Feral Interactive (Mac), Feral Interactive (Linux), Electronic Arts","Racing, Simulation, Sports","Single-player, Multi-player, Steam Achievements, Full controller support, Steam Workshop, Steam Cloud, Steam Leaderboards, Remote Play on TV, Family Sharing","Racing, Automobile Sim, Sports, Simulation, Multiplayer, Driving, Realistic, Singleplayer, Co-op, Action",True,True,True,3673,5194,754,"200,000 .. 500,000",2185,0,1917,25,0,0,50,2017,8,350000.0,True,0.0,-0.11603962344793645,0.2670547042375411,-0.14209042723478343,0.04595875065430953,-0.10393947933071283,Racing,5948,0.8732347007397444
1619450,Heart of a Warrior,2022-02-01,False,10.99,False,0,Techworld Communication,Techworld Communication ,"Action, Adventure, Indie, RPG","Single-player, Family Sharing","Action, Adventure, Action RPG, Action-Adventure, 3D Platformer, FPS, Souls-like, Third-Person Shooter, 3D, First-Person",True,False,False,0,0,1,"2,000,000 .. 5,000,000",0,0,0,0,0,0,0,2022,2,3500000.0,False,2.4840729690394228,-0.14184925043885277,-0.39121651996645396,-0.14209042723478343,-0.3453586044247277,1.0400098198119392,Action,1,0.0
518580,Accounting (Legacy),2016-10-18,False,0.0,True,0,"Crows Crows Crows, Squanch Games",Crows Crows Crows,"Adventure, Indie","Single-player, Tracked Controller Support, VR Only","Indie, VR, Adventure, Comedy, Free to Play, Dark Humor, Funny, Horror, Singleplayer",True,False,False,0,2340,181,"200,000 .. 500,000",37,0,32,0,0,0,0,2016,10,350000.0,True,0.0,-0.14184925043885277,-0.3800695930577364,-0.14209042723478343,-0.3453586044247277,-0.33272933915924324,Adventure,2521,0.9282030940103134
502090,Invisible Mind,2016-08-10,False,4.99,False,0,VGstudio,VGstudio,"Adventure, Indie","Single-player, Steam Trading Cards, Family Sharing","Indie, Adventure",True,False,False,0,351,100,"200,000 .. 500,000",619,0,397,0,0,0,0,2016,8,350000.0,False,1.7900914121273581,-0.14184925043885277,-0.2047314454665579,-0.14209042723478343,-0.3453586044247277,-0.33272933915924324,Adventure,451,0.7782705099778271
533300,Zup!,2016-10-04,False,1.99,False,0,Quiet River,Quiet River,"Casual, Indie","Single-player, Steam Achievements, Steam Trading Cards, Steam Cloud, Family Sharing","Puzzle, Casual, Indie, Fast-Paced, 2D, Physics, Short, Relaxing, Minimalist, Puzzle-Platformer",True,False,False,8257,7755,464,"200,000 .. 500,000",138,0,109,2,0,1,118,2016,10,350000.0,False,1.095273387402595,-0.08382853438549147,-0.34964149527988586,-0.09984655995698968,0.5781503535618002,-0.33272933915924324,Casual,8219,0.9435454434846088
2870,X Rebirth,2013-11-15,False,29.99,False,0,Egosoft,Egosoft,"Action, Simulation","Single-player, Steam Achievements, Full controller support, Steam Trading Cards, Captions available, Steam Workshop, Steam Cloud, Family Sharing","Simulation, Space, Sci-fi, Action, Space Sim, Sandbox, Singleplayer, Open World, Economy, Trading",True,True,True,5147,3166,4102,"500,000 .. 1,000,000",1094,0,384,7,0,7,69,2013,11,750000.0,False,3.433664571799657,-0.10568204376249929,-0.06162900542221115,0.15361664370977285,0.1946593455843437,-1.0190989186448345,Action,7268,0.43560814529444136
1606340,Conquest of Elysium 5,2021-08-17,False,29.99,False,0,Illwinter Game Design,Illwinter Game Design,"Indie, Strategy","Single-player, Multi-player, PvP, Online PvP, LAN PvP, Shared/Split Screen PvP, Co-op, Online Co-op, LAN Co-op, Shared/Split Screen Co-op, Shared/Split Screen, Cross-Platform Multiplayer, Steam Workshop, Remote Play Together, Family Sharing","Turn-Based Strategy, Strategy, Fantasy, 4X, Magic, Rogue-like, Exploration, Medieval, Moddable, Rogue-lite",True,True,True,1597,955,110,"200,000 .. 500,000",4713,0,2728,169,0,0,0,2021,8,350000.0,False,3.433664571799657,-0.1306273679709809,1.0286609535682958,-0.14209042723478343,-0.3453586044247277,0.8112199599834088,Indie,1065,0.8967136150234741
296470,Mount Your Friends,2014-07-29,False,4.99,False,0,Stegersaurus Software Inc.,Stegersaurus Software Inc.,"Indie, Simulation, Sports","Single-player, Multi-player, PvP, Online PvP, Shared/Split Screen PvP, Shared/Split Screen, Steam Achievements, Steam Trading Cards, Partial Controller Support, Steam Leaderboards, Remote Play on Phone, Remote Play on Tablet, Remote Play Together, Family Sharing","Funny, Comedy, Multiplayer, Sports, Indie, Physics, Local Multiplayer, Simulation, Competitive, Sexual Content",True,False,False,5134,7327,366,"500,000 .. 1,000,000",186,0,141,1,0,0,8,2014,7,750000.0,False,1.7900914121273581,-0.10577339283706556,-0.3351806171280361,-0.14209042723478343,-0.2827478276120818,-0.7903090588163041,Indie,7693,0.9524242818146367
291010,The Hat Man: Shadow Ward,2016-06-10,False,9.99,False,0,Game Mechanics LLC,Game Mechanics LLC,"Action, Adventure, Indie","Single-player, Steam Achievements, Steam Trading Cards, Captions available, Family Sharing","Horror, Indie, First-Person, Adventure, Atmospheric, Action, Singleplayer, Walking Simulator, Survival Horror, Anime",True,True,False,2823,2177,1149,"200,000 .. 500,000",134,0,128,0,0,0,11,2016,6,350000.0,False,2.39698576841553,-0.1220124475541926,-0.3508465684592067,-0.14209042723478343,-0.2592687863073395,-0.33272933915924324,Action,3326,0.6545399879735417
410110,12 is Better Than 6,2015-11-20,False,1.99,False,80,Ink Stains Games,HypeTrain Digital,"Action, Indie","Single-player, Steam Achievements, Full controller support, Steam Trading Cards, Steam Leaderboards, Family Sharing","Action, Shooter, Western, Top-Down Shooter, Singleplayer, Indie, Hand-drawn, 2D, Violent, Atmospheric",True,True,True,4278,6152,1217,"1,000,000 .. 2,000,000",226,0,181,9,0,2,46,2015,11,1500000.0,False,1.095273387402595,-0.11178837805466,-0.32312988533482795,-0.05760269267919593,0.014653362247986548,-0.5615191989877737,Action,7369,0.8348486904600353
341310,Greyfox RPG,2015-02-23,False,1.99,False,0,Lesley Dodd,Senpai Industrial Studios,"Adventure, Indie, RPG","Single-player, Steam Achievements, Full controller support, Steam Trading Cards, Steam Cloud, Family Sharing","RPGMaker, Adventure, Indie, Anime, RPG, Singleplayer, Pixel Graphics, Female Protagonist, 2D, Casual",True,False,False,1724,1380,458,"500,000 .. 1,000,000",237,0,256,1,0,0,16,2015,2,750000.0,False,1.095273387402595,-0.12973495778098731,-0.3198159340916957,-0.14209042723478343,-0.2201370507994358,-0.5615191989877737,Adventure,1838,0.750816104461371
1310740,MORTARMEN,2024-05-03,False,9.99,False,0,Crouch Jump Interactive,Crouch Jump Interactive,"Action, Early Access","Multi-player, PvP, Online PvP, LAN PvP, Family Sharing","Action, Tactical, Shooter, First-Person, Multiplayer, Third-Person Shooter, Strategy, Third Person, Realistic, PvP",True,False,False,0,10,0,"200,000 .. 500,000",0,0,0,0,0,0,0,2024,5,350000.0,False,2.39698576841553,-0.14184925043885277,-0.39121651996645396,-0.14209042723478343,-0.3453586044247277,1.497589539469,Action,10,1.0
3297010,Futon and Rocket Launcher,2025-02-09,False,3.99,False,0,EXO Games,EXO Games,"Action, Casual, Indie","Single-player, Steam Achievements, Steam Leaderboards, Family Sharing","Action, Casual, Physics, FPS, 3D, Shooter, Score Attack, Post-apocalyptic, Cute, Stylized",True,False,False,0,20,0,"200,000 .. 500,000",0,0,0,0,0,0,8,2025,2,350000.0,False,1.6074359097634274,-0.14184925043885277,-0.39121651996645396,-0.14209042723478343,-0.2827478276120818,1.7263793992975305,Action,20,1.0
342620,It came from space and ate our brains,2015-03-19,False,9.99,False,0,Triangle Studios,Triangle Studios,"Action, Casual, Indie","Single-player, Multi-player, Co-op, Shared/Split Screen Co-op, Shared/Split Screen, Steam Achievements, Full controller support, Steam Trading Cards, Steam Cloud, Remote Play Together, Family Sharing","Top-Down Shooter, Twin Stick Shooter, Shooter, Survival, Arcade, Top-Down, Local Co-Op, 4 Player Local, Minimalist, Split Screen",True,False,False,167,411,104,"200,000 .. 500,000",387,0,382,1,0,1,57,2015,3,350000.0,False,2.39698576841553,-0.14067576617327066,-0.2746256898671651,-0.09984655995698968,0.10074318036537475,-0.5615191989877737,Action,515,0.7980582524271844
427270,Orcs Must Die! Unchained,2017-04-19,False,0.0,False,0,Robot Entertainment,Robot Entertainment,"Action, Free To Play, Strategy","Single-player, Multi-player, Co-op, Steam Achievements, In-App Purchases, Partial Controller Support, Family Sharing","Free to Play, Tower Defense, Multiplayer, Co-op, Action, Strategy, MOBA, PvE, Survival, Fantasy",True,False,False,152,4205,1915,"1,000,000 .. 2,000,000",225,0,85,2,0,0,132,2017,4,1500000.0,True,0.0,-0.14078116895161635,-0.32343115362965813,-0.14209042723478343,0.6877192129839306,-0.10393947933071283,Action,6120,0.6870915032679739
8140,Tomb Raider: Underworld,2008-11-21,False,8.99,False,0,Crystal Dynamics,Crystal Dynamics,"Action, Adventure","Single-player, Full controller support, Family Sharing","Adventure, Action, Female Protagonist, Third Person, Puzzle, Singleplayer, Platformer, Action-Adventure, Exploration, Shooter",True,False,False,5975,4748,1438,"500,000 .. 1,000,000",398,1881,64,19,13,0,0,2008,11,750000.0,False,2.301584592660462,-0.09986381039781682,-0.2713117386240329,-0.14209042723478343,-0.3453586044247277,-2.1630482177874866,Action,6186,0.767539605560944
646910,The Crew™ 2,2018-06-28,False,29.99,False,0,Ivory Tower,Ubisoft,"Action, Massively Multiplayer, Racing","Single-player, Multi-player, MMO, PvP, Online PvP, Co-op, Online Co-op, Steam Achievements, Captions available, In-App Purchases, Partial Controller Support, Remote Play on Phone, Remote Play on Tablet","Racing, Open World, Automobile Sim, Multiplayer, Driving, Massively Multiplayer, Action, Flight, Co-op, Singleplayer",True,False,False,85471,72724,21141,"2,000,000 .. 5,000,000",1839,309,327,873,0,3,34,2018,6,3500000.0,False,3.433664571799657,0.4587428074268179,0.1628158742262906,-0.015358825401402173,-0.07926280297098239,0.12485038049781758,Action,93865,0.7747722793373462
292140,FINAL FANTASY® XIII-2,2014-12-11,False,19.99,False,0,Square Enix,Square Enix,RPG,"Single-player, Steam Achievements, Steam Trading Cards, Adjustable Text Size, Adjustable Difficulty, Save Anytime, Stereo Sound, Surround Sound, Partial Controller Support, Steam Cloud, Family Sharing","JRPG, RPG, Fantasy, Female Protagonist, Singleplayer, Great Soundtrack, Story Rich, Time Travel, Adventure, Anime",True,False,False,4931,3378,2370,"200,000 .. 500,000",640,0,318,54,13,2,31,2014,12,350000.0,False,3.0440461338325417,-0.10719984377067733,-0.1984048112751236,-0.05760269267919593,-0.10274184427572462,-0.7903090588163041,RPG,5748,0.5876826722338204
235720,Cubetractor,2013-05-29,False,4.99,False,0,Ludochip,Ludochip,"Action, Indie, Strategy","Single-player, Steam Achievements, Partial Controller Support, Steam Cloud, Steam Leaderboards, Family Sharing","Indie, Strategy, Action, Puzzle, Tower Defense, Pixel Graphics, Singleplayer",True,True,False,0,360,122,"200,000 .. 500,000",75,0,75,0,0,0,13,2013,5,350000.0,False,1.7900914121273581,-0.14184925043885277,-0.3686213978541887,-0.14209042723478343,-0.24361609210417803,-1.0190989186448345,Action,482,0.7468879668049793
2109460,VillageRhapsody,2023-04-26,False,2.99,False,0,YooGame,YooGame,"Casual, Indie, RPG, Simulation","Single-player, Steam Achievements, Steam Cloud, Family Sharing","Sexual Content, Nudity, Mature, Hentai, RPG, Farming Sim, Casual, Simulation, Dating Sim, Life Sim",True,False,False,15885,11177,392,"500,000 .. 1,000,000",423,0,415,112,0,0,32,2023,4,750000.0,False,1.3837912309017721,-0.03022770817075974,-0.2637800312532778,-0.14209042723478343,-0.09491549717414388,1.2687996796404697,Casual,11569,0.9661163454058259
263680,Unearthed: Trail of Ibn Battuta - Episode 1 - Gold Edition,2014-01-03,False,4.99,False,0,Semaphore,Semaphore,"Action, Adventure","Single-player, Steam Achievements, Full controller support, Steam Trading Cards, Steam Cloud, Steam Leaderboards, Family Sharing","Action-Adventure, Third-Person Shooter, Mystery, Cinematic, 3D Platformer, Platformer, Shooter, Exploration, Walking Simulator, Female Protagonist",True,True,False,480,445,382,"200,000 .. 500,000",78,0,85,0,0,0,7,2014,1,350000.0,False,1.7900914121273581,-0.13847636153179047,-0.3677175929696981,-0.14209042723478343,-0.2905741747136625,-0.7903090588163041,Action,827,0.5380894800483675
1149620,Gas Station Simulator,2021-09-15,False,9.99,False,50,DRAGO entertainment,"DRAGO entertainment, Shochiku","Casual, Indie, Simulation","Single-player, Steam Achievements, Full controller support, Steam Trading Cards, Steam Cloud, Family Sharing","Simulation, Economy, Building, Singleplayer, Management, Casual, Base-Building, First-Person, Open World, Realistic",True,True,False,23395,22007,3036,"500,000 .. 1,000,000",688,425,602,958,0,8,101,2021,9,750000.0,False,2.39698576841553,0.022543949520985842,-0.18394393312327384,0.19586051098756663,0.4451024528349275,0.8112199599834088,Casual,25043,0.8787685181487841
320,Half-Life 2: Deathmatch,2004-11-01,False,0.0,False,0,Valve,Valve,Action,"Multi-player, Custom Volume Controls, Playable without Timed Input, Stereo Sound, Surround Sound, Valve Anti-Cheat enabled, Includes Source SDK, Family Sharing","Action, FPS, Multiplayer, Shooter, First-Person, Sci-fi, Physics, Competitive, Funny, Co-op",True,False,True,10064,12962,1334,"10,000,000 .. 20,000,000",316,30,34,159,0,0,0,2004,11,15000000.0,True,0.0,-0.07113101302077984,-0.2960157388001096,-0.14209042723478343,-0.3453586044247277,-3.078207657101608,Action,14296,0.9066871852266368
229480,Dungeons & Dragons: Chronicles of Mystara,2013-06-18,False,14.99,False,0,Iron Galaxy Studios,Capcom,"Action, Adventure, RPG","Single-player, Multi-player, Co-op, Shared/Split Screen, Steam Achievements, Full controller support, Steam Leaderboards, Remote Play Together, Family Sharing","Beat 'em up, Arcade, Action, RPG, Online Co-Op, Local Co-Op, Dungeons & Dragons, Adventure, Side Scroller, Classic",True,False,False,1474,1488,339,"500,000 .. 1,000,000",114,0,100,4,0,0,24,2013,6,750000.0,False,2.771963526845863,-0.1314916707534156,-0.35687193435581077,-0.14209042723478343,-0.15752627398678984,-1.0190989186448345,Action,1827,0.8144499178981938
494840,UBOAT,2024-08-02,False,8.39,False,72,Deep Water Studio,PlayWay S.A.,"Action, Indie, RPG, Simulation, Strategy","Single-player, Steam Achievements, Steam Workshop, Steam Workshop, Steam Cloud, Family Sharing","Simulation, World War II, Submarine, Naval Combat, Military, Naval, War, Singleplayer, Open World, Realistic",True,False,False,24187,19746,3742,"500,000 .. 1,000,000",2229,0,720,633,0,2,51,2024,8,750000.0,False,2.2396452932201716,0.02810921621763864,0.28031050921007,-0.05760269267919593,0.05378509775589027,1.497589539469,Action,23488,0.8406846049046321
820520,Deceive Inc.,2023-03-21,False,19.99,False,0,Sweet Bandits Studios,Tripwire Presents,"Action, Indie, Strategy","Multi-player, PvP, Online PvP, Co-op, Online Co-op, Cross-Platform Multiplayer, Steam Achievements, Full controller support, In-App Purchases, Family Sharing","Social Deduction, Heist, Battle Royale, Hero Shooter, Extraction Shooter, PvP, PvE, Shooter, First-Person, Female Protagonist",True,False,False,4715,6236,1392,"200,000 .. 500,000",844,0,242,7,0,3,36,2023,3,350000.0,False,3.0440461338325417,-0.10871764377885536,-0.13694607912976206,-0.015358825401402173,-0.0636101087678209,1.2687996796404697,Action,7628,0.8175144205558469
363150,Romance of the Three Kingdoms XIII,2016-01-27,False,59.99,False,0,"KOEI TECMO GAMES CO., LTD.","KOEI TECMO GAMES CO., LTD.",Simulation,"Single-player, Steam Cloud, Family Sharing","Turn-Based Tactics, Wargame, Immersive Sim, Military, Diplomacy, War, RTS, Grand Strategy, Turn-Based Strategy, Character Customization",True,False,False,5756,4203,3132,"200,000 .. 500,000",12393,555,4877,501,0,37,0,2016,1,350000.0,False,4.110709916308365,-0.101402690961664,3.3424014578642605,1.4209326620435854,-0.3453586044247277,-0.33272933915924324,Simulation,7335,0.5730061349693252
847370,Sunset Overdrive,2018-11-16,False,4.99,False,75,"Insomniac Games, Blind Squirrel Games",Xbox Game Studios,"Action, Adventure","Single-player, Steam Achievements, Full controller support, Steam Trading Cards, Steam Cloud, Remote Play on TV, Family Sharing","Open World, Action, Parkour, Character Customization, Third-Person Shooter, Funny, Adventure, Comedy, Singleplayer, Violent",True,False,False,11723,11638,1261,"500,000 .. 1,000,000",534,305,214,73,0,0,80,2018,11,750000.0,False,1.7900914121273581,-0.05947346573574577,-0.2303392505271252,-0.14209042723478343,0.28074916370173186,0.12485038049781758,Action,12899,0.9022404837584309
295790,Never Alone (Kisima Ingitchuna),2014-11-18,False,14.99,False,0,"Upper One Games, E-Line Media",E-Line Media,"Action, Adventure, Casual, Indie","Single-player, Multi-player, Co-op, Shared/Split Screen Co-op, Shared/Split Screen, Steam Achievements, Full controller support, Steam Trading Cards, Steam Cloud, Remote Play Together, Family Sharing","Indie, Local Co-Op, Platformer, Atmospheric, Female Protagonist, Adventure, Story Rich, Puzzle, Local Multiplayer, Cute",True,True,True,5779,6833,1626,"500,000 .. 1,000,000",250,0,215,4,0,2,19,2014,11,750000.0,False,2.771963526845863,-0.1012410733682006,-0.31589944625890304,-0.05760269267919593,-0.19665800949469356,-0.7903090588163041,Action,8459,0.8077786972455373
225020,Tomb Raider VI: The Angel of Darkness (2003),2012-11-28,False,6.99,False,0,Core Design,Crystal Dynamics,Action,"Single-player, Family Sharing","Action, Adventure, Female Protagonist, Third Person, Action-Adventure, Singleplayer, Platformer, Classic, Atmospheric, Third-Person Shooter",True,False,False,1439,978,621,"200,000 .. 500,000",510,0,145,1,13,0,0,2012,11,350000.0,False,2.0781907597781832,-0.13173761056955557,-0.23756968960305008,-0.14209042723478343,-0.3453586044247277,-1.247888778473365,Action,1599,0.6116322701688556
342480,Gunscape,2016-03-01,False,19.99,False,0,Blowfish Studios,Blowfish Studios,"Action, Indie","Single-player, Multi-player, Co-op, Shared/Split Screen, Cross-Platform Multiplayer, Steam Achievements, Partial Controller Support, Includes level editor, Remote Play Together, Family Sharing","Action, Indie, Multiplayer, FPS, Shooter, Free to Play, Sandbox, Building, Open World, First-Person",True,True,True,0,828,421,"200,000 .. 500,000",43,0,20,0,0,2,42,2016,3,350000.0,False,3.0440461338325417,-0.14184925043885277,-0.3782619832887552,-0.05760269267919593,-0.01665202615833643,-0.33272933915924324,Action,1249,0.6629303442754203
32510,LEGO® Star Wars™ III - The Clone Wars™,2011-03-22,False,19.99,False,0,Traveller's Tales,"LucasArts, Lucasfilm, Disney","Action, Adventure","Single-player, Multi-player, Co-op, Shared/Split Screen Co-op, Shared/Split Screen, Full controller support, Steam Cloud, Remote Play on Phone, Remote Play on Tablet, Remote Play Together, Family Sharing","LEGO, Action, Adventure, Local Co-Op, Multiplayer, Family Friendly, Co-op, Comedy, Funny, Fantasy",True,False,False,6990,8031,450,"500,000 .. 1,000,000",696,0,506,160,0,0,0,2011,3,750000.0,False,3.0440461338325417,-0.092731555729758,-0.18153378676463222,-0.14209042723478343,-0.3453586044247277,-1.4766786383018953,Action,8481,0.9469402193137602
34030,Total War: NAPOLEON – Definitive Edition,2010-02-25,False,4.99,False,80,"CREATIVE ASSEMBLY, Feral Interactive (Mac)","SEGA, Feral Interactive (Mac)",Strategy,"Single-player, Multi-player, Steam Achievements, Steam Trading Cards, Camera Comfort, Custom Volume Controls, Adjustable Difficulty, Playable without Timed Input, Save Anytime, Stereo Sound, Stats, Family Sharing","Strategy, Historical, Grand Strategy, War, Turn-Based Strategy, RTS, Multiplayer, Tactical, Military, Singleplayer",True,True,False,17430,23179,2186,"1,000,000 .. 2,000,000",1635,0,312,929,0,0,71,2010,2,1500000.0,False,1.7900914121273581,-0.01937122200115296,0.10135714208092904,-0.14209042723478343,0.21031203978750518,-1.7054684981304258,Strategy,25365,0.9138182534989159
1177980,"Little Kitty, Big City",2024-05-09,False,24.99,False,0,Double Dagger Studio,Double Dagger Studio,"Adventure, Casual, Indie, Simulation","Single-player, Steam Achievements, Full controller support, Steam Trading Cards, Adjustable Text Size, Camera Comfort, Custom Volume Controls, Playable without Timed Input, Save Anytime, Stereo Sound, Surround Sound, Steam Cloud, Family Sharing","Cats, Cute, Wholesome, Exploration, Cozy, Family Friendly, Sandbox, Comedy, Funny, Simulation",True,False,False,9936,10408,377,"200,000 .. 500,000",296,0,322,74,0,1,39,2024,5,350000.0,False,3.2577118486533987,-0.07203045006266313,-0.3020411046967137,-0.09984655995698968,-0.040131067463078665,1.497589539469,Adventure,10785,0.9650440426518313
32500,STAR WARS™: The Force Unleashed™ II,2010-10-26,False,19.99,False,0,Aspyr Studios,"LucasArts, Lucasfilm, Disney",Action,"Single-player, Partial Controller Support, Steam Cloud, Family Sharing","Action, Singleplayer, Hack and Slash, Third Person, Sci-fi, Adventure, Controller, Story Rich, Fantasy, Space",True,False,False,5640,4692,2696,"1,000,000 .. 2,000,000",202,0,155,43,0,0,0,2010,10,1500000.0,False,3.0440461338325417,-0.10221780578087072,-0.3303603244107528,-0.14209042723478343,-0.3453586044247277,-1.7054684981304258,Action,7388,0.6350839198700595
325420,Homebrew - Patent Unknown,2014-11-14,False,14.99,False,0,Copybugpaste,Copybugpaste,"Action, Adventure, Indie, Racing, Simulation, Sports, Early Access","Single-player, Multi-player, PvP, Online PvP, Partial Controller Support, Family Sharing","Early Access, Choose Your Own Adventure, Exploration, Immersive Sim, Racing, Design & Illustration, Sandbox, Driving, Education, PvP",True,False,False,829,706,262,"200,000 .. 500,000",362,0,358,0,0,0,0,2014,11,350000.0,False,2.771963526845863,-0.13602399022228057,-0.2821573972379202,-0.14209042723478343,-0.3453586044247277,-0.7903090588163041,Action,968,0.7293388429752066
1590910,Forgive Me Father,2022-04-07,False,19.99,False,0,Byte Barrel,Fulqrum Publishing,"Action, Indie","Single-player, Steam Achievements, Full controller support, Steam Trading Cards, Steam Cloud, Family Sharing","FPS, Boomer Shooter, Lovecraftian, Action, Shooter, Retro, First-Person, Indie, 3D, Stylized",True,False,False,3350,4083,742,"500,000 .. 1,000,000",204,0,106,61,0,1,20,2022,4,750000.0,False,3.0440461338325417,-0.11830929660831378,-0.32975778782109244,-0.09984655995698968,-0.18883166239311283,1.0400098198119392,Action,4825,0.8462176165803109
1693970,PARTY RUSH!!,2022-03-23,False,9.99,False,0,SECHAN,HIKE Inc.,"Adventure, Casual, Indie, RPG","Single-player, Steam Achievements, Family Sharing","Female Protagonist, RPG, Party-Based RPG, Pixel Graphics, Cute, 2D, Adventure, Casual, Turn-Based Strategy, Strategy",True,False,False,0,12,6,"200,000 .. 500,000",0,0,0,0,0,1,15,2022,3,350000.0,False,2.39698576841553,-0.14184925043885277,-0.39121651996645396,-0.09984655995698968,-0.22796339790101655,1.0400098198119392,Adventure,18,0.6666666666666666
1225330,NBA 2K21,2020-09-04,False,0.0,False,0,Visual Concepts,2K,"Simulation, Sports","Single-player, Multi-player, PvP, Online PvP, Shared/Split Screen PvP, Co-op, Online Co-op, Shared/Split Screen Co-op, Shared/Split Screen, Steam Achievements, Full controller support, In-App Purchases, Steam Cloud, Remote Play on Tablet, Remote Play Together, Family Sharing","Basketball, Sports, Simulation, Character Customization, Realistic, Multiplayer, Action, Third Person, Team-Based, 3D",True,False,False,28213,16233,22823,"1,000,000 .. 2,000,000",6563,0,4090,148,0,0,50,2020,9,1500000.0,True,0.0,0.056399321925623684,1.5860072990041727,-0.14209042723478343,0.04595875065430953,0.5824301001548784,Simulation,39056,0.41563396149119214
764030,Realm Revolutions,2018-01-05,False,0.0,True,0,Aleksandr Golovkin,Aleksandr Golovkin,Free To Play,"Single-player, In-App Purchases","Free to Play, Clicker, Casual, Singleplayer, Idler",True,False,False,0,273,95,"200,000 .. 500,000",20080,0,4114,57,0,0,0,2018,1,350000.0,True,0.0,-0.14184925043885277,5.658250840224036,-0.14209042723478343,-0.3453586044247277,0.12485038049781758,Other,368,0.7418478260869565
444200,World of Tanks Blitz,2016-11-09,False,0.0,True,0,Wargaming Group Limited,Wargaming Group Limited,"Action, Massively Multiplayer, Simulation, Strategy, Free To Play","Multi-player, MMO, PvP, Online PvP, Co-op, Online Co-op, Cross-Platform Multiplayer, Steam Trading Cards, In-App Purchases, Camera Comfort, Color Alternatives, Custom Volume Controls, Save Anytime, Stereo Sound, Touch Only Option","Tanks, Free to Play, Shooter, Action, FPS, Multiplayer, Strategy, Massively Multiplayer, PvP, World War II",True,True,False,927,116407,31754,"10,000,000 .. 20,000,000",9782,254,180,5707,0,15,0,2016,11,15000000.0,True,0.0,-0.13533535873708868,2.5557899400625987,0.4915675819321229,-0.3453586044247277,-0.33272933915924324,Action,148161,0.7856790923387396
